Robust,Regularize,Alpha,Upper Bound,Trial Number,TS Filename,Solution Filename,Xdim,Ydim,Formula,Agents,Classes,Caps per Agent,Run Time (s),Linear Constraints,Variables,Objective Value,Robustness,Normalized Travel Time
False,False,0.5,False,2,"../TransitionSystems/IJRR_Classes/TS_[5, 5]_4_5_2_2.yaml","../OutputFiles/IJRR_Classes/Solution_(False, False, 0.5, False)_[5, 5]_4_5_2_2",5,5,"F[0, 20] T(1, green {(IR, 2), (Vis, 2)}) &&  G[20,40] F[0,10] T(1, blue, {(UV, 1), (Mo, 2)}) && F[5,25] T(2,yellow,{(UV,2),(Vis,2)}) && F[3,18] T(2,orange,{(Vis,2)}) && F[20,30] T(2,orange,{(Vis,2)})",20,5,2,2.4204490184783936,18670,33632,0.0,-0.0,0.16029411764705884
True,False,0.5,False,2,"../TransitionSystems/IJRR_Classes/TS_[5, 5]_4_5_2_2.yaml","../OutputFiles/IJRR_Classes/Solution_(True, False, 0.5, False)_[5, 5]_4_5_2_2",5,5,"F[0, 20] T(1, green {(IR, 2), (Vis, 2)}) &&  G[20,40] F[0,10] T(1, blue, {(UV, 1), (Mo, 2)}) && F[5,25] T(2,yellow,{(UV,2),(Vis,2)}) && F[3,18] T(2,orange,{(Vis,2)}) && F[20,30] T(2,orange,{(Vis,2)})",20,5,2,49.85487508773804,18670,33632,-2.0,2.0,0.28970588235294115
False,False,0.5,False,4,"../TransitionSystems/IJRR_Classes/TS_[5, 5]_4_5_2_4.yaml","../OutputFiles/IJRR_Classes/Solution_(False, False, 0.5, False)_[5, 5]_4_5_2_4",5,5,"F[0, 20] T(1, green {(IR, 2), (Vis, 2)}) &&  G[20,40] F[0,10] T(1, blue, {(UV, 1), (Mo, 2)}) && F[5,25] T(2,yellow,{(UV,2),(Vis,2)}) && F[3,18] T(2,orange,{(Vis,2)}) && F[20,30] T(2,orange,{(Vis,2)})",20,5,2,3.9568800926208496,21603,40573,0.0,-0.0,0.16568627450980392
True,False,0.5,False,4,"../TransitionSystems/IJRR_Classes/TS_[5, 5]_4_5_2_4.yaml","../OutputFiles/IJRR_Classes/Solution_(True, False, 0.5, False)_[5, 5]_4_5_2_4",5,5,"F[0, 20] T(1, green {(IR, 2), (Vis, 2)}) &&  G[20,40] F[0,10] T(1, blue, {(UV, 1), (Mo, 2)}) && F[5,25] T(2,yellow,{(UV,2),(Vis,2)}) && F[3,18] T(2,orange,{(Vis,2)}) && F[20,30] T(2,orange,{(Vis,2)})",20,5,2,62.23404884338379,21603,40573,0.0,0.0,0.22745098039215683
False,False,0.5,False,5,"../TransitionSystems/IJRR_Classes/TS_[5, 5]_4_5_2_5.yaml","../OutputFiles/IJRR_Classes/Solution_(False, False, 0.5, False)_[5, 5]_4_5_2_5",5,5,"F[0, 20] T(1, green {(IR, 2), (Vis, 2)}) &&  G[20,40] F[0,10] T(1, blue, {(UV, 1), (Mo, 2)}) && F[5,25] T(2,yellow,{(UV,2),(Vis,2)}) && F[3,18] T(2,orange,{(Vis,2)}) && F[20,30] T(2,orange,{(Vis,2)})",20,5,2,1.5432109832763672,15935,26757,0.0,-0.0,0.1514705882352941
True,False,0.5,False,5,"../TransitionSystems/IJRR_Classes/TS_[5, 5]_4_5_2_5.yaml","../OutputFiles/IJRR_Classes/Solution_(True, False, 0.5, False)_[5, 5]_4_5_2_5",5,5,"F[0, 20] T(1, green {(IR, 2), (Vis, 2)}) &&  G[20,40] F[0,10] T(1, blue, {(UV, 1), (Mo, 2)}) && F[5,25] T(2,yellow,{(UV,2),(Vis,2)}) && F[3,18] T(2,orange,{(Vis,2)}) && F[20,30] T(2,orange,{(Vis,2)})",20,5,2,10.97657585144043,15935,26757,-1.0,1.0,0.1852941176470588
False,False,0.5,False,6,"../TransitionSystems/IJRR_Classes/TS_[5, 5]_4_5_2_6.yaml","../OutputFiles/IJRR_Classes/Solution_(False, False, 0.5, False)_[5, 5]_4_5_2_6",5,5,"F[0, 20] T(1, green {(IR, 2), (Vis, 2)}) &&  G[20,40] F[0,10] T(1, blue, {(UV, 1), (Mo, 2)}) && F[5,25] T(2,yellow,{(UV,2),(Vis,2)}) && F[3,18] T(2,orange,{(Vis,2)}) && F[20,30] T(2,orange,{(Vis,2)})",20,5,2,2.8596811294555664,21045,40387,0.0,-0.0,0.13137254901960782
True,False,0.5,False,6,"../TransitionSystems/IJRR_Classes/TS_[5, 5]_4_5_2_6.yaml","../OutputFiles/IJRR_Classes/Solution_(True, False, 0.5, False)_[5, 5]_4_5_2_6",5,5,"F[0, 20] T(1, green {(IR, 2), (Vis, 2)}) &&  G[20,40] F[0,10] T(1, blue, {(UV, 1), (Mo, 2)}) && F[5,25] T(2,yellow,{(UV,2),(Vis,2)}) && F[3,18] T(2,orange,{(Vis,2)}) && F[20,30] T(2,orange,{(Vis,2)})",20,5,2,67.49820899963379,21045,40387,-2.0,2.0,0.28823529411764703
False,False,0.5,False,7,"../TransitionSystems/IJRR_Classes/TS_[5, 5]_4_5_2_7.yaml","../OutputFiles/IJRR_Classes/Solution_(False, False, 0.5, False)_[5, 5]_4_5_2_7",5,5,"F[0, 20] T(1, green {(IR, 2), (Vis, 2)}) &&  G[20,40] F[0,10] T(1, blue, {(UV, 1), (Mo, 2)}) && F[5,25] T(2,yellow,{(UV,2),(Vis,2)}) && F[3,18] T(2,orange,{(Vis,2)}) && F[20,30] T(2,orange,{(Vis,2)})",20,5,2,4.140681982040405,21369,40495,0.0,-0.0,0.12696078431372548
True,False,0.5,False,7,"../TransitionSystems/IJRR_Classes/TS_[5, 5]_4_5_2_7.yaml","../OutputFiles/IJRR_Classes/Solution_(True, False, 0.5, False)_[5, 5]_4_5_2_7",5,5,"F[0, 20] T(1, green {(IR, 2), (Vis, 2)}) &&  G[20,40] F[0,10] T(1, blue, {(UV, 1), (Mo, 2)}) && F[5,25] T(2,yellow,{(UV,2),(Vis,2)}) && F[3,18] T(2,orange,{(Vis,2)}) && F[20,30] T(2,orange,{(Vis,2)})",20,5,2,30.726155996322632,21369,40495,0.0,0.0,0.21421568627450976
False,False,0.5,False,8,"../TransitionSystems/IJRR_Classes/TS_[5, 5]_4_5_2_8.yaml","../OutputFiles/IJRR_Classes/Solution_(False, False, 0.5, False)_[5, 5]_4_5_2_8",5,5,"F[0, 20] T(1, green {(IR, 2), (Vis, 2)}) &&  G[20,40] F[0,10] T(1, blue, {(UV, 1), (Mo, 2)}) && F[5,25] T(2,yellow,{(UV,2),(Vis,2)}) && F[3,18] T(2,orange,{(Vis,2)}) && F[20,30] T(2,orange,{(Vis,2)})",20,5,2,2.3734519481658936,20955,40357,0.0,0.0,0.1142156862745098
True,False,0.5,False,8,"../TransitionSystems/IJRR_Classes/TS_[5, 5]_4_5_2_8.yaml","../OutputFiles/IJRR_Classes/Solution_(True, False, 0.5, False)_[5, 5]_4_5_2_8",5,5,"F[0, 20] T(1, green {(IR, 2), (Vis, 2)}) &&  G[20,40] F[0,10] T(1, blue, {(UV, 1), (Mo, 2)}) && F[5,25] T(2,yellow,{(UV,2),(Vis,2)}) && F[3,18] T(2,orange,{(Vis,2)}) && F[20,30] T(2,orange,{(Vis,2)})",20,5,2,20.15970802307129,20955,40357,-2.0,2.0,0.24264705882352935
False,False,0.5,False,9,"../TransitionSystems/IJRR_Classes/TS_[5, 5]_4_5_2_9.yaml","../OutputFiles/IJRR_Classes/Solution_(False, False, 0.5, False)_[5, 5]_4_5_2_9",5,5,"F[0, 20] T(1, green {(IR, 2), (Vis, 2)}) &&  G[20,40] F[0,10] T(1, blue, {(UV, 1), (Mo, 2)}) && F[5,25] T(2,yellow,{(UV,2),(Vis,2)}) && F[3,18] T(2,orange,{(Vis,2)}) && F[20,30] T(2,orange,{(Vis,2)})",20,5,2,3.1633410453796387,18892,33706,0.0,-0.0,0.1514705882352941
True,False,0.5,False,9,"../TransitionSystems/IJRR_Classes/TS_[5, 5]_4_5_2_9.yaml","../OutputFiles/IJRR_Classes/Solution_(True, False, 0.5, False)_[5, 5]_4_5_2_9",5,5,"F[0, 20] T(1, green {(IR, 2), (Vis, 2)}) &&  G[20,40] F[0,10] T(1, blue, {(UV, 1), (Mo, 2)}) && F[5,25] T(2,yellow,{(UV,2),(Vis,2)}) && F[3,18] T(2,orange,{(Vis,2)}) && F[20,30] T(2,orange,{(Vis,2)})",20,5,2,18.61603808403015,18892,33706,0.0,0.0,0.2524509803921568
False,False,0.5,False,10,"../TransitionSystems/IJRR_Classes/TS_[5, 5]_4_5_2_10.yaml","../OutputFiles/IJRR_Classes/Solution_(False, False, 0.5, False)_[5, 5]_4_5_2_10",5,5,"F[0, 20] T(1, green {(IR, 2), (Vis, 2)}) &&  G[20,40] F[0,10] T(1, blue, {(UV, 1), (Mo, 2)}) && F[5,25] T(2,yellow,{(UV,2),(Vis,2)}) && F[3,18] T(2,orange,{(Vis,2)}) && F[20,30] T(2,orange,{(Vis,2)})",20,5,2,3.185894012451172,18904,33710,0.0,-0.0,0.14656862745098037
True,False,0.5,False,10,"../TransitionSystems/IJRR_Classes/TS_[5, 5]_4_5_2_10.yaml","../OutputFiles/IJRR_Classes/Solution_(True, False, 0.5, False)_[5, 5]_4_5_2_10",5,5,"F[0, 20] T(1, green {(IR, 2), (Vis, 2)}) &&  G[20,40] F[0,10] T(1, blue, {(UV, 1), (Mo, 2)}) && F[5,25] T(2,yellow,{(UV,2),(Vis,2)}) && F[3,18] T(2,orange,{(Vis,2)}) && F[20,30] T(2,orange,{(Vis,2)})",20,5,2,34.17632603645325,18904,33710,0.0,-0.0,0.1848039215686274
False,False,0.5,False,13,"../TransitionSystems/IJRR_Classes/TS_[5, 5]_4_5_2_13.yaml","../OutputFiles/IJRR_Classes/Solution_(False, False, 0.5, False)_[5, 5]_4_5_2_13",5,5,"F[0, 20] T(1, green {(IR, 2), (Vis, 2)}) &&  G[20,40] F[0,10] T(1, blue, {(UV, 1), (Mo, 2)}) && F[5,25] T(2,yellow,{(UV,2),(Vis,2)}) && F[3,18] T(2,orange,{(Vis,2)}) && F[20,30] T(2,orange,{(Vis,2)})",20,5,2,2.442383050918579,18520,33582,0.0,-0.0,0.11470588235294119
True,False,0.5,False,13,"../TransitionSystems/IJRR_Classes/TS_[5, 5]_4_5_2_13.yaml","../OutputFiles/IJRR_Classes/Solution_(True, False, 0.5, False)_[5, 5]_4_5_2_13",5,5,"F[0, 20] T(1, green {(IR, 2), (Vis, 2)}) &&  G[20,40] F[0,10] T(1, blue, {(UV, 1), (Mo, 2)}) && F[5,25] T(2,yellow,{(UV,2),(Vis,2)}) && F[3,18] T(2,orange,{(Vis,2)}) && F[20,30] T(2,orange,{(Vis,2)})",20,5,2,17.587182998657227,18520,33582,0.0,0.0,0.1730392156862745
False,False,0.5,False,14,"../TransitionSystems/IJRR_Classes/TS_[5, 5]_4_5_2_14.yaml","../OutputFiles/IJRR_Classes/Solution_(False, False, 0.5, False)_[5, 5]_4_5_2_14",5,5,"F[0, 20] T(1, green {(IR, 2), (Vis, 2)}) &&  G[20,40] F[0,10] T(1, blue, {(UV, 1), (Mo, 2)}) && F[5,25] T(2,yellow,{(UV,2),(Vis,2)}) && F[3,18] T(2,orange,{(Vis,2)}) && F[20,30] T(2,orange,{(Vis,2)})",20,5,2,1.7431628704071045,18382,33536,0.0,-0.0,0.1053921568627451
True,False,0.5,False,14,"../TransitionSystems/IJRR_Classes/TS_[5, 5]_4_5_2_14.yaml","../OutputFiles/IJRR_Classes/Solution_(True, False, 0.5, False)_[5, 5]_4_5_2_14",5,5,"F[0, 20] T(1, green {(IR, 2), (Vis, 2)}) &&  G[20,40] F[0,10] T(1, blue, {(UV, 1), (Mo, 2)}) && F[5,25] T(2,yellow,{(UV,2),(Vis,2)}) && F[3,18] T(2,orange,{(Vis,2)}) && F[20,30] T(2,orange,{(Vis,2)})",20,5,2,14.785377025604248,18382,33536,0.0,-0.0,0.242156862745098
False,False,0.5,False,19,"../TransitionSystems/IJRR_Classes/TS_[5, 5]_4_5_2_19.yaml","../OutputFiles/IJRR_Classes/Solution_(False, False, 0.5, False)_[5, 5]_4_5_2_19",5,5,"F[0, 20] T(1, green {(IR, 2), (Vis, 2)}) &&  G[20,40] F[0,10] T(1, blue, {(UV, 1), (Mo, 2)}) && F[5,25] T(2,yellow,{(UV,2),(Vis,2)}) && F[3,18] T(2,orange,{(Vis,2)}) && F[20,30] T(2,orange,{(Vis,2)})",20,5,2,2.5728838443756104,18766,33664,0.0,-0.0,0.14166666666666666
True,False,0.5,False,19,"../TransitionSystems/IJRR_Classes/TS_[5, 5]_4_5_2_19.yaml","../OutputFiles/IJRR_Classes/Solution_(True, False, 0.5, False)_[5, 5]_4_5_2_19",5,5,"F[0, 20] T(1, green {(IR, 2), (Vis, 2)}) &&  G[20,40] F[0,10] T(1, blue, {(UV, 1), (Mo, 2)}) && F[5,25] T(2,yellow,{(UV,2),(Vis,2)}) && F[3,18] T(2,orange,{(Vis,2)}) && F[20,30] T(2,orange,{(Vis,2)})",20,5,2,121.13153004646301,18766,33664,0.0,-0.0,0.22990196078431369
False,False,0.5,False,20,"../TransitionSystems/IJRR_Classes/TS_[5, 5]_4_5_2_20.yaml","../OutputFiles/IJRR_Classes/Solution_(False, False, 0.5, False)_[5, 5]_4_5_2_20",5,5,"F[0, 20] T(1, green {(IR, 2), (Vis, 2)}) &&  G[20,40] F[0,10] T(1, blue, {(UV, 1), (Mo, 2)}) && F[5,25] T(2,yellow,{(UV,2),(Vis,2)}) && F[3,18] T(2,orange,{(Vis,2)}) && F[20,30] T(2,orange,{(Vis,2)})",20,5,2,3.2431130409240723,18664,33630,0.0,-0.0,0.13284313725490196
True,False,0.5,False,20,"../TransitionSystems/IJRR_Classes/TS_[5, 5]_4_5_2_20.yaml","../OutputFiles/IJRR_Classes/Solution_(True, False, 0.5, False)_[5, 5]_4_5_2_20",5,5,"F[0, 20] T(1, green {(IR, 2), (Vis, 2)}) &&  G[20,40] F[0,10] T(1, blue, {(UV, 1), (Mo, 2)}) && F[5,25] T(2,yellow,{(UV,2),(Vis,2)}) && F[3,18] T(2,orange,{(Vis,2)}) && F[20,30] T(2,orange,{(Vis,2)})",20,5,2,25.52072310447693,18664,33630,0.0,-0.0,0.2053921568627451
False,False,0.5,False,21,"../TransitionSystems/IJRR_Classes/TS_[5, 5]_4_5_2_21.yaml","../OutputFiles/IJRR_Classes/Solution_(False, False, 0.5, False)_[5, 5]_4_5_2_21",5,5,"F[0, 20] T(1, green {(IR, 2), (Vis, 2)}) &&  G[20,40] F[0,10] T(1, blue, {(UV, 1), (Mo, 2)}) && F[5,25] T(2,yellow,{(UV,2),(Vis,2)}) && F[3,18] T(2,orange,{(Vis,2)}) && F[20,30] T(2,orange,{(Vis,2)})",20,5,2,2.2302420139312744,16235,26857,0.0,-0.0,0.1446078431372549
True,False,0.5,False,21,"../TransitionSystems/IJRR_Classes/TS_[5, 5]_4_5_2_21.yaml","../OutputFiles/IJRR_Classes/Solution_(True, False, 0.5, False)_[5, 5]_4_5_2_21",5,5,"F[0, 20] T(1, green {(IR, 2), (Vis, 2)}) &&  G[20,40] F[0,10] T(1, blue, {(UV, 1), (Mo, 2)}) && F[5,25] T(2,yellow,{(UV,2),(Vis,2)}) && F[3,18] T(2,orange,{(Vis,2)}) && F[20,30] T(2,orange,{(Vis,2)})",20,5,2,27.858446836471558,16235,26857,0.0,-0.0,0.2357843137254902
False,False,0.5,False,22,"../TransitionSystems/IJRR_Classes/TS_[5, 5]_4_5_2_22.yaml","../OutputFiles/IJRR_Classes/Solution_(False, False, 0.5, False)_[5, 5]_4_5_2_22",5,5,"F[0, 20] T(1, green {(IR, 2), (Vis, 2)}) &&  G[20,40] F[0,10] T(1, blue, {(UV, 1), (Mo, 2)}) && F[5,25] T(2,yellow,{(UV,2),(Vis,2)}) && F[3,18] T(2,orange,{(Vis,2)}) && F[20,30] T(2,orange,{(Vis,2)})",20,5,2,2.6211328506469727,18766,33664,0.0,-0.0,0.14215686274509803
True,False,0.5,False,22,"../TransitionSystems/IJRR_Classes/TS_[5, 5]_4_5_2_22.yaml","../OutputFiles/IJRR_Classes/Solution_(True, False, 0.5, False)_[5, 5]_4_5_2_22",5,5,"F[0, 20] T(1, green {(IR, 2), (Vis, 2)}) &&  G[20,40] F[0,10] T(1, blue, {(UV, 1), (Mo, 2)}) && F[5,25] T(2,yellow,{(UV,2),(Vis,2)}) && F[3,18] T(2,orange,{(Vis,2)}) && F[20,30] T(2,orange,{(Vis,2)})",20,5,2,43.699371099472046,18766,33664,0.0,-0.0,0.2240196078431372
False,False,0.5,False,23,"../TransitionSystems/IJRR_Classes/TS_[5, 5]_4_5_2_23.yaml","../OutputFiles/IJRR_Classes/Solution_(False, False, 0.5, False)_[5, 5]_4_5_2_23",5,5,"F[0, 20] T(1, green {(IR, 2), (Vis, 2)}) &&  G[20,40] F[0,10] T(1, blue, {(UV, 1), (Mo, 2)}) && F[5,25] T(2,yellow,{(UV,2),(Vis,2)}) && F[3,18] T(2,orange,{(Vis,2)}) && F[20,30] T(2,orange,{(Vis,2)})",20,5,2,1.6341438293457031,15875,26737,0.0,-0.0,0.13186274509803922
True,False,0.5,False,23,"../TransitionSystems/IJRR_Classes/TS_[5, 5]_4_5_2_23.yaml","../OutputFiles/IJRR_Classes/Solution_(True, False, 0.5, False)_[5, 5]_4_5_2_23",5,5,"F[0, 20] T(1, green {(IR, 2), (Vis, 2)}) &&  G[20,40] F[0,10] T(1, blue, {(UV, 1), (Mo, 2)}) && F[5,25] T(2,yellow,{(UV,2),(Vis,2)}) && F[3,18] T(2,orange,{(Vis,2)}) && F[20,30] T(2,orange,{(Vis,2)})",20,5,2,13.545151948928833,15875,26737,-2.0,2.0,0.2299019607843137
False,False,0.5,False,24,"../TransitionSystems/IJRR_Classes/TS_[5, 5]_4_5_2_24.yaml","../OutputFiles/IJRR_Classes/Solution_(False, False, 0.5, False)_[5, 5]_4_5_2_24",5,5,"F[0, 20] T(1, green {(IR, 2), (Vis, 2)}) &&  G[20,40] F[0,10] T(1, blue, {(UV, 1), (Mo, 2)}) && F[5,25] T(2,yellow,{(UV,2),(Vis,2)}) && F[3,18] T(2,orange,{(Vis,2)}) && F[20,30] T(2,orange,{(Vis,2)})",20,5,2,1.958940029144287,18208,33478,0.0,-0.0,0.09509803921568627
True,False,0.5,False,24,"../TransitionSystems/IJRR_Classes/TS_[5, 5]_4_5_2_24.yaml","../OutputFiles/IJRR_Classes/Solution_(True, False, 0.5, False)_[5, 5]_4_5_2_24",5,5,"F[0, 20] T(1, green {(IR, 2), (Vis, 2)}) &&  G[20,40] F[0,10] T(1, blue, {(UV, 1), (Mo, 2)}) && F[5,25] T(2,yellow,{(UV,2),(Vis,2)}) && F[3,18] T(2,orange,{(Vis,2)}) && F[20,30] T(2,orange,{(Vis,2)})",20,5,2,39.750428915023804,18208,33478,-4.0,4.0,0.2524509803921568
False,False,0.5,False,26,"../TransitionSystems/IJRR_Classes/TS_[5, 5]_4_5_2_26.yaml","../OutputFiles/IJRR_Classes/Solution_(False, False, 0.5, False)_[5, 5]_4_5_2_26",5,5,"F[0, 20] T(1, green {(IR, 2), (Vis, 2)}) &&  G[20,40] F[0,10] T(1, blue, {(UV, 1), (Mo, 2)}) && F[5,25] T(2,yellow,{(UV,2),(Vis,2)}) && F[3,18] T(2,orange,{(Vis,2)}) && F[20,30] T(2,orange,{(Vis,2)})",20,5,2,3.2201759815216064,21399,40505,0.0,-0.0,0.1338235294117647
True,False,0.5,False,26,"../TransitionSystems/IJRR_Classes/TS_[5, 5]_4_5_2_26.yaml","../OutputFiles/IJRR_Classes/Solution_(True, False, 0.5, False)_[5, 5]_4_5_2_26",5,5,"F[0, 20] T(1, green {(IR, 2), (Vis, 2)}) &&  G[20,40] F[0,10] T(1, blue, {(UV, 1), (Mo, 2)}) && F[5,25] T(2,yellow,{(UV,2),(Vis,2)}) && F[3,18] T(2,orange,{(Vis,2)}) && F[20,30] T(2,orange,{(Vis,2)})",20,5,2,23.816697120666504,21399,40505,0.0,-0.0,0.19558823529411762
False,False,0.5,False,27,"../TransitionSystems/IJRR_Classes/TS_[5, 5]_4_5_2_27.yaml","../OutputFiles/IJRR_Classes/Solution_(False, False, 0.5, False)_[5, 5]_4_5_2_27",5,5,"F[0, 20] T(1, green {(IR, 2), (Vis, 2)}) &&  G[20,40] F[0,10] T(1, blue, {(UV, 1), (Mo, 2)}) && F[5,25] T(2,yellow,{(UV,2),(Vis,2)}) && F[3,18] T(2,orange,{(Vis,2)}) && F[20,30] T(2,orange,{(Vis,2)})",20,5,2,1.900393009185791,18694,33640,0.0,0.0,0.13676470588235293
True,False,0.5,False,27,"../TransitionSystems/IJRR_Classes/TS_[5, 5]_4_5_2_27.yaml","../OutputFiles/IJRR_Classes/Solution_(True, False, 0.5, False)_[5, 5]_4_5_2_27",5,5,"F[0, 20] T(1, green {(IR, 2), (Vis, 2)}) &&  G[20,40] F[0,10] T(1, blue, {(UV, 1), (Mo, 2)}) && F[5,25] T(2,yellow,{(UV,2),(Vis,2)}) && F[3,18] T(2,orange,{(Vis,2)}) && F[20,30] T(2,orange,{(Vis,2)})",20,5,2,50.44471788406372,18694,33640,-1.0,1.0,0.2833333333333333
False,False,0.5,False,28,"../TransitionSystems/IJRR_Classes/TS_[5, 5]_4_5_2_28.yaml","../OutputFiles/IJRR_Classes/Solution_(False, False, 0.5, False)_[5, 5]_4_5_2_28",5,5,"F[0, 20] T(1, green {(IR, 2), (Vis, 2)}) &&  G[20,40] F[0,10] T(1, blue, {(UV, 1), (Mo, 2)}) && F[5,25] T(2,yellow,{(UV,2),(Vis,2)}) && F[3,18] T(2,orange,{(Vis,2)}) && F[20,30] T(2,orange,{(Vis,2)})",20,5,2,3.571230888366699,18916,33714,0.0,-0.0,0.16372549019607843
True,False,0.5,False,28,"../TransitionSystems/IJRR_Classes/TS_[5, 5]_4_5_2_28.yaml","../OutputFiles/IJRR_Classes/Solution_(True, False, 0.5, False)_[5, 5]_4_5_2_28",5,5,"F[0, 20] T(1, green {(IR, 2), (Vis, 2)}) &&  G[20,40] F[0,10] T(1, blue, {(UV, 1), (Mo, 2)}) && F[5,25] T(2,yellow,{(UV,2),(Vis,2)}) && F[3,18] T(2,orange,{(Vis,2)}) && F[20,30] T(2,orange,{(Vis,2)})",20,5,2,28.859997987747192,18916,33714,0.0,-0.0,0.1264705882352941
False,False,0.5,False,30,"../TransitionSystems/IJRR_Classes/TS_[5, 5]_4_5_2_30.yaml","../OutputFiles/IJRR_Classes/Solution_(False, False, 0.5, False)_[5, 5]_4_5_2_30",5,5,"F[0, 20] T(1, green {(IR, 2), (Vis, 2)}) &&  G[20,40] F[0,10] T(1, blue, {(UV, 1), (Mo, 2)}) && F[5,25] T(2,yellow,{(UV,2),(Vis,2)}) && F[3,18] T(2,orange,{(Vis,2)}) && F[20,30] T(2,orange,{(Vis,2)})",20,5,2,6.205342054367065,16025,26787,0.0,-0.0,0.22892156862745094
True,False,0.5,False,30,"../TransitionSystems/IJRR_Classes/TS_[5, 5]_4_5_2_30.yaml","../OutputFiles/IJRR_Classes/Solution_(True, False, 0.5, False)_[5, 5]_4_5_2_30",5,5,"F[0, 20] T(1, green {(IR, 2), (Vis, 2)}) &&  G[20,40] F[0,10] T(1, blue, {(UV, 1), (Mo, 2)}) && F[5,25] T(2,yellow,{(UV,2),(Vis,2)}) && F[3,18] T(2,orange,{(Vis,2)}) && F[20,30] T(2,orange,{(Vis,2)})",20,5,2,10.456775903701782,16025,26787,0.0,-0.0,0.11813725490196078
False,False,0.5,False,31,"../TransitionSystems/IJRR_Classes/TS_[5, 5]_4_5_2_31.yaml","../OutputFiles/IJRR_Classes/Solution_(False, False, 0.5, False)_[5, 5]_4_5_2_31",5,5,"F[0, 20] T(1, green {(IR, 2), (Vis, 2)}) &&  G[20,40] F[0,10] T(1, blue, {(UV, 1), (Mo, 2)}) && F[5,25] T(2,yellow,{(UV,2),(Vis,2)}) && F[3,18] T(2,orange,{(Vis,2)}) && F[20,30] T(2,orange,{(Vis,2)})",20,5,2,6.817619800567627,19084,33770,0.0,-0.0,0.18578431372549017
True,False,0.5,False,31,"../TransitionSystems/IJRR_Classes/TS_[5, 5]_4_5_2_31.yaml","../OutputFiles/IJRR_Classes/Solution_(True, False, 0.5, False)_[5, 5]_4_5_2_31",5,5,"F[0, 20] T(1, green {(IR, 2), (Vis, 2)}) &&  G[20,40] F[0,10] T(1, blue, {(UV, 1), (Mo, 2)}) && F[5,25] T(2,yellow,{(UV,2),(Vis,2)}) && F[3,18] T(2,orange,{(Vis,2)}) && F[20,30] T(2,orange,{(Vis,2)})",20,5,2,113.50427007675171,19084,33770,0.0,-0.0,0.14558823529411766
False,False,0.5,False,32,"../TransitionSystems/IJRR_Classes/TS_[5, 5]_4_5_2_32.yaml","../OutputFiles/IJRR_Classes/Solution_(False, False, 0.5, False)_[5, 5]_4_5_2_32",5,5,"F[0, 20] T(1, green {(IR, 2), (Vis, 2)}) &&  G[20,40] F[0,10] T(1, blue, {(UV, 1), (Mo, 2)}) && F[5,25] T(2,yellow,{(UV,2),(Vis,2)}) && F[3,18] T(2,orange,{(Vis,2)}) && F[20,30] T(2,orange,{(Vis,2)})",20,5,2,12.30503797531128,15773,26703,0.0,-0.0,0.2196078431372549
True,False,0.5,False,32,"../TransitionSystems/IJRR_Classes/TS_[5, 5]_4_5_2_32.yaml","../OutputFiles/IJRR_Classes/Solution_(True, False, 0.5, False)_[5, 5]_4_5_2_32",5,5,"F[0, 20] T(1, green {(IR, 2), (Vis, 2)}) &&  G[20,40] F[0,10] T(1, blue, {(UV, 1), (Mo, 2)}) && F[5,25] T(2,yellow,{(UV,2),(Vis,2)}) && F[3,18] T(2,orange,{(Vis,2)}) && F[20,30] T(2,orange,{(Vis,2)})",20,5,2,7.44280481338501,15773,26703,0.0,0.0,0.26666666666666666
False,False,0.5,False,34,"../TransitionSystems/IJRR_Classes/TS_[5, 5]_4_5_2_34.yaml","../OutputFiles/IJRR_Classes/Solution_(False, False, 0.5, False)_[5, 5]_4_5_2_34",5,5,"F[0, 20] T(1, green {(IR, 2), (Vis, 2)}) &&  G[20,40] F[0,10] T(1, blue, {(UV, 1), (Mo, 2)}) && F[5,25] T(2,yellow,{(UV,2),(Vis,2)}) && F[3,18] T(2,orange,{(Vis,2)}) && F[20,30] T(2,orange,{(Vis,2)})",20,5,2,2.9167168140411377,18934,33720,0.0,-0.0,0.1661764705882353
True,False,0.5,False,34,"../TransitionSystems/IJRR_Classes/TS_[5, 5]_4_5_2_34.yaml","../OutputFiles/IJRR_Classes/Solution_(True, False, 0.5, False)_[5, 5]_4_5_2_34",5,5,"F[0, 20] T(1, green {(IR, 2), (Vis, 2)}) &&  G[20,40] F[0,10] T(1, blue, {(UV, 1), (Mo, 2)}) && F[5,25] T(2,yellow,{(UV,2),(Vis,2)}) && F[3,18] T(2,orange,{(Vis,2)}) && F[20,30] T(2,orange,{(Vis,2)})",20,5,2,35.314286947250366,18934,33720,0.0,0.0,0.2529411764705882
False,False,0.5,False,35,"../TransitionSystems/IJRR_Classes/TS_[5, 5]_4_5_2_35.yaml","../OutputFiles/IJRR_Classes/Solution_(False, False, 0.5, False)_[5, 5]_4_5_2_35",5,5,"F[0, 20] T(1, green {(IR, 2), (Vis, 2)}) &&  G[20,40] F[0,10] T(1, blue, {(UV, 1), (Mo, 2)}) && F[5,25] T(2,yellow,{(UV,2),(Vis,2)}) && F[3,18] T(2,orange,{(Vis,2)}) && F[20,30] T(2,orange,{(Vis,2)})",20,5,2,1.848902940750122,15827,26721,0.0,-0.0,0.10686274509803922
True,False,0.5,False,35,"../TransitionSystems/IJRR_Classes/TS_[5, 5]_4_5_2_35.yaml","../OutputFiles/IJRR_Classes/Solution_(True, False, 0.5, False)_[5, 5]_4_5_2_35",5,5,"F[0, 20] T(1, green {(IR, 2), (Vis, 2)}) &&  G[20,40] F[0,10] T(1, blue, {(UV, 1), (Mo, 2)}) && F[5,25] T(2,yellow,{(UV,2),(Vis,2)}) && F[3,18] T(2,orange,{(Vis,2)}) && F[20,30] T(2,orange,{(Vis,2)})",20,5,2,49.50096893310547,15827,26721,-2.0,2.0,0.2553921568627451
False,False,0.5,False,37,"../TransitionSystems/IJRR_Classes/TS_[5, 5]_4_5_2_37.yaml","../OutputFiles/IJRR_Classes/Solution_(False, False, 0.5, False)_[5, 5]_4_5_2_37",5,5,"F[0, 20] T(1, green {(IR, 2), (Vis, 2)}) &&  G[20,40] F[0,10] T(1, blue, {(UV, 1), (Mo, 2)}) && F[5,25] T(2,yellow,{(UV,2),(Vis,2)}) && F[3,18] T(2,orange,{(Vis,2)}) && F[20,30] T(2,orange,{(Vis,2)})",20,5,2,6.658066987991333,18592,33606,0.0,-0.0,0.16470588235294115
True,False,0.5,False,37,"../TransitionSystems/IJRR_Classes/TS_[5, 5]_4_5_2_37.yaml","../OutputFiles/IJRR_Classes/Solution_(True, False, 0.5, False)_[5, 5]_4_5_2_37",5,5,"F[0, 20] T(1, green {(IR, 2), (Vis, 2)}) &&  G[20,40] F[0,10] T(1, blue, {(UV, 1), (Mo, 2)}) && F[5,25] T(2,yellow,{(UV,2),(Vis,2)}) && F[3,18] T(2,orange,{(Vis,2)}) && F[20,30] T(2,orange,{(Vis,2)})",20,5,2,19.11755084991455,18592,33606,0.0,0.0,0.18480392156862743
False,False,0.5,False,38,"../TransitionSystems/IJRR_Classes/TS_[5, 5]_4_5_2_38.yaml","../OutputFiles/IJRR_Classes/Solution_(False, False, 0.5, False)_[5, 5]_4_5_2_38",5,5,"F[0, 20] T(1, green {(IR, 2), (Vis, 2)}) &&  G[20,40] F[0,10] T(1, blue, {(UV, 1), (Mo, 2)}) && F[5,25] T(2,yellow,{(UV,2),(Vis,2)}) && F[3,18] T(2,orange,{(Vis,2)}) && F[20,30] T(2,orange,{(Vis,2)})",20,5,2,2.0804669857025146,15551,26629,0.0,-0.0,0.11127450980392156
True,False,0.5,False,38,"../TransitionSystems/IJRR_Classes/TS_[5, 5]_4_5_2_38.yaml","../OutputFiles/IJRR_Classes/Solution_(True, False, 0.5, False)_[5, 5]_4_5_2_38",5,5,"F[0, 20] T(1, green {(IR, 2), (Vis, 2)}) &&  G[20,40] F[0,10] T(1, blue, {(UV, 1), (Mo, 2)}) && F[5,25] T(2,yellow,{(UV,2),(Vis,2)}) && F[3,18] T(2,orange,{(Vis,2)}) && F[20,30] T(2,orange,{(Vis,2)})",20,5,2,12.311050176620483,15551,26629,0.0,0.0,0.228921568627451
False,False,0.5,False,39,"../TransitionSystems/IJRR_Classes/TS_[5, 5]_4_5_2_39.yaml","../OutputFiles/IJRR_Classes/Solution_(False, False, 0.5, False)_[5, 5]_4_5_2_39",5,5,"F[0, 20] T(1, green {(IR, 2), (Vis, 2)}) &&  G[20,40] F[0,10] T(1, blue, {(UV, 1), (Mo, 2)}) && F[5,25] T(2,yellow,{(UV,2),(Vis,2)}) && F[3,18] T(2,orange,{(Vis,2)}) && F[20,30] T(2,orange,{(Vis,2)})",20,5,2,1.8315410614013672,18208,33478,0.0,0.0,0.0769607843137255
True,False,0.5,False,39,"../TransitionSystems/IJRR_Classes/TS_[5, 5]_4_5_2_39.yaml","../OutputFiles/IJRR_Classes/Solution_(True, False, 0.5, False)_[5, 5]_4_5_2_39",5,5,"F[0, 20] T(1, green {(IR, 2), (Vis, 2)}) &&  G[20,40] F[0,10] T(1, blue, {(UV, 1), (Mo, 2)}) && F[5,25] T(2,yellow,{(UV,2),(Vis,2)}) && F[3,18] T(2,orange,{(Vis,2)}) && F[20,30] T(2,orange,{(Vis,2)})",20,5,2,15.112797021865845,18208,33478,-2.0,2.0,0.31372549019607837
False,False,0.5,False,40,"../TransitionSystems/IJRR_Classes/TS_[5, 5]_4_5_2_40.yaml","../OutputFiles/IJRR_Classes/Solution_(False, False, 0.5, False)_[5, 5]_4_5_2_40",5,5,"F[0, 20] T(1, green {(IR, 2), (Vis, 2)}) &&  G[20,40] F[0,10] T(1, blue, {(UV, 1), (Mo, 2)}) && F[5,25] T(2,yellow,{(UV,2),(Vis,2)}) && F[3,18] T(2,orange,{(Vis,2)}) && F[20,30] T(2,orange,{(Vis,2)})",20,5,2,1.9371230602264404,15773,26703,0.0,-0.0,0.16568627450980394
True,False,0.5,False,40,"../TransitionSystems/IJRR_Classes/TS_[5, 5]_4_5_2_40.yaml","../OutputFiles/IJRR_Classes/Solution_(True, False, 0.5, False)_[5, 5]_4_5_2_40",5,5,"F[0, 20] T(1, green {(IR, 2), (Vis, 2)}) &&  G[20,40] F[0,10] T(1, blue, {(UV, 1), (Mo, 2)}) && F[5,25] T(2,yellow,{(UV,2),(Vis,2)}) && F[3,18] T(2,orange,{(Vis,2)}) && F[20,30] T(2,orange,{(Vis,2)})",20,5,2,4.906692981719971,15773,26703,0.0,0.0,0.20784313725490194
False,False,0.5,False,43,"../TransitionSystems/IJRR_Classes/TS_[5, 5]_4_5_2_43.yaml","../OutputFiles/IJRR_Classes/Solution_(False, False, 0.5, False)_[5, 5]_4_5_2_43",5,5,"F[0, 20] T(1, green {(IR, 2), (Vis, 2)}) &&  G[20,40] F[0,10] T(1, blue, {(UV, 1), (Mo, 2)}) && F[5,25] T(2,yellow,{(UV,2),(Vis,2)}) && F[3,18] T(2,orange,{(Vis,2)}) && F[20,30] T(2,orange,{(Vis,2)})",20,5,2,2.0434839725494385,16001,26779,0.0,-0.0,0.1161764705882353
True,False,0.5,False,43,"../TransitionSystems/IJRR_Classes/TS_[5, 5]_4_5_2_43.yaml","../OutputFiles/IJRR_Classes/Solution_(True, False, 0.5, False)_[5, 5]_4_5_2_43",5,5,"F[0, 20] T(1, green {(IR, 2), (Vis, 2)}) &&  G[20,40] F[0,10] T(1, blue, {(UV, 1), (Mo, 2)}) && F[5,25] T(2,yellow,{(UV,2),(Vis,2)}) && F[3,18] T(2,orange,{(Vis,2)}) && F[20,30] T(2,orange,{(Vis,2)})",20,5,2,12.217036008834839,16001,26779,0.0,-0.0,0.23039215686274506
False,False,0.5,False,44,"../TransitionSystems/IJRR_Classes/TS_[5, 5]_4_5_2_44.yaml","../OutputFiles/IJRR_Classes/Solution_(False, False, 0.5, False)_[5, 5]_4_5_2_44",5,5,"F[0, 20] T(1, green {(IR, 2), (Vis, 2)}) &&  G[20,40] F[0,10] T(1, blue, {(UV, 1), (Mo, 2)}) && F[5,25] T(2,yellow,{(UV,2),(Vis,2)}) && F[3,18] T(2,orange,{(Vis,2)}) && F[20,30] T(2,orange,{(Vis,2)})",20,5,2,1.710679054260254,15593,26643,0.0,-0.0,0.1
True,False,0.5,False,44,"../TransitionSystems/IJRR_Classes/TS_[5, 5]_4_5_2_44.yaml","../OutputFiles/IJRR_Classes/Solution_(True, False, 0.5, False)_[5, 5]_4_5_2_44",5,5,"F[0, 20] T(1, green {(IR, 2), (Vis, 2)}) &&  G[20,40] F[0,10] T(1, blue, {(UV, 1), (Mo, 2)}) && F[5,25] T(2,yellow,{(UV,2),(Vis,2)}) && F[3,18] T(2,orange,{(Vis,2)}) && F[20,30] T(2,orange,{(Vis,2)})",20,5,2,12.800095081329346,15593,26643,0.0,0.0,0.18382352941176472
False,False,0.5,False,45,"../TransitionSystems/IJRR_Classes/TS_[5, 5]_4_5_2_45.yaml","../OutputFiles/IJRR_Classes/Solution_(False, False, 0.5, False)_[5, 5]_4_5_2_45",5,5,"F[0, 20] T(1, green {(IR, 2), (Vis, 2)}) &&  G[20,40] F[0,10] T(1, blue, {(UV, 1), (Mo, 2)}) && F[5,25] T(2,yellow,{(UV,2),(Vis,2)}) && F[3,18] T(2,orange,{(Vis,2)}) && F[20,30] T(2,orange,{(Vis,2)})",20,5,2,3.2385730743408203,18670,33632,0.0,-0.0,0.16127450980392155
True,False,0.5,False,45,"../TransitionSystems/IJRR_Classes/TS_[5, 5]_4_5_2_45.yaml","../OutputFiles/IJRR_Classes/Solution_(True, False, 0.5, False)_[5, 5]_4_5_2_45",5,5,"F[0, 20] T(1, green {(IR, 2), (Vis, 2)}) &&  G[20,40] F[0,10] T(1, blue, {(UV, 1), (Mo, 2)}) && F[5,25] T(2,yellow,{(UV,2),(Vis,2)}) && F[3,18] T(2,orange,{(Vis,2)}) && F[20,30] T(2,orange,{(Vis,2)})",20,5,2,41.44173002243042,18670,33632,-2.0,2.0,0.20784313725490194
False,False,0.5,False,46,"../TransitionSystems/IJRR_Classes/TS_[5, 5]_4_5_2_46.yaml","../OutputFiles/IJRR_Classes/Solution_(False, False, 0.5, False)_[5, 5]_4_5_2_46",5,5,"F[0, 20] T(1, green {(IR, 2), (Vis, 2)}) &&  G[20,40] F[0,10] T(1, blue, {(UV, 1), (Mo, 2)}) && F[5,25] T(2,yellow,{(UV,2),(Vis,2)}) && F[3,18] T(2,orange,{(Vis,2)}) && F[20,30] T(2,orange,{(Vis,2)})",20,5,2,2.286113977432251,18478,33568,0.0,-0.0,0.13431372549019607
True,False,0.5,False,46,"../TransitionSystems/IJRR_Classes/TS_[5, 5]_4_5_2_46.yaml","../OutputFiles/IJRR_Classes/Solution_(True, False, 0.5, False)_[5, 5]_4_5_2_46",5,5,"F[0, 20] T(1, green {(IR, 2), (Vis, 2)}) &&  G[20,40] F[0,10] T(1, blue, {(UV, 1), (Mo, 2)}) && F[5,25] T(2,yellow,{(UV,2),(Vis,2)}) && F[3,18] T(2,orange,{(Vis,2)}) && F[20,30] T(2,orange,{(Vis,2)})",20,5,2,128.5441870689392,18478,33568,0.0,-0.0,0.10098039215686275
False,False,0.5,False,47,"../TransitionSystems/IJRR_Classes/TS_[5, 5]_4_5_2_47.yaml","../OutputFiles/IJRR_Classes/Solution_(False, False, 0.5, False)_[5, 5]_4_5_2_47",5,5,"F[0, 20] T(1, green {(IR, 2), (Vis, 2)}) &&  G[20,40] F[0,10] T(1, blue, {(UV, 1), (Mo, 2)}) && F[5,25] T(2,yellow,{(UV,2),(Vis,2)}) && F[3,18] T(2,orange,{(Vis,2)}) && F[20,30] T(2,orange,{(Vis,2)})",20,5,2,6.7612340450286865,18670,33632,0.0,-0.0,0.146078431372549
True,False,0.5,False,47,"../TransitionSystems/IJRR_Classes/TS_[5, 5]_4_5_2_47.yaml","../OutputFiles/IJRR_Classes/Solution_(True, False, 0.5, False)_[5, 5]_4_5_2_47",5,5,"F[0, 20] T(1, green {(IR, 2), (Vis, 2)}) &&  G[20,40] F[0,10] T(1, blue, {(UV, 1), (Mo, 2)}) && F[5,25] T(2,yellow,{(UV,2),(Vis,2)}) && F[3,18] T(2,orange,{(Vis,2)}) && F[20,30] T(2,orange,{(Vis,2)})",20,5,2,22.358218908309937,18670,33632,0.0,-0.0,0.21617647058823528
False,False,0.5,False,48,"../TransitionSystems/IJRR_Classes/TS_[5, 5]_4_5_2_48.yaml","../OutputFiles/IJRR_Classes/Solution_(False, False, 0.5, False)_[5, 5]_4_5_2_48",5,5,"F[0, 20] T(1, green {(IR, 2), (Vis, 2)}) &&  G[20,40] F[0,10] T(1, blue, {(UV, 1), (Mo, 2)}) && F[5,25] T(2,yellow,{(UV,2),(Vis,2)}) && F[3,18] T(2,orange,{(Vis,2)}) && F[20,30] T(2,orange,{(Vis,2)})",20,5,2,3.4553048610687256,21327,40481,0.0,-0.0,0.15098039215686274
True,False,0.5,False,48,"../TransitionSystems/IJRR_Classes/TS_[5, 5]_4_5_2_48.yaml","../OutputFiles/IJRR_Classes/Solution_(True, False, 0.5, False)_[5, 5]_4_5_2_48",5,5,"F[0, 20] T(1, green {(IR, 2), (Vis, 2)}) &&  G[20,40] F[0,10] T(1, blue, {(UV, 1), (Mo, 2)}) && F[5,25] T(2,yellow,{(UV,2),(Vis,2)}) && F[3,18] T(2,orange,{(Vis,2)}) && F[20,30] T(2,orange,{(Vis,2)})",20,5,2,55.060205936431885,21327,40481,0.0,0.0,0.21176470588235294
False,False,0.5,False,49,"../TransitionSystems/IJRR_Classes/TS_[5, 5]_4_5_2_49.yaml","../OutputFiles/IJRR_Classes/Solution_(False, False, 0.5, False)_[5, 5]_4_5_2_49",5,5,"F[0, 20] T(1, green {(IR, 2), (Vis, 2)}) &&  G[20,40] F[0,10] T(1, blue, {(UV, 1), (Mo, 2)}) && F[5,25] T(2,yellow,{(UV,2),(Vis,2)}) && F[3,18] T(2,orange,{(Vis,2)}) && F[20,30] T(2,orange,{(Vis,2)})",20,5,2,2.0393621921539307,18256,33494,0.0,-0.0,0.1284313725490196
True,False,0.5,False,49,"../TransitionSystems/IJRR_Classes/TS_[5, 5]_4_5_2_49.yaml","../OutputFiles/IJRR_Classes/Solution_(True, False, 0.5, False)_[5, 5]_4_5_2_49",5,5,"F[0, 20] T(1, green {(IR, 2), (Vis, 2)}) &&  G[20,40] F[0,10] T(1, blue, {(UV, 1), (Mo, 2)}) && F[5,25] T(2,yellow,{(UV,2),(Vis,2)}) && F[3,18] T(2,orange,{(Vis,2)}) && F[20,30] T(2,orange,{(Vis,2)})",20,5,2,11.39535403251648,18256,33494,-2.0,2.0,0.2941176470588235
False,False,0.5,False,50,"../TransitionSystems/IJRR_Classes/TS_[5, 5]_4_5_2_50.yaml","../OutputFiles/IJRR_Classes/Solution_(False, False, 0.5, False)_[5, 5]_4_5_2_50",5,5,"F[0, 20] T(1, green {(IR, 2), (Vis, 2)}) &&  G[20,40] F[0,10] T(1, blue, {(UV, 1), (Mo, 2)}) && F[5,25] T(2,yellow,{(UV,2),(Vis,2)}) && F[3,18] T(2,orange,{(Vis,2)}) && F[20,30] T(2,orange,{(Vis,2)})",20,5,2,2.0296781063079834,18208,33478,0.0,-0.0,0.09754901960784314
True,False,0.5,False,50,"../TransitionSystems/IJRR_Classes/TS_[5, 5]_4_5_2_50.yaml","../OutputFiles/IJRR_Classes/Solution_(True, False, 0.5, False)_[5, 5]_4_5_2_50",5,5,"F[0, 20] T(1, green {(IR, 2), (Vis, 2)}) &&  G[20,40] F[0,10] T(1, blue, {(UV, 1), (Mo, 2)}) && F[5,25] T(2,yellow,{(UV,2),(Vis,2)}) && F[3,18] T(2,orange,{(Vis,2)}) && F[20,30] T(2,orange,{(Vis,2)})",20,5,2,6.20198392868042,18208,33478,-2.0,2.0,0.27303921568627454
False,False,0.5,False,52,"../TransitionSystems/IJRR_Classes/TS_[5, 5]_4_5_2_52.yaml","../OutputFiles/IJRR_Classes/Solution_(False, False, 0.5, False)_[5, 5]_4_5_2_52",5,5,"F[0, 20] T(1, green {(IR, 2), (Vis, 2)}) &&  G[20,40] F[0,10] T(1, blue, {(UV, 1), (Mo, 2)}) && F[5,25] T(2,yellow,{(UV,2),(Vis,2)}) && F[3,18] T(2,orange,{(Vis,2)}) && F[20,30] T(2,orange,{(Vis,2)})",20,5,2,1.6396751403808594,15821,26719,0.0,-0.0,0.12598039215686274
True,False,0.5,False,52,"../TransitionSystems/IJRR_Classes/TS_[5, 5]_4_5_2_52.yaml","../OutputFiles/IJRR_Classes/Solution_(True, False, 0.5, False)_[5, 5]_4_5_2_52",5,5,"F[0, 20] T(1, green {(IR, 2), (Vis, 2)}) &&  G[20,40] F[0,10] T(1, blue, {(UV, 1), (Mo, 2)}) && F[5,25] T(2,yellow,{(UV,2),(Vis,2)}) && F[3,18] T(2,orange,{(Vis,2)}) && F[20,30] T(2,orange,{(Vis,2)})",20,5,2,5.47159481048584,15821,26719,0.0,-0.0,0.25735294117647056
False,False,0.5,False,53,"../TransitionSystems/IJRR_Classes/TS_[5, 5]_4_5_2_53.yaml","../OutputFiles/IJRR_Classes/Solution_(False, False, 0.5, False)_[5, 5]_4_5_2_53",5,5,"F[0, 20] T(1, green {(IR, 2), (Vis, 2)}) &&  G[20,40] F[0,10] T(1, blue, {(UV, 1), (Mo, 2)}) && F[5,25] T(2,yellow,{(UV,2),(Vis,2)}) && F[3,18] T(2,orange,{(Vis,2)}) && F[20,30] T(2,orange,{(Vis,2)})",20,5,2,2.102008819580078,18532,33586,0.0,-0.0,0.17205882352941176
True,False,0.5,False,53,"../TransitionSystems/IJRR_Classes/TS_[5, 5]_4_5_2_53.yaml","../OutputFiles/IJRR_Classes/Solution_(True, False, 0.5, False)_[5, 5]_4_5_2_53",5,5,"F[0, 20] T(1, green {(IR, 2), (Vis, 2)}) &&  G[20,40] F[0,10] T(1, blue, {(UV, 1), (Mo, 2)}) && F[5,25] T(2,yellow,{(UV,2),(Vis,2)}) && F[3,18] T(2,orange,{(Vis,2)}) && F[20,30] T(2,orange,{(Vis,2)})",20,5,2,18.28758192062378,18532,33586,0.0,0.0,0.2102941176470588
False,False,0.5,False,56,"../TransitionSystems/IJRR_Classes/TS_[5, 5]_4_5_2_56.yaml","../OutputFiles/IJRR_Classes/Solution_(False, False, 0.5, False)_[5, 5]_4_5_2_56",5,5,"F[0, 20] T(1, green {(IR, 2), (Vis, 2)}) &&  G[20,40] F[0,10] T(1, blue, {(UV, 1), (Mo, 2)}) && F[5,25] T(2,yellow,{(UV,2),(Vis,2)}) && F[3,18] T(2,orange,{(Vis,2)}) && F[20,30] T(2,orange,{(Vis,2)})",20,5,2,2.2592639923095703,18586,33604,0.0,0.0,0.15637254901960784
True,False,0.5,False,56,"../TransitionSystems/IJRR_Classes/TS_[5, 5]_4_5_2_56.yaml","../OutputFiles/IJRR_Classes/Solution_(True, False, 0.5, False)_[5, 5]_4_5_2_56",5,5,"F[0, 20] T(1, green {(IR, 2), (Vis, 2)}) &&  G[20,40] F[0,10] T(1, blue, {(UV, 1), (Mo, 2)}) && F[5,25] T(2,yellow,{(UV,2),(Vis,2)}) && F[3,18] T(2,orange,{(Vis,2)}) && F[20,30] T(2,orange,{(Vis,2)})",20,5,2,32.90005707740784,18586,33604,0.0,-0.0,0.17352941176470588
False,False,0.5,False,57,"../TransitionSystems/IJRR_Classes/TS_[5, 5]_4_5_2_57.yaml","../OutputFiles/IJRR_Classes/Solution_(False, False, 0.5, False)_[5, 5]_4_5_2_57",5,5,"F[0, 20] T(1, green {(IR, 2), (Vis, 2)}) &&  G[20,40] F[0,10] T(1, blue, {(UV, 1), (Mo, 2)}) && F[5,25] T(2,yellow,{(UV,2),(Vis,2)}) && F[3,18] T(2,orange,{(Vis,2)}) && F[20,30] T(2,orange,{(Vis,2)})",20,5,2,4.544886112213135,21381,40499,0.0,-0.0,0.16470588235294117
True,False,0.5,False,57,"../TransitionSystems/IJRR_Classes/TS_[5, 5]_4_5_2_57.yaml","../OutputFiles/IJRR_Classes/Solution_(True, False, 0.5, False)_[5, 5]_4_5_2_57",5,5,"F[0, 20] T(1, green {(IR, 2), (Vis, 2)}) &&  G[20,40] F[0,10] T(1, blue, {(UV, 1), (Mo, 2)}) && F[5,25] T(2,yellow,{(UV,2),(Vis,2)}) && F[3,18] T(2,orange,{(Vis,2)}) && F[20,30] T(2,orange,{(Vis,2)})",20,5,2,33.83119797706604,21381,40499,0.0,-0.0,0.2034313725490196
False,False,0.5,False,58,"../TransitionSystems/IJRR_Classes/TS_[5, 5]_4_5_2_58.yaml","../OutputFiles/IJRR_Classes/Solution_(False, False, 0.5, False)_[5, 5]_4_5_2_58",5,5,"F[0, 20] T(1, green {(IR, 2), (Vis, 2)}) &&  G[20,40] F[0,10] T(1, blue, {(UV, 1), (Mo, 2)}) && F[5,25] T(2,yellow,{(UV,2),(Vis,2)}) && F[3,18] T(2,orange,{(Vis,2)}) && F[20,30] T(2,orange,{(Vis,2)})",20,5,2,1.8662450313568115,15875,26737,0.0,-0.0,0.12107843137254903
True,False,0.5,False,58,"../TransitionSystems/IJRR_Classes/TS_[5, 5]_4_5_2_58.yaml","../OutputFiles/IJRR_Classes/Solution_(True, False, 0.5, False)_[5, 5]_4_5_2_58",5,5,"F[0, 20] T(1, green {(IR, 2), (Vis, 2)}) &&  G[20,40] F[0,10] T(1, blue, {(UV, 1), (Mo, 2)}) && F[5,25] T(2,yellow,{(UV,2),(Vis,2)}) && F[3,18] T(2,orange,{(Vis,2)}) && F[20,30] T(2,orange,{(Vis,2)})",20,5,2,22.792788982391357,15875,26737,0.0,0.0,0.242156862745098
False,False,0.5,False,60,"../TransitionSystems/IJRR_Classes/TS_[5, 5]_4_5_2_60.yaml","../OutputFiles/IJRR_Classes/Solution_(False, False, 0.5, False)_[5, 5]_4_5_2_60",5,5,"F[0, 20] T(1, green {(IR, 2), (Vis, 2)}) &&  G[20,40] F[0,10] T(1, blue, {(UV, 1), (Mo, 2)}) && F[5,25] T(2,yellow,{(UV,2),(Vis,2)}) && F[3,18] T(2,orange,{(Vis,2)}) && F[20,30] T(2,orange,{(Vis,2)})",20,5,2,2.281114101409912,16109,26815,0.0,-0.0,0.18235294117647058
True,False,0.5,False,60,"../TransitionSystems/IJRR_Classes/TS_[5, 5]_4_5_2_60.yaml","../OutputFiles/IJRR_Classes/Solution_(True, False, 0.5, False)_[5, 5]_4_5_2_60",5,5,"F[0, 20] T(1, green {(IR, 2), (Vis, 2)}) &&  G[20,40] F[0,10] T(1, blue, {(UV, 1), (Mo, 2)}) && F[5,25] T(2,yellow,{(UV,2),(Vis,2)}) && F[3,18] T(2,orange,{(Vis,2)}) && F[20,30] T(2,orange,{(Vis,2)})",20,5,2,27.56326985359192,16109,26815,0.0,-0.0,0.24166666666666667
False,False,0.5,False,61,"../TransitionSystems/IJRR_Classes/TS_[5, 5]_4_5_2_61.yaml","../OutputFiles/IJRR_Classes/Solution_(False, False, 0.5, False)_[5, 5]_4_5_2_61",5,5,"F[0, 20] T(1, green {(IR, 2), (Vis, 2)}) &&  G[20,40] F[0,10] T(1, blue, {(UV, 1), (Mo, 2)}) && F[5,25] T(2,yellow,{(UV,2),(Vis,2)}) && F[3,18] T(2,orange,{(Vis,2)}) && F[20,30] T(2,orange,{(Vis,2)})",20,5,2,2.9469311237335205,18802,33676,0.0,-0.0,0.12941176470588234
True,False,0.5,False,61,"../TransitionSystems/IJRR_Classes/TS_[5, 5]_4_5_2_61.yaml","../OutputFiles/IJRR_Classes/Solution_(True, False, 0.5, False)_[5, 5]_4_5_2_61",5,5,"F[0, 20] T(1, green {(IR, 2), (Vis, 2)}) &&  G[20,40] F[0,10] T(1, blue, {(UV, 1), (Mo, 2)}) && F[5,25] T(2,yellow,{(UV,2),(Vis,2)}) && F[3,18] T(2,orange,{(Vis,2)}) && F[20,30] T(2,orange,{(Vis,2)})",20,5,2,20.290809154510498,18802,33676,0.0,0.0,0.20931372549019603
False,False,0.5,False,63,"../TransitionSystems/IJRR_Classes/TS_[5, 5]_4_5_2_63.yaml","../OutputFiles/IJRR_Classes/Solution_(False, False, 0.5, False)_[5, 5]_4_5_2_63",5,5,"F[0, 20] T(1, green {(IR, 2), (Vis, 2)}) &&  G[20,40] F[0,10] T(1, blue, {(UV, 1), (Mo, 2)}) && F[5,25] T(2,yellow,{(UV,2),(Vis,2)}) && F[3,18] T(2,orange,{(Vis,2)}) && F[20,30] T(2,orange,{(Vis,2)})",20,5,2,1.7624390125274658,16007,26781,0.0,-0.0,0.12352941176470589
True,False,0.5,False,63,"../TransitionSystems/IJRR_Classes/TS_[5, 5]_4_5_2_63.yaml","../OutputFiles/IJRR_Classes/Solution_(True, False, 0.5, False)_[5, 5]_4_5_2_63",5,5,"F[0, 20] T(1, green {(IR, 2), (Vis, 2)}) &&  G[20,40] F[0,10] T(1, blue, {(UV, 1), (Mo, 2)}) && F[5,25] T(2,yellow,{(UV,2),(Vis,2)}) && F[3,18] T(2,orange,{(Vis,2)}) && F[20,30] T(2,orange,{(Vis,2)})",20,5,2,12.406836032867432,16007,26781,0.0,0.0,0.20343137254901958
False,False,0.5,False,64,"../TransitionSystems/IJRR_Classes/TS_[5, 5]_4_5_2_64.yaml","../OutputFiles/IJRR_Classes/Solution_(False, False, 0.5, False)_[5, 5]_4_5_2_64",5,5,"F[0, 20] T(1, green {(IR, 2), (Vis, 2)}) &&  G[20,40] F[0,10] T(1, blue, {(UV, 1), (Mo, 2)}) && F[5,25] T(2,yellow,{(UV,2),(Vis,2)}) && F[3,18] T(2,orange,{(Vis,2)}) && F[20,30] T(2,orange,{(Vis,2)})",20,5,2,1.696052074432373,15869,26735,0.0,-0.0,0.11127450980392156
True,False,0.5,False,64,"../TransitionSystems/IJRR_Classes/TS_[5, 5]_4_5_2_64.yaml","../OutputFiles/IJRR_Classes/Solution_(True, False, 0.5, False)_[5, 5]_4_5_2_64",5,5,"F[0, 20] T(1, green {(IR, 2), (Vis, 2)}) &&  G[20,40] F[0,10] T(1, blue, {(UV, 1), (Mo, 2)}) && F[5,25] T(2,yellow,{(UV,2),(Vis,2)}) && F[3,18] T(2,orange,{(Vis,2)}) && F[20,30] T(2,orange,{(Vis,2)})",20,5,2,10.084915161132812,15869,26735,0.0,-0.0,0.20490196078431372
False,False,0.5,False,65,"../TransitionSystems/IJRR_Classes/TS_[5, 5]_4_5_2_65.yaml","../OutputFiles/IJRR_Classes/Solution_(False, False, 0.5, False)_[5, 5]_4_5_2_65",5,5,"F[0, 20] T(1, green {(IR, 2), (Vis, 2)}) &&  G[20,40] F[0,10] T(1, blue, {(UV, 1), (Mo, 2)}) && F[5,25] T(2,yellow,{(UV,2),(Vis,2)}) && F[3,18] T(2,orange,{(Vis,2)}) && F[20,30] T(2,orange,{(Vis,2)})",20,5,2,2.8809471130371094,19006,33744,0.0,-0.0,0.146078431372549
True,False,0.5,False,65,"../TransitionSystems/IJRR_Classes/TS_[5, 5]_4_5_2_65.yaml","../OutputFiles/IJRR_Classes/Solution_(True, False, 0.5, False)_[5, 5]_4_5_2_65",5,5,"F[0, 20] T(1, green {(IR, 2), (Vis, 2)}) &&  G[20,40] F[0,10] T(1, blue, {(UV, 1), (Mo, 2)}) && F[5,25] T(2,yellow,{(UV,2),(Vis,2)}) && F[3,18] T(2,orange,{(Vis,2)}) && F[20,30] T(2,orange,{(Vis,2)})",20,5,2,24.350322008132935,19006,33744,0.0,0.0,0.21764705882352936
False,False,0.5,False,66,"../TransitionSystems/IJRR_Classes/TS_[5, 5]_4_5_2_66.yaml","../OutputFiles/IJRR_Classes/Solution_(False, False, 0.5, False)_[5, 5]_4_5_2_66",5,5,"F[0, 20] T(1, green {(IR, 2), (Vis, 2)}) &&  G[20,40] F[0,10] T(1, blue, {(UV, 1), (Mo, 2)}) && F[5,25] T(2,yellow,{(UV,2),(Vis,2)}) && F[3,18] T(2,orange,{(Vis,2)}) && F[20,30] T(2,orange,{(Vis,2)})",20,5,2,2.159072160720825,16157,26831,0.0,-0.0,0.19117647058823528
True,False,0.5,False,66,"../TransitionSystems/IJRR_Classes/TS_[5, 5]_4_5_2_66.yaml","../OutputFiles/IJRR_Classes/Solution_(True, False, 0.5, False)_[5, 5]_4_5_2_66",5,5,"F[0, 20] T(1, green {(IR, 2), (Vis, 2)}) &&  G[20,40] F[0,10] T(1, blue, {(UV, 1), (Mo, 2)}) && F[5,25] T(2,yellow,{(UV,2),(Vis,2)}) && F[3,18] T(2,orange,{(Vis,2)}) && F[20,30] T(2,orange,{(Vis,2)})",20,5,2,16.151648998260498,16157,26831,0.0,0.0,0.2598039215686275
False,False,0.5,False,68,"../TransitionSystems/IJRR_Classes/TS_[5, 5]_4_5_2_68.yaml","../OutputFiles/IJRR_Classes/Solution_(False, False, 0.5, False)_[5, 5]_4_5_2_68",5,5,"F[0, 20] T(1, green {(IR, 2), (Vis, 2)}) &&  G[20,40] F[0,10] T(1, blue, {(UV, 1), (Mo, 2)}) && F[5,25] T(2,yellow,{(UV,2),(Vis,2)}) && F[3,18] T(2,orange,{(Vis,2)}) && F[20,30] T(2,orange,{(Vis,2)})",20,5,2,2.247252941131592,18862,33696,0.0,-0.0,0.16568627450980394
True,False,0.5,False,68,"../TransitionSystems/IJRR_Classes/TS_[5, 5]_4_5_2_68.yaml","../OutputFiles/IJRR_Classes/Solution_(True, False, 0.5, False)_[5, 5]_4_5_2_68",5,5,"F[0, 20] T(1, green {(IR, 2), (Vis, 2)}) &&  G[20,40] F[0,10] T(1, blue, {(UV, 1), (Mo, 2)}) && F[5,25] T(2,yellow,{(UV,2),(Vis,2)}) && F[3,18] T(2,orange,{(Vis,2)}) && F[20,30] T(2,orange,{(Vis,2)})",20,5,2,36.9464271068573,18862,33696,0.0,0.0,0.20196078431372552
False,False,0.5,False,69,"../TransitionSystems/IJRR_Classes/TS_[5, 5]_4_5_2_69.yaml","../OutputFiles/IJRR_Classes/Solution_(False, False, 0.5, False)_[5, 5]_4_5_2_69",5,5,"F[0, 20] T(1, green {(IR, 2), (Vis, 2)}) &&  G[20,40] F[0,10] T(1, blue, {(UV, 1), (Mo, 2)}) && F[5,25] T(2,yellow,{(UV,2),(Vis,2)}) && F[3,18] T(2,orange,{(Vis,2)}) && F[20,30] T(2,orange,{(Vis,2)})",20,5,2,3.163533926010132,21381,40499,0.0,-0.0,0.1196078431372549
True,False,0.5,False,69,"../TransitionSystems/IJRR_Classes/TS_[5, 5]_4_5_2_69.yaml","../OutputFiles/IJRR_Classes/Solution_(True, False, 0.5, False)_[5, 5]_4_5_2_69",5,5,"F[0, 20] T(1, green {(IR, 2), (Vis, 2)}) &&  G[20,40] F[0,10] T(1, blue, {(UV, 1), (Mo, 2)}) && F[5,25] T(2,yellow,{(UV,2),(Vis,2)}) && F[3,18] T(2,orange,{(Vis,2)}) && F[20,30] T(2,orange,{(Vis,2)})",20,5,2,33.53836703300476,21381,40499,0.0,0.0,0.2406862745098039
False,False,0.5,False,70,"../TransitionSystems/IJRR_Classes/TS_[5, 5]_4_5_2_70.yaml","../OutputFiles/IJRR_Classes/Solution_(False, False, 0.5, False)_[5, 5]_4_5_2_70",5,5,"F[0, 20] T(1, green {(IR, 2), (Vis, 2)}) &&  G[20,40] F[0,10] T(1, blue, {(UV, 1), (Mo, 2)}) && F[5,25] T(2,yellow,{(UV,2),(Vis,2)}) && F[3,18] T(2,orange,{(Vis,2)}) && F[20,30] T(2,orange,{(Vis,2)})",20,5,2,4.319058895111084,21519,40545,0.0,-0.0,0.13186274509803922
True,False,0.5,False,70,"../TransitionSystems/IJRR_Classes/TS_[5, 5]_4_5_2_70.yaml","../OutputFiles/IJRR_Classes/Solution_(True, False, 0.5, False)_[5, 5]_4_5_2_70",5,5,"F[0, 20] T(1, green {(IR, 2), (Vis, 2)}) &&  G[20,40] F[0,10] T(1, blue, {(UV, 1), (Mo, 2)}) && F[5,25] T(2,yellow,{(UV,2),(Vis,2)}) && F[3,18] T(2,orange,{(Vis,2)}) && F[20,30] T(2,orange,{(Vis,2)})",20,5,2,59.80957508087158,21519,40545,0.0,-0.0,0.22352941176470587
