Robust,Regularize,Alpha,Upper Bound,Trial Number,TS Filename,Solution Filename,Xdim,Ydim,Formula,Agents,Run Time (s),Linear Constraints,Variables,Objective Value,Robustness,Normalized Travel Time
False,False,0.5,False,50,"../TransitionSystems/IJRR_Env_Size/TS_[4, 4]_20_50.yaml","../OutputFiles/IJRR_Env_Size/Solution_(False, False, 0.5, False)_[4, 4]_20_50",4,4,"F[0, 20] T(1, green {(IR, 2), (Vis, 2)}) &&  G[20,40] F[0,10] T(1, blue, {(UV, 1), (Mo, 2)}) && F[5,25] T(2,yellow,{(UV,2),(Vis,2)}) && F[3,18] T(2,orange,{(Vis,2)}) && F[20,30] T(2,orange,{(Vis,2)})",20,12.834316968917847
True,False,0.5,False,50,"../TransitionSystems/IJRR_Env_Size/TS_[4, 4]_20_50.yaml","../OutputFiles/IJRR_Env_Size/Solution_(True, False, 0.5, False)_[4, 4]_20_50",4,4,"F[0, 20] T(1, green {(IR, 2), (Vis, 2)}) &&  G[20,40] F[0,10] T(1, blue, {(UV, 1), (Mo, 2)}) && F[5,25] T(2,yellow,{(UV,2),(Vis,2)}) && F[3,18] T(2,orange,{(Vis,2)}) && F[20,30] T(2,orange,{(Vis,2)})",20,13.688777923583984
True,False,0.5,True,50,"../TransitionSystems/IJRR_Env_Size/TS_[4, 4]_20_50.yaml","../OutputFiles/IJRR_Env_Size/Solution_(True, False, 0.5, True)_[4, 4]_20_50",4,4,"F[0, 20] T(1, green {(IR, 2), (Vis, 2)}) &&  G[20,40] F[0,10] T(1, blue, {(UV, 1), (Mo, 2)}) && F[5,25] T(2,yellow,{(UV,2),(Vis,2)}) && F[3,18] T(2,orange,{(Vis,2)}) && F[20,30] T(2,orange,{(Vis,2)})",20,12.195900201797485
False,True,0.5,False,50,"../TransitionSystems/IJRR_Env_Size/TS_[4, 4]_20_50.yaml","../OutputFiles/IJRR_Env_Size/Solution_(False, True, 0.5, False)_[4, 4]_20_50",4,4,"F[0, 20] T(1, green {(IR, 2), (Vis, 2)}) &&  G[20,40] F[0,10] T(1, blue, {(UV, 1), (Mo, 2)}) && F[5,25] T(2,yellow,{(UV,2),(Vis,2)}) && F[3,18] T(2,orange,{(Vis,2)}) && F[20,30] T(2,orange,{(Vis,2)})",20,12.185129880905151
True,True,0.5,True,50,"../TransitionSystems/IJRR_Env_Size/TS_[4, 4]_20_50.yaml","../OutputFiles/IJRR_Env_Size/Solution_(True, True, 0.5, True)_[4, 4]_20_50",4,4,"F[0, 20] T(1, green {(IR, 2), (Vis, 2)}) &&  G[20,40] F[0,10] T(1, blue, {(UV, 1), (Mo, 2)}) && F[5,25] T(2,yellow,{(UV,2),(Vis,2)}) && F[3,18] T(2,orange,{(Vis,2)}) && F[20,30] T(2,orange,{(Vis,2)})",20,12.410343885421753
False,False,0.5,False,51,"../TransitionSystems/IJRR_Env_Size/TS_[4, 4]_20_51.yaml","../OutputFiles/IJRR_Env_Size/Solution_(False, False, 0.5, False)_[4, 4]_20_51",4,4,"F[0, 20] T(1, green {(IR, 2), (Vis, 2)}) &&  G[20,40] F[0,10] T(1, blue, {(UV, 1), (Mo, 2)}) && F[5,25] T(2,yellow,{(UV,2),(Vis,2)}) && F[3,18] T(2,orange,{(Vis,2)}) && F[20,30] T(2,orange,{(Vis,2)})",20,49.867990016937256
True,False,0.5,False,51,"../TransitionSystems/IJRR_Env_Size/TS_[4, 4]_20_51.yaml","../OutputFiles/IJRR_Env_Size/Solution_(True, False, 0.5, False)_[4, 4]_20_51",4,4,"F[0, 20] T(1, green {(IR, 2), (Vis, 2)}) &&  G[20,40] F[0,10] T(1, blue, {(UV, 1), (Mo, 2)}) && F[5,25] T(2,yellow,{(UV,2),(Vis,2)}) && F[3,18] T(2,orange,{(Vis,2)}) && F[20,30] T(2,orange,{(Vis,2)})",20,50.39527487754822
True,False,0.5,True,51,"../TransitionSystems/IJRR_Env_Size/TS_[4, 4]_20_51.yaml","../OutputFiles/IJRR_Env_Size/Solution_(True, False, 0.5, True)_[4, 4]_20_51",4,4,"F[0, 20] T(1, green {(IR, 2), (Vis, 2)}) &&  G[20,40] F[0,10] T(1, blue, {(UV, 1), (Mo, 2)}) && F[5,25] T(2,yellow,{(UV,2),(Vis,2)}) && F[3,18] T(2,orange,{(Vis,2)}) && F[20,30] T(2,orange,{(Vis,2)})",20,50.44969296455383
False,True,0.5,False,51,"../TransitionSystems/IJRR_Env_Size/TS_[4, 4]_20_51.yaml","../OutputFiles/IJRR_Env_Size/Solution_(False, True, 0.5, False)_[4, 4]_20_51",4,4,"F[0, 20] T(1, green {(IR, 2), (Vis, 2)}) &&  G[20,40] F[0,10] T(1, blue, {(UV, 1), (Mo, 2)}) && F[5,25] T(2,yellow,{(UV,2),(Vis,2)}) && F[3,18] T(2,orange,{(Vis,2)}) && F[20,30] T(2,orange,{(Vis,2)})",20,50.40330696105957
True,True,0.5,True,51,"../TransitionSystems/IJRR_Env_Size/TS_[4, 4]_20_51.yaml","../OutputFiles/IJRR_Env_Size/Solution_(True, True, 0.5, True)_[4, 4]_20_51",4,4,"F[0, 20] T(1, green {(IR, 2), (Vis, 2)}) &&  G[20,40] F[0,10] T(1, blue, {(UV, 1), (Mo, 2)}) && F[5,25] T(2,yellow,{(UV,2),(Vis,2)}) && F[3,18] T(2,orange,{(Vis,2)}) && F[20,30] T(2,orange,{(Vis,2)})",20,50.40090489387512
False,False,0.5,False,52,"../TransitionSystems/IJRR_Env_Size/TS_[4, 4]_20_52.yaml","../OutputFiles/IJRR_Env_Size/Solution_(False, False, 0.5, False)_[4, 4]_20_52",4,4,"F[0, 20] T(1, green {(IR, 2), (Vis, 2)}) &&  G[20,40] F[0,10] T(1, blue, {(UV, 1), (Mo, 2)}) && F[5,25] T(2,yellow,{(UV,2),(Vis,2)}) && F[3,18] T(2,orange,{(Vis,2)}) && F[20,30] T(2,orange,{(Vis,2)})",20,37.16928291320801
True,False,0.5,False,52,"../TransitionSystems/IJRR_Env_Size/TS_[4, 4]_20_52.yaml","../OutputFiles/IJRR_Env_Size/Solution_(True, False, 0.5, False)_[4, 4]_20_52",4,4,"F[0, 20] T(1, green {(IR, 2), (Vis, 2)}) &&  G[20,40] F[0,10] T(1, blue, {(UV, 1), (Mo, 2)}) && F[5,25] T(2,yellow,{(UV,2),(Vis,2)}) && F[3,18] T(2,orange,{(Vis,2)}) && F[20,30] T(2,orange,{(Vis,2)})",20,37.04417419433594
True,False,0.5,True,52,"../TransitionSystems/IJRR_Env_Size/TS_[4, 4]_20_52.yaml","../OutputFiles/IJRR_Env_Size/Solution_(True, False, 0.5, True)_[4, 4]_20_52",4,4,"F[0, 20] T(1, green {(IR, 2), (Vis, 2)}) &&  G[20,40] F[0,10] T(1, blue, {(UV, 1), (Mo, 2)}) && F[5,25] T(2,yellow,{(UV,2),(Vis,2)}) && F[3,18] T(2,orange,{(Vis,2)}) && F[20,30] T(2,orange,{(Vis,2)})",20,36.91167402267456
False,True,0.5,False,52,"../TransitionSystems/IJRR_Env_Size/TS_[4, 4]_20_52.yaml","../OutputFiles/IJRR_Env_Size/Solution_(False, True, 0.5, False)_[4, 4]_20_52",4,4,"F[0, 20] T(1, green {(IR, 2), (Vis, 2)}) &&  G[20,40] F[0,10] T(1, blue, {(UV, 1), (Mo, 2)}) && F[5,25] T(2,yellow,{(UV,2),(Vis,2)}) && F[3,18] T(2,orange,{(Vis,2)}) && F[20,30] T(2,orange,{(Vis,2)})",20,36.98453092575073
True,True,0.5,True,52,"../TransitionSystems/IJRR_Env_Size/TS_[4, 4]_20_52.yaml","../OutputFiles/IJRR_Env_Size/Solution_(True, True, 0.5, True)_[4, 4]_20_52",4,4,"F[0, 20] T(1, green {(IR, 2), (Vis, 2)}) &&  G[20,40] F[0,10] T(1, blue, {(UV, 1), (Mo, 2)}) && F[5,25] T(2,yellow,{(UV,2),(Vis,2)}) && F[3,18] T(2,orange,{(Vis,2)}) && F[20,30] T(2,orange,{(Vis,2)})",20,36.75762891769409
False,False,0.5,False,53,"../TransitionSystems/IJRR_Env_Size/TS_[4, 4]_20_53.yaml","../OutputFiles/IJRR_Env_Size/Solution_(False, False, 0.5, False)_[4, 4]_20_53",4,4,"F[0, 20] T(1, green {(IR, 2), (Vis, 2)}) &&  G[20,40] F[0,10] T(1, blue, {(UV, 1), (Mo, 2)}) && F[5,25] T(2,yellow,{(UV,2),(Vis,2)}) && F[3,18] T(2,orange,{(Vis,2)}) && F[20,30] T(2,orange,{(Vis,2)})",20,6.457069158554077
True,False,0.5,False,53,"../TransitionSystems/IJRR_Env_Size/TS_[4, 4]_20_53.yaml","../OutputFiles/IJRR_Env_Size/Solution_(True, False, 0.5, False)_[4, 4]_20_53",4,4,"F[0, 20] T(1, green {(IR, 2), (Vis, 2)}) &&  G[20,40] F[0,10] T(1, blue, {(UV, 1), (Mo, 2)}) && F[5,25] T(2,yellow,{(UV,2),(Vis,2)}) && F[3,18] T(2,orange,{(Vis,2)}) && F[20,30] T(2,orange,{(Vis,2)})",20,6.639178037643433
True,False,0.5,True,53,"../TransitionSystems/IJRR_Env_Size/TS_[4, 4]_20_53.yaml","../OutputFiles/IJRR_Env_Size/Solution_(True, False, 0.5, True)_[4, 4]_20_53",4,4,"F[0, 20] T(1, green {(IR, 2), (Vis, 2)}) &&  G[20,40] F[0,10] T(1, blue, {(UV, 1), (Mo, 2)}) && F[5,25] T(2,yellow,{(UV,2),(Vis,2)}) && F[3,18] T(2,orange,{(Vis,2)}) && F[20,30] T(2,orange,{(Vis,2)})",20,6.3887410163879395
False,True,0.5,False,53,"../TransitionSystems/IJRR_Env_Size/TS_[4, 4]_20_53.yaml","../OutputFiles/IJRR_Env_Size/Solution_(False, True, 0.5, False)_[4, 4]_20_53",4,4,"F[0, 20] T(1, green {(IR, 2), (Vis, 2)}) &&  G[20,40] F[0,10] T(1, blue, {(UV, 1), (Mo, 2)}) && F[5,25] T(2,yellow,{(UV,2),(Vis,2)}) && F[3,18] T(2,orange,{(Vis,2)}) && F[20,30] T(2,orange,{(Vis,2)})",20,6.190433025360107
True,True,0.5,True,53,"../TransitionSystems/IJRR_Env_Size/TS_[4, 4]_20_53.yaml","../OutputFiles/IJRR_Env_Size/Solution_(True, True, 0.5, True)_[4, 4]_20_53",4,4,"F[0, 20] T(1, green {(IR, 2), (Vis, 2)}) &&  G[20,40] F[0,10] T(1, blue, {(UV, 1), (Mo, 2)}) && F[5,25] T(2,yellow,{(UV,2),(Vis,2)}) && F[3,18] T(2,orange,{(Vis,2)}) && F[20,30] T(2,orange,{(Vis,2)})",20,6.368849039077759
False,False,0.5,False,54,"../TransitionSystems/IJRR_Env_Size/TS_[4, 4]_20_54.yaml","../OutputFiles/IJRR_Env_Size/Solution_(False, False, 0.5, False)_[4, 4]_20_54",4,4,"F[0, 20] T(1, green {(IR, 2), (Vis, 2)}) &&  G[20,40] F[0,10] T(1, blue, {(UV, 1), (Mo, 2)}) && F[5,25] T(2,yellow,{(UV,2),(Vis,2)}) && F[3,18] T(2,orange,{(Vis,2)}) && F[20,30] T(2,orange,{(Vis,2)})",20,587.719486951828
True,False,0.5,False,54,"../TransitionSystems/IJRR_Env_Size/TS_[4, 4]_20_54.yaml","../OutputFiles/IJRR_Env_Size/Solution_(True, False, 0.5, False)_[4, 4]_20_54",4,4,"F[0, 20] T(1, green {(IR, 2), (Vis, 2)}) &&  G[20,40] F[0,10] T(1, blue, {(UV, 1), (Mo, 2)}) && F[5,25] T(2,yellow,{(UV,2),(Vis,2)}) && F[3,18] T(2,orange,{(Vis,2)}) && F[20,30] T(2,orange,{(Vis,2)})",20,585.2736990451813
True,False,0.5,True,54,"../TransitionSystems/IJRR_Env_Size/TS_[4, 4]_20_54.yaml","../OutputFiles/IJRR_Env_Size/Solution_(True, False, 0.5, True)_[4, 4]_20_54",4,4,"F[0, 20] T(1, green {(IR, 2), (Vis, 2)}) &&  G[20,40] F[0,10] T(1, blue, {(UV, 1), (Mo, 2)}) && F[5,25] T(2,yellow,{(UV,2),(Vis,2)}) && F[3,18] T(2,orange,{(Vis,2)}) && F[20,30] T(2,orange,{(Vis,2)})",20,587.085727930069
False,True,0.5,False,54,"../TransitionSystems/IJRR_Env_Size/TS_[4, 4]_20_54.yaml","../OutputFiles/IJRR_Env_Size/Solution_(False, True, 0.5, False)_[4, 4]_20_54",4,4,"F[0, 20] T(1, green {(IR, 2), (Vis, 2)}) &&  G[20,40] F[0,10] T(1, blue, {(UV, 1), (Mo, 2)}) && F[5,25] T(2,yellow,{(UV,2),(Vis,2)}) && F[3,18] T(2,orange,{(Vis,2)}) && F[20,30] T(2,orange,{(Vis,2)})",20,575.6490979194641
True,True,0.5,True,54,"../TransitionSystems/IJRR_Env_Size/TS_[4, 4]_20_54.yaml","../OutputFiles/IJRR_Env_Size/Solution_(True, True, 0.5, True)_[4, 4]_20_54",4,4,"F[0, 20] T(1, green {(IR, 2), (Vis, 2)}) &&  G[20,40] F[0,10] T(1, blue, {(UV, 1), (Mo, 2)}) && F[5,25] T(2,yellow,{(UV,2),(Vis,2)}) && F[3,18] T(2,orange,{(Vis,2)}) && F[20,30] T(2,orange,{(Vis,2)})",20,575.9196960926056
False,False,0.5,False,55,"../TransitionSystems/IJRR_Env_Size/TS_[4, 4]_20_55.yaml","../OutputFiles/IJRR_Env_Size/Solution_(False, False, 0.5, False)_[4, 4]_20_55",4,4,"F[0, 20] T(1, green {(IR, 2), (Vis, 2)}) &&  G[20,40] F[0,10] T(1, blue, {(UV, 1), (Mo, 2)}) && F[5,25] T(2,yellow,{(UV,2),(Vis,2)}) && F[3,18] T(2,orange,{(Vis,2)}) && F[20,30] T(2,orange,{(Vis,2)})",20,10.654970169067383
True,False,0.5,False,55,"../TransitionSystems/IJRR_Env_Size/TS_[4, 4]_20_55.yaml","../OutputFiles/IJRR_Env_Size/Solution_(True, False, 0.5, False)_[4, 4]_20_55",4,4,"F[0, 20] T(1, green {(IR, 2), (Vis, 2)}) &&  G[20,40] F[0,10] T(1, blue, {(UV, 1), (Mo, 2)}) && F[5,25] T(2,yellow,{(UV,2),(Vis,2)}) && F[3,18] T(2,orange,{(Vis,2)}) && F[20,30] T(2,orange,{(Vis,2)})",20,10.5639328956604
True,False,0.5,True,55,"../TransitionSystems/IJRR_Env_Size/TS_[4, 4]_20_55.yaml","../OutputFiles/IJRR_Env_Size/Solution_(True, False, 0.5, True)_[4, 4]_20_55",4,4,"F[0, 20] T(1, green {(IR, 2), (Vis, 2)}) &&  G[20,40] F[0,10] T(1, blue, {(UV, 1), (Mo, 2)}) && F[5,25] T(2,yellow,{(UV,2),(Vis,2)}) && F[3,18] T(2,orange,{(Vis,2)}) && F[20,30] T(2,orange,{(Vis,2)})",20,10.698228120803833
False,True,0.5,False,55,"../TransitionSystems/IJRR_Env_Size/TS_[4, 4]_20_55.yaml","../OutputFiles/IJRR_Env_Size/Solution_(False, True, 0.5, False)_[4, 4]_20_55",4,4,"F[0, 20] T(1, green {(IR, 2), (Vis, 2)}) &&  G[20,40] F[0,10] T(1, blue, {(UV, 1), (Mo, 2)}) && F[5,25] T(2,yellow,{(UV,2),(Vis,2)}) && F[3,18] T(2,orange,{(Vis,2)}) && F[20,30] T(2,orange,{(Vis,2)})",20,10.67426609992981
True,True,0.5,True,55,"../TransitionSystems/IJRR_Env_Size/TS_[4, 4]_20_55.yaml","../OutputFiles/IJRR_Env_Size/Solution_(True, True, 0.5, True)_[4, 4]_20_55",4,4,"F[0, 20] T(1, green {(IR, 2), (Vis, 2)}) &&  G[20,40] F[0,10] T(1, blue, {(UV, 1), (Mo, 2)}) && F[5,25] T(2,yellow,{(UV,2),(Vis,2)}) && F[3,18] T(2,orange,{(Vis,2)}) && F[20,30] T(2,orange,{(Vis,2)})",20,10.638075113296509
False,False,0.5,False,50,"../TransitionSystems/IJRR_Env_Size/TS_[4, 5]_20_50.yaml","../OutputFiles/IJRR_Env_Size/Solution_(False, False, 0.5, False)_[4, 5]_20_50",4,5,"F[0, 20] T(1, green {(IR, 2), (Vis, 2)}) &&  G[20,40] F[0,10] T(1, blue, {(UV, 1), (Mo, 2)}) && F[5,25] T(2,yellow,{(UV,2),(Vis,2)}) && F[3,18] T(2,orange,{(Vis,2)}) && F[20,30] T(2,orange,{(Vis,2)})",20,600.6057291030884
True,False,0.5,False,50,"../TransitionSystems/IJRR_Env_Size/TS_[4, 5]_20_50.yaml","../OutputFiles/IJRR_Env_Size/Solution_(True, False, 0.5, False)_[4, 5]_20_50",4,5,"F[0, 20] T(1, green {(IR, 2), (Vis, 2)}) &&  G[20,40] F[0,10] T(1, blue, {(UV, 1), (Mo, 2)}) && F[5,25] T(2,yellow,{(UV,2),(Vis,2)}) && F[3,18] T(2,orange,{(Vis,2)}) && F[20,30] T(2,orange,{(Vis,2)})",20,600.5914330482483
True,False,0.5,True,50,"../TransitionSystems/IJRR_Env_Size/TS_[4, 5]_20_50.yaml","../OutputFiles/IJRR_Env_Size/Solution_(True, False, 0.5, True)_[4, 5]_20_50",4,5,"F[0, 20] T(1, green {(IR, 2), (Vis, 2)}) &&  G[20,40] F[0,10] T(1, blue, {(UV, 1), (Mo, 2)}) && F[5,25] T(2,yellow,{(UV,2),(Vis,2)}) && F[3,18] T(2,orange,{(Vis,2)}) && F[20,30] T(2,orange,{(Vis,2)})",20,600.610857963562
False,True,0.5,False,50,"../TransitionSystems/IJRR_Env_Size/TS_[4, 5]_20_50.yaml","../OutputFiles/IJRR_Env_Size/Solution_(False, True, 0.5, False)_[4, 5]_20_50",4,5,"F[0, 20] T(1, green {(IR, 2), (Vis, 2)}) &&  G[20,40] F[0,10] T(1, blue, {(UV, 1), (Mo, 2)}) && F[5,25] T(2,yellow,{(UV,2),(Vis,2)}) && F[3,18] T(2,orange,{(Vis,2)}) && F[20,30] T(2,orange,{(Vis,2)})",20,600.6131110191345
True,True,0.5,True,50,"../TransitionSystems/IJRR_Env_Size/TS_[4, 5]_20_50.yaml","../OutputFiles/IJRR_Env_Size/Solution_(True, True, 0.5, True)_[4, 5]_20_50",4,5,"F[0, 20] T(1, green {(IR, 2), (Vis, 2)}) &&  G[20,40] F[0,10] T(1, blue, {(UV, 1), (Mo, 2)}) && F[5,25] T(2,yellow,{(UV,2),(Vis,2)}) && F[3,18] T(2,orange,{(Vis,2)}) && F[20,30] T(2,orange,{(Vis,2)})",20,600.6176218986511
False,False,0.5,False,51,"../TransitionSystems/IJRR_Env_Size/TS_[4, 5]_20_51.yaml","../OutputFiles/IJRR_Env_Size/Solution_(False, False, 0.5, False)_[4, 5]_20_51",4,5,"F[0, 20] T(1, green {(IR, 2), (Vis, 2)}) &&  G[20,40] F[0,10] T(1, blue, {(UV, 1), (Mo, 2)}) && F[5,25] T(2,yellow,{(UV,2),(Vis,2)}) && F[3,18] T(2,orange,{(Vis,2)}) && F[20,30] T(2,orange,{(Vis,2)})",20,117.830894947052
True,False,0.5,False,51,"../TransitionSystems/IJRR_Env_Size/TS_[4, 5]_20_51.yaml","../OutputFiles/IJRR_Env_Size/Solution_(True, False, 0.5, False)_[4, 5]_20_51",4,5,"F[0, 20] T(1, green {(IR, 2), (Vis, 2)}) &&  G[20,40] F[0,10] T(1, blue, {(UV, 1), (Mo, 2)}) && F[5,25] T(2,yellow,{(UV,2),(Vis,2)}) && F[3,18] T(2,orange,{(Vis,2)}) && F[20,30] T(2,orange,{(Vis,2)})",20,117.03145098686218
True,False,0.5,True,51,"../TransitionSystems/IJRR_Env_Size/TS_[4, 5]_20_51.yaml","../OutputFiles/IJRR_Env_Size/Solution_(True, False, 0.5, True)_[4, 5]_20_51",4,5,"F[0, 20] T(1, green {(IR, 2), (Vis, 2)}) &&  G[20,40] F[0,10] T(1, blue, {(UV, 1), (Mo, 2)}) && F[5,25] T(2,yellow,{(UV,2),(Vis,2)}) && F[3,18] T(2,orange,{(Vis,2)}) && F[20,30] T(2,orange,{(Vis,2)})",20,117.29022312164307
False,True,0.5,False,51,"../TransitionSystems/IJRR_Env_Size/TS_[4, 5]_20_51.yaml","../OutputFiles/IJRR_Env_Size/Solution_(False, True, 0.5, False)_[4, 5]_20_51",4,5,"F[0, 20] T(1, green {(IR, 2), (Vis, 2)}) &&  G[20,40] F[0,10] T(1, blue, {(UV, 1), (Mo, 2)}) && F[5,25] T(2,yellow,{(UV,2),(Vis,2)}) && F[3,18] T(2,orange,{(Vis,2)}) && F[20,30] T(2,orange,{(Vis,2)})",20,117.22353315353394
True,True,0.5,True,51,"../TransitionSystems/IJRR_Env_Size/TS_[4, 5]_20_51.yaml","../OutputFiles/IJRR_Env_Size/Solution_(True, True, 0.5, True)_[4, 5]_20_51",4,5,"F[0, 20] T(1, green {(IR, 2), (Vis, 2)}) &&  G[20,40] F[0,10] T(1, blue, {(UV, 1), (Mo, 2)}) && F[5,25] T(2,yellow,{(UV,2),(Vis,2)}) && F[3,18] T(2,orange,{(Vis,2)}) && F[20,30] T(2,orange,{(Vis,2)})",20,117.37442016601562
False,False,0.5,False,52,"../TransitionSystems/IJRR_Env_Size/TS_[4, 5]_20_52.yaml","../OutputFiles/IJRR_Env_Size/Solution_(False, False, 0.5, False)_[4, 5]_20_52",4,5,"F[0, 20] T(1, green {(IR, 2), (Vis, 2)}) &&  G[20,40] F[0,10] T(1, blue, {(UV, 1), (Mo, 2)}) && F[5,25] T(2,yellow,{(UV,2),(Vis,2)}) && F[3,18] T(2,orange,{(Vis,2)}) && F[20,30] T(2,orange,{(Vis,2)})",20,4.015701055526733
True,False,0.5,False,52,"../TransitionSystems/IJRR_Env_Size/TS_[4, 5]_20_52.yaml","../OutputFiles/IJRR_Env_Size/Solution_(True, False, 0.5, False)_[4, 5]_20_52",4,5,"F[0, 20] T(1, green {(IR, 2), (Vis, 2)}) &&  G[20,40] F[0,10] T(1, blue, {(UV, 1), (Mo, 2)}) && F[5,25] T(2,yellow,{(UV,2),(Vis,2)}) && F[3,18] T(2,orange,{(Vis,2)}) && F[20,30] T(2,orange,{(Vis,2)})",20,3.9797070026397705
True,False,0.5,True,52,"../TransitionSystems/IJRR_Env_Size/TS_[4, 5]_20_52.yaml","../OutputFiles/IJRR_Env_Size/Solution_(True, False, 0.5, True)_[4, 5]_20_52",4,5,"F[0, 20] T(1, green {(IR, 2), (Vis, 2)}) &&  G[20,40] F[0,10] T(1, blue, {(UV, 1), (Mo, 2)}) && F[5,25] T(2,yellow,{(UV,2),(Vis,2)}) && F[3,18] T(2,orange,{(Vis,2)}) && F[20,30] T(2,orange,{(Vis,2)})",20,3.976127862930298
False,True,0.5,False,52,"../TransitionSystems/IJRR_Env_Size/TS_[4, 5]_20_52.yaml","../OutputFiles/IJRR_Env_Size/Solution_(False, True, 0.5, False)_[4, 5]_20_52",4,5,"F[0, 20] T(1, green {(IR, 2), (Vis, 2)}) &&  G[20,40] F[0,10] T(1, blue, {(UV, 1), (Mo, 2)}) && F[5,25] T(2,yellow,{(UV,2),(Vis,2)}) && F[3,18] T(2,orange,{(Vis,2)}) && F[20,30] T(2,orange,{(Vis,2)})",20,3.9201838970184326
True,True,0.5,True,52,"../TransitionSystems/IJRR_Env_Size/TS_[4, 5]_20_52.yaml","../OutputFiles/IJRR_Env_Size/Solution_(True, True, 0.5, True)_[4, 5]_20_52",4,5,"F[0, 20] T(1, green {(IR, 2), (Vis, 2)}) &&  G[20,40] F[0,10] T(1, blue, {(UV, 1), (Mo, 2)}) && F[5,25] T(2,yellow,{(UV,2),(Vis,2)}) && F[3,18] T(2,orange,{(Vis,2)}) && F[20,30] T(2,orange,{(Vis,2)})",20,3.9962520599365234
False,False,0.5,False,53,"../TransitionSystems/IJRR_Env_Size/TS_[4, 5]_20_53.yaml","../OutputFiles/IJRR_Env_Size/Solution_(False, False, 0.5, False)_[4, 5]_20_53",4,5,"F[0, 20] T(1, green {(IR, 2), (Vis, 2)}) &&  G[20,40] F[0,10] T(1, blue, {(UV, 1), (Mo, 2)}) && F[5,25] T(2,yellow,{(UV,2),(Vis,2)}) && F[3,18] T(2,orange,{(Vis,2)}) && F[20,30] T(2,orange,{(Vis,2)})",20,59.54494595527649
True,False,0.5,False,53,"../TransitionSystems/IJRR_Env_Size/TS_[4, 5]_20_53.yaml","../OutputFiles/IJRR_Env_Size/Solution_(True, False, 0.5, False)_[4, 5]_20_53",4,5,"F[0, 20] T(1, green {(IR, 2), (Vis, 2)}) &&  G[20,40] F[0,10] T(1, blue, {(UV, 1), (Mo, 2)}) && F[5,25] T(2,yellow,{(UV,2),(Vis,2)}) && F[3,18] T(2,orange,{(Vis,2)}) && F[20,30] T(2,orange,{(Vis,2)})",20,59.353055000305176
True,False,0.5,True,53,"../TransitionSystems/IJRR_Env_Size/TS_[4, 5]_20_53.yaml","../OutputFiles/IJRR_Env_Size/Solution_(True, False, 0.5, True)_[4, 5]_20_53",4,5,"F[0, 20] T(1, green {(IR, 2), (Vis, 2)}) &&  G[20,40] F[0,10] T(1, blue, {(UV, 1), (Mo, 2)}) && F[5,25] T(2,yellow,{(UV,2),(Vis,2)}) && F[3,18] T(2,orange,{(Vis,2)}) && F[20,30] T(2,orange,{(Vis,2)})",20,59.332813024520874
False,True,0.5,False,53,"../TransitionSystems/IJRR_Env_Size/TS_[4, 5]_20_53.yaml","../OutputFiles/IJRR_Env_Size/Solution_(False, True, 0.5, False)_[4, 5]_20_53",4,5,"F[0, 20] T(1, green {(IR, 2), (Vis, 2)}) &&  G[20,40] F[0,10] T(1, blue, {(UV, 1), (Mo, 2)}) && F[5,25] T(2,yellow,{(UV,2),(Vis,2)}) && F[3,18] T(2,orange,{(Vis,2)}) && F[20,30] T(2,orange,{(Vis,2)})",20,59.69897198677063
True,True,0.5,True,53,"../TransitionSystems/IJRR_Env_Size/TS_[4, 5]_20_53.yaml","../OutputFiles/IJRR_Env_Size/Solution_(True, True, 0.5, True)_[4, 5]_20_53",4,5,"F[0, 20] T(1, green {(IR, 2), (Vis, 2)}) &&  G[20,40] F[0,10] T(1, blue, {(UV, 1), (Mo, 2)}) && F[5,25] T(2,yellow,{(UV,2),(Vis,2)}) && F[3,18] T(2,orange,{(Vis,2)}) && F[20,30] T(2,orange,{(Vis,2)})",20,59.49637293815613
False,False,0.5,False,54,"../TransitionSystems/IJRR_Env_Size/TS_[4, 5]_20_54.yaml","../OutputFiles/IJRR_Env_Size/Solution_(False, False, 0.5, False)_[4, 5]_20_54",4,5,"F[0, 20] T(1, green {(IR, 2), (Vis, 2)}) &&  G[20,40] F[0,10] T(1, blue, {(UV, 1), (Mo, 2)}) && F[5,25] T(2,yellow,{(UV,2),(Vis,2)}) && F[3,18] T(2,orange,{(Vis,2)}) && F[20,30] T(2,orange,{(Vis,2)})",20,600.6043071746826
True,False,0.5,False,54,"../TransitionSystems/IJRR_Env_Size/TS_[4, 5]_20_54.yaml","../OutputFiles/IJRR_Env_Size/Solution_(True, False, 0.5, False)_[4, 5]_20_54",4,5,"F[0, 20] T(1, green {(IR, 2), (Vis, 2)}) &&  G[20,40] F[0,10] T(1, blue, {(UV, 1), (Mo, 2)}) && F[5,25] T(2,yellow,{(UV,2),(Vis,2)}) && F[3,18] T(2,orange,{(Vis,2)}) && F[20,30] T(2,orange,{(Vis,2)})",20,600.599809885025
True,False,0.5,True,54,"../TransitionSystems/IJRR_Env_Size/TS_[4, 5]_20_54.yaml","../OutputFiles/IJRR_Env_Size/Solution_(True, False, 0.5, True)_[4, 5]_20_54",4,5,"F[0, 20] T(1, green {(IR, 2), (Vis, 2)}) &&  G[20,40] F[0,10] T(1, blue, {(UV, 1), (Mo, 2)}) && F[5,25] T(2,yellow,{(UV,2),(Vis,2)}) && F[3,18] T(2,orange,{(Vis,2)}) && F[20,30] T(2,orange,{(Vis,2)})",20,600.6110079288483
False,True,0.5,False,54,"../TransitionSystems/IJRR_Env_Size/TS_[4, 5]_20_54.yaml","../OutputFiles/IJRR_Env_Size/Solution_(False, True, 0.5, False)_[4, 5]_20_54",4,5,"F[0, 20] T(1, green {(IR, 2), (Vis, 2)}) &&  G[20,40] F[0,10] T(1, blue, {(UV, 1), (Mo, 2)}) && F[5,25] T(2,yellow,{(UV,2),(Vis,2)}) && F[3,18] T(2,orange,{(Vis,2)}) && F[20,30] T(2,orange,{(Vis,2)})",20,600.5467281341553
True,True,0.5,True,54,"../TransitionSystems/IJRR_Env_Size/TS_[4, 5]_20_54.yaml","../OutputFiles/IJRR_Env_Size/Solution_(True, True, 0.5, True)_[4, 5]_20_54",4,5,"F[0, 20] T(1, green {(IR, 2), (Vis, 2)}) &&  G[20,40] F[0,10] T(1, blue, {(UV, 1), (Mo, 2)}) && F[5,25] T(2,yellow,{(UV,2),(Vis,2)}) && F[3,18] T(2,orange,{(Vis,2)}) && F[20,30] T(2,orange,{(Vis,2)})",20,600.6333360671997
False,False,0.5,False,55,"../TransitionSystems/IJRR_Env_Size/TS_[4, 5]_20_55.yaml","../OutputFiles/IJRR_Env_Size/Solution_(False, False, 0.5, False)_[4, 5]_20_55",4,5,"F[0, 20] T(1, green {(IR, 2), (Vis, 2)}) &&  G[20,40] F[0,10] T(1, blue, {(UV, 1), (Mo, 2)}) && F[5,25] T(2,yellow,{(UV,2),(Vis,2)}) && F[3,18] T(2,orange,{(Vis,2)}) && F[20,30] T(2,orange,{(Vis,2)})",20,125.25761985778809
True,False,0.5,False,55,"../TransitionSystems/IJRR_Env_Size/TS_[4, 5]_20_55.yaml","../OutputFiles/IJRR_Env_Size/Solution_(True, False, 0.5, False)_[4, 5]_20_55",4,5,"F[0, 20] T(1, green {(IR, 2), (Vis, 2)}) &&  G[20,40] F[0,10] T(1, blue, {(UV, 1), (Mo, 2)}) && F[5,25] T(2,yellow,{(UV,2),(Vis,2)}) && F[3,18] T(2,orange,{(Vis,2)}) && F[20,30] T(2,orange,{(Vis,2)})",20,128.1632730960846
True,False,0.5,True,55,"../TransitionSystems/IJRR_Env_Size/TS_[4, 5]_20_55.yaml","../OutputFiles/IJRR_Env_Size/Solution_(True, False, 0.5, True)_[4, 5]_20_55",4,5,"F[0, 20] T(1, green {(IR, 2), (Vis, 2)}) &&  G[20,40] F[0,10] T(1, blue, {(UV, 1), (Mo, 2)}) && F[5,25] T(2,yellow,{(UV,2),(Vis,2)}) && F[3,18] T(2,orange,{(Vis,2)}) && F[20,30] T(2,orange,{(Vis,2)})",20,125.27683591842651
False,True,0.5,False,55,"../TransitionSystems/IJRR_Env_Size/TS_[4, 5]_20_55.yaml","../OutputFiles/IJRR_Env_Size/Solution_(False, True, 0.5, False)_[4, 5]_20_55",4,5,"F[0, 20] T(1, green {(IR, 2), (Vis, 2)}) &&  G[20,40] F[0,10] T(1, blue, {(UV, 1), (Mo, 2)}) && F[5,25] T(2,yellow,{(UV,2),(Vis,2)}) && F[3,18] T(2,orange,{(Vis,2)}) && F[20,30] T(2,orange,{(Vis,2)})",20,125.47492408752441
True,True,0.5,True,55,"../TransitionSystems/IJRR_Env_Size/TS_[4, 5]_20_55.yaml","../OutputFiles/IJRR_Env_Size/Solution_(True, True, 0.5, True)_[4, 5]_20_55",4,5,"F[0, 20] T(1, green {(IR, 2), (Vis, 2)}) &&  G[20,40] F[0,10] T(1, blue, {(UV, 1), (Mo, 2)}) && F[5,25] T(2,yellow,{(UV,2),(Vis,2)}) && F[3,18] T(2,orange,{(Vis,2)}) && F[20,30] T(2,orange,{(Vis,2)})",20,125.33557295799255
False,False,0.5,False,56,"../TransitionSystems/IJRR_Env_Size/TS_[4, 5]_20_56.yaml","../OutputFiles/IJRR_Env_Size/Solution_(False, False, 0.5, False)_[4, 5]_20_56",4,5,"F[0, 20] T(1, green {(IR, 2), (Vis, 2)}) &&  G[20,40] F[0,10] T(1, blue, {(UV, 1), (Mo, 2)}) && F[5,25] T(2,yellow,{(UV,2),(Vis,2)}) && F[3,18] T(2,orange,{(Vis,2)}) && F[20,30] T(2,orange,{(Vis,2)})",20,13.8590989112854
True,False,0.5,False,56,"../TransitionSystems/IJRR_Env_Size/TS_[4, 5]_20_56.yaml","../OutputFiles/IJRR_Env_Size/Solution_(True, False, 0.5, False)_[4, 5]_20_56",4,5,"F[0, 20] T(1, green {(IR, 2), (Vis, 2)}) &&  G[20,40] F[0,10] T(1, blue, {(UV, 1), (Mo, 2)}) && F[5,25] T(2,yellow,{(UV,2),(Vis,2)}) && F[3,18] T(2,orange,{(Vis,2)}) && F[20,30] T(2,orange,{(Vis,2)})",20,13.827055931091309
True,False,0.5,True,56,"../TransitionSystems/IJRR_Env_Size/TS_[4, 5]_20_56.yaml","../OutputFiles/IJRR_Env_Size/Solution_(True, False, 0.5, True)_[4, 5]_20_56",4,5,"F[0, 20] T(1, green {(IR, 2), (Vis, 2)}) &&  G[20,40] F[0,10] T(1, blue, {(UV, 1), (Mo, 2)}) && F[5,25] T(2,yellow,{(UV,2),(Vis,2)}) && F[3,18] T(2,orange,{(Vis,2)}) && F[20,30] T(2,orange,{(Vis,2)})",20,13.739459991455078
False,True,0.5,False,56,"../TransitionSystems/IJRR_Env_Size/TS_[4, 5]_20_56.yaml","../OutputFiles/IJRR_Env_Size/Solution_(False, True, 0.5, False)_[4, 5]_20_56",4,5,"F[0, 20] T(1, green {(IR, 2), (Vis, 2)}) &&  G[20,40] F[0,10] T(1, blue, {(UV, 1), (Mo, 2)}) && F[5,25] T(2,yellow,{(UV,2),(Vis,2)}) && F[3,18] T(2,orange,{(Vis,2)}) && F[20,30] T(2,orange,{(Vis,2)})",20,13.850422859191895
True,True,0.5,True,56,"../TransitionSystems/IJRR_Env_Size/TS_[4, 5]_20_56.yaml","../OutputFiles/IJRR_Env_Size/Solution_(True, True, 0.5, True)_[4, 5]_20_56",4,5,"F[0, 20] T(1, green {(IR, 2), (Vis, 2)}) &&  G[20,40] F[0,10] T(1, blue, {(UV, 1), (Mo, 2)}) && F[5,25] T(2,yellow,{(UV,2),(Vis,2)}) && F[3,18] T(2,orange,{(Vis,2)}) && F[20,30] T(2,orange,{(Vis,2)})",20,13.795341968536377
False,False,0.5,False,57,"../TransitionSystems/IJRR_Env_Size/TS_[4, 5]_20_57.yaml","../OutputFiles/IJRR_Env_Size/Solution_(False, False, 0.5, False)_[4, 5]_20_57",4,5,"F[0, 20] T(1, green {(IR, 2), (Vis, 2)}) &&  G[20,40] F[0,10] T(1, blue, {(UV, 1), (Mo, 2)}) && F[5,25] T(2,yellow,{(UV,2),(Vis,2)}) && F[3,18] T(2,orange,{(Vis,2)}) && F[20,30] T(2,orange,{(Vis,2)})",20,584.3979978561401
True,False,0.5,False,57,"../TransitionSystems/IJRR_Env_Size/TS_[4, 5]_20_57.yaml","../OutputFiles/IJRR_Env_Size/Solution_(True, False, 0.5, False)_[4, 5]_20_57",4,5,"F[0, 20] T(1, green {(IR, 2), (Vis, 2)}) &&  G[20,40] F[0,10] T(1, blue, {(UV, 1), (Mo, 2)}) && F[5,25] T(2,yellow,{(UV,2),(Vis,2)}) && F[3,18] T(2,orange,{(Vis,2)}) && F[20,30] T(2,orange,{(Vis,2)})",20,585.2886438369751
True,False,0.5,True,57,"../TransitionSystems/IJRR_Env_Size/TS_[4, 5]_20_57.yaml","../OutputFiles/IJRR_Env_Size/Solution_(True, False, 0.5, True)_[4, 5]_20_57",4,5,"F[0, 20] T(1, green {(IR, 2), (Vis, 2)}) &&  G[20,40] F[0,10] T(1, blue, {(UV, 1), (Mo, 2)}) && F[5,25] T(2,yellow,{(UV,2),(Vis,2)}) && F[3,18] T(2,orange,{(Vis,2)}) && F[20,30] T(2,orange,{(Vis,2)})",20,585.7790710926056
False,True,0.5,False,57,"../TransitionSystems/IJRR_Env_Size/TS_[4, 5]_20_57.yaml","../OutputFiles/IJRR_Env_Size/Solution_(False, True, 0.5, False)_[4, 5]_20_57",4,5,"F[0, 20] T(1, green {(IR, 2), (Vis, 2)}) &&  G[20,40] F[0,10] T(1, blue, {(UV, 1), (Mo, 2)}) && F[5,25] T(2,yellow,{(UV,2),(Vis,2)}) && F[3,18] T(2,orange,{(Vis,2)}) && F[20,30] T(2,orange,{(Vis,2)})",20,586.452821969986
True,True,0.5,True,57,"../TransitionSystems/IJRR_Env_Size/TS_[4, 5]_20_57.yaml","../OutputFiles/IJRR_Env_Size/Solution_(True, True, 0.5, True)_[4, 5]_20_57",4,5,"F[0, 20] T(1, green {(IR, 2), (Vis, 2)}) &&  G[20,40] F[0,10] T(1, blue, {(UV, 1), (Mo, 2)}) && F[5,25] T(2,yellow,{(UV,2),(Vis,2)}) && F[3,18] T(2,orange,{(Vis,2)}) && F[20,30] T(2,orange,{(Vis,2)})",20,587.5983729362488
False,False,0.5,False,58,"../TransitionSystems/IJRR_Env_Size/TS_[4, 5]_20_58.yaml","../OutputFiles/IJRR_Env_Size/Solution_(False, False, 0.5, False)_[4, 5]_20_58",4,5,"F[0, 20] T(1, green {(IR, 2), (Vis, 2)}) &&  G[20,40] F[0,10] T(1, blue, {(UV, 1), (Mo, 2)}) && F[5,25] T(2,yellow,{(UV,2),(Vis,2)}) && F[3,18] T(2,orange,{(Vis,2)}) && F[20,30] T(2,orange,{(Vis,2)})",20,109.71683692932129
True,False,0.5,False,58,"../TransitionSystems/IJRR_Env_Size/TS_[4, 5]_20_58.yaml","../OutputFiles/IJRR_Env_Size/Solution_(True, False, 0.5, False)_[4, 5]_20_58",4,5,"F[0, 20] T(1, green {(IR, 2), (Vis, 2)}) &&  G[20,40] F[0,10] T(1, blue, {(UV, 1), (Mo, 2)}) && F[5,25] T(2,yellow,{(UV,2),(Vis,2)}) && F[3,18] T(2,orange,{(Vis,2)}) && F[20,30] T(2,orange,{(Vis,2)})",20,109.87197995185852
True,False,0.5,True,58,"../TransitionSystems/IJRR_Env_Size/TS_[4, 5]_20_58.yaml","../OutputFiles/IJRR_Env_Size/Solution_(True, False, 0.5, True)_[4, 5]_20_58",4,5,"F[0, 20] T(1, green {(IR, 2), (Vis, 2)}) &&  G[20,40] F[0,10] T(1, blue, {(UV, 1), (Mo, 2)}) && F[5,25] T(2,yellow,{(UV,2),(Vis,2)}) && F[3,18] T(2,orange,{(Vis,2)}) && F[20,30] T(2,orange,{(Vis,2)})",20,110.08053207397461
False,True,0.5,False,58,"../TransitionSystems/IJRR_Env_Size/TS_[4, 5]_20_58.yaml","../OutputFiles/IJRR_Env_Size/Solution_(False, True, 0.5, False)_[4, 5]_20_58",4,5,"F[0, 20] T(1, green {(IR, 2), (Vis, 2)}) &&  G[20,40] F[0,10] T(1, blue, {(UV, 1), (Mo, 2)}) && F[5,25] T(2,yellow,{(UV,2),(Vis,2)}) && F[3,18] T(2,orange,{(Vis,2)}) && F[20,30] T(2,orange,{(Vis,2)})",20,109.66372990608215
True,True,0.5,True,58,"../TransitionSystems/IJRR_Env_Size/TS_[4, 5]_20_58.yaml","../OutputFiles/IJRR_Env_Size/Solution_(True, True, 0.5, True)_[4, 5]_20_58",4,5,"F[0, 20] T(1, green {(IR, 2), (Vis, 2)}) &&  G[20,40] F[0,10] T(1, blue, {(UV, 1), (Mo, 2)}) && F[5,25] T(2,yellow,{(UV,2),(Vis,2)}) && F[3,18] T(2,orange,{(Vis,2)}) && F[20,30] T(2,orange,{(Vis,2)})",20,109.86449193954468
False,False,0.5,False,50,"../TransitionSystems/IJRR_Env_Size/TS_[5, 5]_20_50.yaml","../OutputFiles/IJRR_Env_Size/Solution_(False, False, 0.5, False)_[5, 5]_20_50",5,5,"F[0, 20] T(1, green {(IR, 2), (Vis, 2)}) &&  G[20,40] F[0,10] T(1, blue, {(UV, 1), (Mo, 2)}) && F[5,25] T(2,yellow,{(UV,2),(Vis,2)}) && F[3,18] T(2,orange,{(Vis,2)}) && F[20,30] T(2,orange,{(Vis,2)})",20,42.54589796066284
True,False,0.5,False,50,"../TransitionSystems/IJRR_Env_Size/TS_[5, 5]_20_50.yaml","../OutputFiles/IJRR_Env_Size/Solution_(True, False, 0.5, False)_[5, 5]_20_50",5,5,"F[0, 20] T(1, green {(IR, 2), (Vis, 2)}) &&  G[20,40] F[0,10] T(1, blue, {(UV, 1), (Mo, 2)}) && F[5,25] T(2,yellow,{(UV,2),(Vis,2)}) && F[3,18] T(2,orange,{(Vis,2)}) && F[20,30] T(2,orange,{(Vis,2)})",20,42.61157298088074
True,False,0.5,True,50,"../TransitionSystems/IJRR_Env_Size/TS_[5, 5]_20_50.yaml","../OutputFiles/IJRR_Env_Size/Solution_(True, False, 0.5, True)_[5, 5]_20_50",5,5,"F[0, 20] T(1, green {(IR, 2), (Vis, 2)}) &&  G[20,40] F[0,10] T(1, blue, {(UV, 1), (Mo, 2)}) && F[5,25] T(2,yellow,{(UV,2),(Vis,2)}) && F[3,18] T(2,orange,{(Vis,2)}) && F[20,30] T(2,orange,{(Vis,2)})",20,42.32191705703735
False,True,0.5,False,50,"../TransitionSystems/IJRR_Env_Size/TS_[5, 5]_20_50.yaml","../OutputFiles/IJRR_Env_Size/Solution_(False, True, 0.5, False)_[5, 5]_20_50",5,5,"F[0, 20] T(1, green {(IR, 2), (Vis, 2)}) &&  G[20,40] F[0,10] T(1, blue, {(UV, 1), (Mo, 2)}) && F[5,25] T(2,yellow,{(UV,2),(Vis,2)}) && F[3,18] T(2,orange,{(Vis,2)}) && F[20,30] T(2,orange,{(Vis,2)})",20,42.42680907249451
True,True,0.5,True,50,"../TransitionSystems/IJRR_Env_Size/TS_[5, 5]_20_50.yaml","../OutputFiles/IJRR_Env_Size/Solution_(True, True, 0.5, True)_[5, 5]_20_50",5,5,"F[0, 20] T(1, green {(IR, 2), (Vis, 2)}) &&  G[20,40] F[0,10] T(1, blue, {(UV, 1), (Mo, 2)}) && F[5,25] T(2,yellow,{(UV,2),(Vis,2)}) && F[3,18] T(2,orange,{(Vis,2)}) && F[20,30] T(2,orange,{(Vis,2)})",20,42.40203499794006
False,False,0.5,False,51,"../TransitionSystems/IJRR_Env_Size/TS_[5, 5]_20_51.yaml","../OutputFiles/IJRR_Env_Size/Solution_(False, False, 0.5, False)_[5, 5]_20_51",5,5,"F[0, 20] T(1, green {(IR, 2), (Vis, 2)}) &&  G[20,40] F[0,10] T(1, blue, {(UV, 1), (Mo, 2)}) && F[5,25] T(2,yellow,{(UV,2),(Vis,2)}) && F[3,18] T(2,orange,{(Vis,2)}) && F[20,30] T(2,orange,{(Vis,2)})",20,175.9205288887024
True,False,0.5,False,51,"../TransitionSystems/IJRR_Env_Size/TS_[5, 5]_20_51.yaml","../OutputFiles/IJRR_Env_Size/Solution_(True, False, 0.5, False)_[5, 5]_20_51",5,5,"F[0, 20] T(1, green {(IR, 2), (Vis, 2)}) &&  G[20,40] F[0,10] T(1, blue, {(UV, 1), (Mo, 2)}) && F[5,25] T(2,yellow,{(UV,2),(Vis,2)}) && F[3,18] T(2,orange,{(Vis,2)}) && F[20,30] T(2,orange,{(Vis,2)})",20,175.84384298324585
True,False,0.5,True,51,"../TransitionSystems/IJRR_Env_Size/TS_[5, 5]_20_51.yaml","../OutputFiles/IJRR_Env_Size/Solution_(True, False, 0.5, True)_[5, 5]_20_51",5,5,"F[0, 20] T(1, green {(IR, 2), (Vis, 2)}) &&  G[20,40] F[0,10] T(1, blue, {(UV, 1), (Mo, 2)}) && F[5,25] T(2,yellow,{(UV,2),(Vis,2)}) && F[3,18] T(2,orange,{(Vis,2)}) && F[20,30] T(2,orange,{(Vis,2)})",20,175.34134197235107
False,True,0.5,False,51,"../TransitionSystems/IJRR_Env_Size/TS_[5, 5]_20_51.yaml","../OutputFiles/IJRR_Env_Size/Solution_(False, True, 0.5, False)_[5, 5]_20_51",5,5,"F[0, 20] T(1, green {(IR, 2), (Vis, 2)}) &&  G[20,40] F[0,10] T(1, blue, {(UV, 1), (Mo, 2)}) && F[5,25] T(2,yellow,{(UV,2),(Vis,2)}) && F[3,18] T(2,orange,{(Vis,2)}) && F[20,30] T(2,orange,{(Vis,2)})",20,176.0238471031189
True,True,0.5,True,51,"../TransitionSystems/IJRR_Env_Size/TS_[5, 5]_20_51.yaml","../OutputFiles/IJRR_Env_Size/Solution_(True, True, 0.5, True)_[5, 5]_20_51",5,5,"F[0, 20] T(1, green {(IR, 2), (Vis, 2)}) &&  G[20,40] F[0,10] T(1, blue, {(UV, 1), (Mo, 2)}) && F[5,25] T(2,yellow,{(UV,2),(Vis,2)}) && F[3,18] T(2,orange,{(Vis,2)}) && F[20,30] T(2,orange,{(Vis,2)})",20,176.20820212364197
False,False,0.5,False,52,"../TransitionSystems/IJRR_Env_Size/TS_[5, 5]_20_52.yaml","../OutputFiles/IJRR_Env_Size/Solution_(False, False, 0.5, False)_[5, 5]_20_52",5,5,"F[0, 20] T(1, green {(IR, 2), (Vis, 2)}) &&  G[20,40] F[0,10] T(1, blue, {(UV, 1), (Mo, 2)}) && F[5,25] T(2,yellow,{(UV,2),(Vis,2)}) && F[3,18] T(2,orange,{(Vis,2)}) && F[20,30] T(2,orange,{(Vis,2)})",20,159.53857707977295
True,False,0.5,False,52,"../TransitionSystems/IJRR_Env_Size/TS_[5, 5]_20_52.yaml","../OutputFiles/IJRR_Env_Size/Solution_(True, False, 0.5, False)_[5, 5]_20_52",5,5,"F[0, 20] T(1, green {(IR, 2), (Vis, 2)}) &&  G[20,40] F[0,10] T(1, blue, {(UV, 1), (Mo, 2)}) && F[5,25] T(2,yellow,{(UV,2),(Vis,2)}) && F[3,18] T(2,orange,{(Vis,2)}) && F[20,30] T(2,orange,{(Vis,2)})",20,159.04115390777588
True,False,0.5,True,52,"../TransitionSystems/IJRR_Env_Size/TS_[5, 5]_20_52.yaml","../OutputFiles/IJRR_Env_Size/Solution_(True, False, 0.5, True)_[5, 5]_20_52",5,5,"F[0, 20] T(1, green {(IR, 2), (Vis, 2)}) &&  G[20,40] F[0,10] T(1, blue, {(UV, 1), (Mo, 2)}) && F[5,25] T(2,yellow,{(UV,2),(Vis,2)}) && F[3,18] T(2,orange,{(Vis,2)}) && F[20,30] T(2,orange,{(Vis,2)})",20,158.60948300361633
False,True,0.5,False,52,"../TransitionSystems/IJRR_Env_Size/TS_[5, 5]_20_52.yaml","../OutputFiles/IJRR_Env_Size/Solution_(False, True, 0.5, False)_[5, 5]_20_52",5,5,"F[0, 20] T(1, green {(IR, 2), (Vis, 2)}) &&  G[20,40] F[0,10] T(1, blue, {(UV, 1), (Mo, 2)}) && F[5,25] T(2,yellow,{(UV,2),(Vis,2)}) && F[3,18] T(2,orange,{(Vis,2)}) && F[20,30] T(2,orange,{(Vis,2)})",20,159.41271591186523
True,True,0.5,True,52,"../TransitionSystems/IJRR_Env_Size/TS_[5, 5]_20_52.yaml","../OutputFiles/IJRR_Env_Size/Solution_(True, True, 0.5, True)_[5, 5]_20_52",5,5,"F[0, 20] T(1, green {(IR, 2), (Vis, 2)}) &&  G[20,40] F[0,10] T(1, blue, {(UV, 1), (Mo, 2)}) && F[5,25] T(2,yellow,{(UV,2),(Vis,2)}) && F[3,18] T(2,orange,{(Vis,2)}) && F[20,30] T(2,orange,{(Vis,2)})",20,159.10090398788452
False,False,0.5,False,53,"../TransitionSystems/IJRR_Env_Size/TS_[5, 5]_20_53.yaml","../OutputFiles/IJRR_Env_Size/Solution_(False, False, 0.5, False)_[5, 5]_20_53",5,5,"F[0, 20] T(1, green {(IR, 2), (Vis, 2)}) &&  G[20,40] F[0,10] T(1, blue, {(UV, 1), (Mo, 2)}) && F[5,25] T(2,yellow,{(UV,2),(Vis,2)}) && F[3,18] T(2,orange,{(Vis,2)}) && F[20,30] T(2,orange,{(Vis,2)})",20,103.06348490715027
True,False,0.5,False,53,"../TransitionSystems/IJRR_Env_Size/TS_[5, 5]_20_53.yaml","../OutputFiles/IJRR_Env_Size/Solution_(True, False, 0.5, False)_[5, 5]_20_53",5,5,"F[0, 20] T(1, green {(IR, 2), (Vis, 2)}) &&  G[20,40] F[0,10] T(1, blue, {(UV, 1), (Mo, 2)}) && F[5,25] T(2,yellow,{(UV,2),(Vis,2)}) && F[3,18] T(2,orange,{(Vis,2)}) && F[20,30] T(2,orange,{(Vis,2)})",20,103.06108617782593
True,False,0.5,True,53,"../TransitionSystems/IJRR_Env_Size/TS_[5, 5]_20_53.yaml","../OutputFiles/IJRR_Env_Size/Solution_(True, False, 0.5, True)_[5, 5]_20_53",5,5,"F[0, 20] T(1, green {(IR, 2), (Vis, 2)}) &&  G[20,40] F[0,10] T(1, blue, {(UV, 1), (Mo, 2)}) && F[5,25] T(2,yellow,{(UV,2),(Vis,2)}) && F[3,18] T(2,orange,{(Vis,2)}) && F[20,30] T(2,orange,{(Vis,2)})",20,103.21891903877258
False,True,0.5,False,53,"../TransitionSystems/IJRR_Env_Size/TS_[5, 5]_20_53.yaml","../OutputFiles/IJRR_Env_Size/Solution_(False, True, 0.5, False)_[5, 5]_20_53",5,5,"F[0, 20] T(1, green {(IR, 2), (Vis, 2)}) &&  G[20,40] F[0,10] T(1, blue, {(UV, 1), (Mo, 2)}) && F[5,25] T(2,yellow,{(UV,2),(Vis,2)}) && F[3,18] T(2,orange,{(Vis,2)}) && F[20,30] T(2,orange,{(Vis,2)})",20,102.94187593460083
True,True,0.5,True,53,"../TransitionSystems/IJRR_Env_Size/TS_[5, 5]_20_53.yaml","../OutputFiles/IJRR_Env_Size/Solution_(True, True, 0.5, True)_[5, 5]_20_53",5,5,"F[0, 20] T(1, green {(IR, 2), (Vis, 2)}) &&  G[20,40] F[0,10] T(1, blue, {(UV, 1), (Mo, 2)}) && F[5,25] T(2,yellow,{(UV,2),(Vis,2)}) && F[3,18] T(2,orange,{(Vis,2)}) && F[20,30] T(2,orange,{(Vis,2)})",20,103.1792459487915
False,False,0.5,False,54,"../TransitionSystems/IJRR_Env_Size/TS_[5, 5]_20_54.yaml","../OutputFiles/IJRR_Env_Size/Solution_(False, False, 0.5, False)_[5, 5]_20_54",5,5,"F[0, 20] T(1, green {(IR, 2), (Vis, 2)}) &&  G[20,40] F[0,10] T(1, blue, {(UV, 1), (Mo, 2)}) && F[5,25] T(2,yellow,{(UV,2),(Vis,2)}) && F[3,18] T(2,orange,{(Vis,2)}) && F[20,30] T(2,orange,{(Vis,2)})",20,262.51443219184875
True,False,0.5,False,54,"../TransitionSystems/IJRR_Env_Size/TS_[5, 5]_20_54.yaml","../OutputFiles/IJRR_Env_Size/Solution_(True, False, 0.5, False)_[5, 5]_20_54",5,5,"F[0, 20] T(1, green {(IR, 2), (Vis, 2)}) &&  G[20,40] F[0,10] T(1, blue, {(UV, 1), (Mo, 2)}) && F[5,25] T(2,yellow,{(UV,2),(Vis,2)}) && F[3,18] T(2,orange,{(Vis,2)}) && F[20,30] T(2,orange,{(Vis,2)})",20,263.08380794525146
True,False,0.5,True,54,"../TransitionSystems/IJRR_Env_Size/TS_[5, 5]_20_54.yaml","../OutputFiles/IJRR_Env_Size/Solution_(True, False, 0.5, True)_[5, 5]_20_54",5,5,"F[0, 20] T(1, green {(IR, 2), (Vis, 2)}) &&  G[20,40] F[0,10] T(1, blue, {(UV, 1), (Mo, 2)}) && F[5,25] T(2,yellow,{(UV,2),(Vis,2)}) && F[3,18] T(2,orange,{(Vis,2)}) && F[20,30] T(2,orange,{(Vis,2)})",20,263.4087550640106
False,True,0.5,False,54,"../TransitionSystems/IJRR_Env_Size/TS_[5, 5]_20_54.yaml","../OutputFiles/IJRR_Env_Size/Solution_(False, True, 0.5, False)_[5, 5]_20_54",5,5,"F[0, 20] T(1, green {(IR, 2), (Vis, 2)}) &&  G[20,40] F[0,10] T(1, blue, {(UV, 1), (Mo, 2)}) && F[5,25] T(2,yellow,{(UV,2),(Vis,2)}) && F[3,18] T(2,orange,{(Vis,2)}) && F[20,30] T(2,orange,{(Vis,2)})",20,262.5434799194336
True,True,0.5,True,54,"../TransitionSystems/IJRR_Env_Size/TS_[5, 5]_20_54.yaml","../OutputFiles/IJRR_Env_Size/Solution_(True, True, 0.5, True)_[5, 5]_20_54",5,5,"F[0, 20] T(1, green {(IR, 2), (Vis, 2)}) &&  G[20,40] F[0,10] T(1, blue, {(UV, 1), (Mo, 2)}) && F[5,25] T(2,yellow,{(UV,2),(Vis,2)}) && F[3,18] T(2,orange,{(Vis,2)}) && F[20,30] T(2,orange,{(Vis,2)})",20,262.4769320487976
False,False,0.5,False,55,"../TransitionSystems/IJRR_Env_Size/TS_[5, 5]_20_55.yaml","../OutputFiles/IJRR_Env_Size/Solution_(False, False, 0.5, False)_[5, 5]_20_55",5,5,"F[0, 20] T(1, green {(IR, 2), (Vis, 2)}) &&  G[20,40] F[0,10] T(1, blue, {(UV, 1), (Mo, 2)}) && F[5,25] T(2,yellow,{(UV,2),(Vis,2)}) && F[3,18] T(2,orange,{(Vis,2)}) && F[20,30] T(2,orange,{(Vis,2)})",20,59.943598985672
True,False,0.5,False,55,"../TransitionSystems/IJRR_Env_Size/TS_[5, 5]_20_55.yaml","../OutputFiles/IJRR_Env_Size/Solution_(True, False, 0.5, False)_[5, 5]_20_55",5,5,"F[0, 20] T(1, green {(IR, 2), (Vis, 2)}) &&  G[20,40] F[0,10] T(1, blue, {(UV, 1), (Mo, 2)}) && F[5,25] T(2,yellow,{(UV,2),(Vis,2)}) && F[3,18] T(2,orange,{(Vis,2)}) && F[20,30] T(2,orange,{(Vis,2)})",20,60.44337201118469
True,False,0.5,True,55,"../TransitionSystems/IJRR_Env_Size/TS_[5, 5]_20_55.yaml","../OutputFiles/IJRR_Env_Size/Solution_(True, False, 0.5, True)_[5, 5]_20_55",5,5,"F[0, 20] T(1, green {(IR, 2), (Vis, 2)}) &&  G[20,40] F[0,10] T(1, blue, {(UV, 1), (Mo, 2)}) && F[5,25] T(2,yellow,{(UV,2),(Vis,2)}) && F[3,18] T(2,orange,{(Vis,2)}) && F[20,30] T(2,orange,{(Vis,2)})",20,60.70722794532776
False,True,0.5,False,55,"../TransitionSystems/IJRR_Env_Size/TS_[5, 5]_20_55.yaml","../OutputFiles/IJRR_Env_Size/Solution_(False, True, 0.5, False)_[5, 5]_20_55",5,5,"F[0, 20] T(1, green {(IR, 2), (Vis, 2)}) &&  G[20,40] F[0,10] T(1, blue, {(UV, 1), (Mo, 2)}) && F[5,25] T(2,yellow,{(UV,2),(Vis,2)}) && F[3,18] T(2,orange,{(Vis,2)}) && F[20,30] T(2,orange,{(Vis,2)})",20,60.55290102958679
True,True,0.5,True,55,"../TransitionSystems/IJRR_Env_Size/TS_[5, 5]_20_55.yaml","../OutputFiles/IJRR_Env_Size/Solution_(True, True, 0.5, True)_[5, 5]_20_55",5,5,"F[0, 20] T(1, green {(IR, 2), (Vis, 2)}) &&  G[20,40] F[0,10] T(1, blue, {(UV, 1), (Mo, 2)}) && F[5,25] T(2,yellow,{(UV,2),(Vis,2)}) && F[3,18] T(2,orange,{(Vis,2)}) && F[20,30] T(2,orange,{(Vis,2)})",20,60.08488607406616
False,False,0.5,False,56,"../TransitionSystems/IJRR_Env_Size/TS_[5, 5]_20_56.yaml","../OutputFiles/IJRR_Env_Size/Solution_(False, False, 0.5, False)_[5, 5]_20_56",5,5,"F[0, 20] T(1, green {(IR, 2), (Vis, 2)}) &&  G[20,40] F[0,10] T(1, blue, {(UV, 1), (Mo, 2)}) && F[5,25] T(2,yellow,{(UV,2),(Vis,2)}) && F[3,18] T(2,orange,{(Vis,2)}) && F[20,30] T(2,orange,{(Vis,2)})",20,230.37017107009888
True,False,0.5,False,56,"../TransitionSystems/IJRR_Env_Size/TS_[5, 5]_20_56.yaml","../OutputFiles/IJRR_Env_Size/Solution_(True, False, 0.5, False)_[5, 5]_20_56",5,5,"F[0, 20] T(1, green {(IR, 2), (Vis, 2)}) &&  G[20,40] F[0,10] T(1, blue, {(UV, 1), (Mo, 2)}) && F[5,25] T(2,yellow,{(UV,2),(Vis,2)}) && F[3,18] T(2,orange,{(Vis,2)}) && F[20,30] T(2,orange,{(Vis,2)})",20,230.30847311019897
True,False,0.5,True,56,"../TransitionSystems/IJRR_Env_Size/TS_[5, 5]_20_56.yaml","../OutputFiles/IJRR_Env_Size/Solution_(True, False, 0.5, True)_[5, 5]_20_56",5,5,"F[0, 20] T(1, green {(IR, 2), (Vis, 2)}) &&  G[20,40] F[0,10] T(1, blue, {(UV, 1), (Mo, 2)}) && F[5,25] T(2,yellow,{(UV,2),(Vis,2)}) && F[3,18] T(2,orange,{(Vis,2)}) && F[20,30] T(2,orange,{(Vis,2)})",20,230.40253114700317
False,True,0.5,False,56,"../TransitionSystems/IJRR_Env_Size/TS_[5, 5]_20_56.yaml","../OutputFiles/IJRR_Env_Size/Solution_(False, True, 0.5, False)_[5, 5]_20_56",5,5,"F[0, 20] T(1, green {(IR, 2), (Vis, 2)}) &&  G[20,40] F[0,10] T(1, blue, {(UV, 1), (Mo, 2)}) && F[5,25] T(2,yellow,{(UV,2),(Vis,2)}) && F[3,18] T(2,orange,{(Vis,2)}) && F[20,30] T(2,orange,{(Vis,2)})",20,230.89424514770508
True,True,0.5,True,56,"../TransitionSystems/IJRR_Env_Size/TS_[5, 5]_20_56.yaml","../OutputFiles/IJRR_Env_Size/Solution_(True, True, 0.5, True)_[5, 5]_20_56",5,5,"F[0, 20] T(1, green {(IR, 2), (Vis, 2)}) &&  G[20,40] F[0,10] T(1, blue, {(UV, 1), (Mo, 2)}) && F[5,25] T(2,yellow,{(UV,2),(Vis,2)}) && F[3,18] T(2,orange,{(Vis,2)}) && F[20,30] T(2,orange,{(Vis,2)})",20,230.72252202033997
False,False,0.5,False,57,"../TransitionSystems/IJRR_Env_Size/TS_[5, 5]_20_57.yaml","../OutputFiles/IJRR_Env_Size/Solution_(False, False, 0.5, False)_[5, 5]_20_57",5,5,"F[0, 20] T(1, green {(IR, 2), (Vis, 2)}) &&  G[20,40] F[0,10] T(1, blue, {(UV, 1), (Mo, 2)}) && F[5,25] T(2,yellow,{(UV,2),(Vis,2)}) && F[3,18] T(2,orange,{(Vis,2)}) && F[20,30] T(2,orange,{(Vis,2)})",20,101.24687886238098
True,False,0.5,False,57,"../TransitionSystems/IJRR_Env_Size/TS_[5, 5]_20_57.yaml","../OutputFiles/IJRR_Env_Size/Solution_(True, False, 0.5, False)_[5, 5]_20_57",5,5,"F[0, 20] T(1, green {(IR, 2), (Vis, 2)}) &&  G[20,40] F[0,10] T(1, blue, {(UV, 1), (Mo, 2)}) && F[5,25] T(2,yellow,{(UV,2),(Vis,2)}) && F[3,18] T(2,orange,{(Vis,2)}) && F[20,30] T(2,orange,{(Vis,2)})",20,101.4735279083252
True,False,0.5,True,57,"../TransitionSystems/IJRR_Env_Size/TS_[5, 5]_20_57.yaml","../OutputFiles/IJRR_Env_Size/Solution_(True, False, 0.5, True)_[5, 5]_20_57",5,5,"F[0, 20] T(1, green {(IR, 2), (Vis, 2)}) &&  G[20,40] F[0,10] T(1, blue, {(UV, 1), (Mo, 2)}) && F[5,25] T(2,yellow,{(UV,2),(Vis,2)}) && F[3,18] T(2,orange,{(Vis,2)}) && F[20,30] T(2,orange,{(Vis,2)})",20,101.55796909332275
False,True,0.5,False,57,"../TransitionSystems/IJRR_Env_Size/TS_[5, 5]_20_57.yaml","../OutputFiles/IJRR_Env_Size/Solution_(False, True, 0.5, False)_[5, 5]_20_57",5,5,"F[0, 20] T(1, green {(IR, 2), (Vis, 2)}) &&  G[20,40] F[0,10] T(1, blue, {(UV, 1), (Mo, 2)}) && F[5,25] T(2,yellow,{(UV,2),(Vis,2)}) && F[3,18] T(2,orange,{(Vis,2)}) && F[20,30] T(2,orange,{(Vis,2)})",20,101.56114196777344
True,True,0.5,True,57,"../TransitionSystems/IJRR_Env_Size/TS_[5, 5]_20_57.yaml","../OutputFiles/IJRR_Env_Size/Solution_(True, True, 0.5, True)_[5, 5]_20_57",5,5,"F[0, 20] T(1, green {(IR, 2), (Vis, 2)}) &&  G[20,40] F[0,10] T(1, blue, {(UV, 1), (Mo, 2)}) && F[5,25] T(2,yellow,{(UV,2),(Vis,2)}) && F[3,18] T(2,orange,{(Vis,2)}) && F[20,30] T(2,orange,{(Vis,2)})",20,101.4181649684906
False,False,0.5,False,58,"../TransitionSystems/IJRR_Env_Size/TS_[5, 5]_20_58.yaml","../OutputFiles/IJRR_Env_Size/Solution_(False, False, 0.5, False)_[5, 5]_20_58",5,5,"F[0, 20] T(1, green {(IR, 2), (Vis, 2)}) &&  G[20,40] F[0,10] T(1, blue, {(UV, 1), (Mo, 2)}) && F[5,25] T(2,yellow,{(UV,2),(Vis,2)}) && F[3,18] T(2,orange,{(Vis,2)}) && F[20,30] T(2,orange,{(Vis,2)})",20,70.24354100227356
True,False,0.5,False,58,"../TransitionSystems/IJRR_Env_Size/TS_[5, 5]_20_58.yaml","../OutputFiles/IJRR_Env_Size/Solution_(True, False, 0.5, False)_[5, 5]_20_58",5,5,"F[0, 20] T(1, green {(IR, 2), (Vis, 2)}) &&  G[20,40] F[0,10] T(1, blue, {(UV, 1), (Mo, 2)}) && F[5,25] T(2,yellow,{(UV,2),(Vis,2)}) && F[3,18] T(2,orange,{(Vis,2)}) && F[20,30] T(2,orange,{(Vis,2)})",20,70.13334894180298
True,False,0.5,True,58,"../TransitionSystems/IJRR_Env_Size/TS_[5, 5]_20_58.yaml","../OutputFiles/IJRR_Env_Size/Solution_(True, False, 0.5, True)_[5, 5]_20_58",5,5,"F[0, 20] T(1, green {(IR, 2), (Vis, 2)}) &&  G[20,40] F[0,10] T(1, blue, {(UV, 1), (Mo, 2)}) && F[5,25] T(2,yellow,{(UV,2),(Vis,2)}) && F[3,18] T(2,orange,{(Vis,2)}) && F[20,30] T(2,orange,{(Vis,2)})",20,69.91163611412048
False,True,0.5,False,58,"../TransitionSystems/IJRR_Env_Size/TS_[5, 5]_20_58.yaml","../OutputFiles/IJRR_Env_Size/Solution_(False, True, 0.5, False)_[5, 5]_20_58",5,5,"F[0, 20] T(1, green {(IR, 2), (Vis, 2)}) &&  G[20,40] F[0,10] T(1, blue, {(UV, 1), (Mo, 2)}) && F[5,25] T(2,yellow,{(UV,2),(Vis,2)}) && F[3,18] T(2,orange,{(Vis,2)}) && F[20,30] T(2,orange,{(Vis,2)})",20,69.64966702461243
True,True,0.5,True,58,"../TransitionSystems/IJRR_Env_Size/TS_[5, 5]_20_58.yaml","../OutputFiles/IJRR_Env_Size/Solution_(True, True, 0.5, True)_[5, 5]_20_58",5,5,"F[0, 20] T(1, green {(IR, 2), (Vis, 2)}) &&  G[20,40] F[0,10] T(1, blue, {(UV, 1), (Mo, 2)}) && F[5,25] T(2,yellow,{(UV,2),(Vis,2)}) && F[3,18] T(2,orange,{(Vis,2)}) && F[20,30] T(2,orange,{(Vis,2)})",20,69.79472398757935
False,False,0.5,False,59,"../TransitionSystems/IJRR_Env_Size/TS_[5, 5]_20_59.yaml","../OutputFiles/IJRR_Env_Size/Solution_(False, False, 0.5, False)_[5, 5]_20_59",5,5,"F[0, 20] T(1, green {(IR, 2), (Vis, 2)}) &&  G[20,40] F[0,10] T(1, blue, {(UV, 1), (Mo, 2)}) && F[5,25] T(2,yellow,{(UV,2),(Vis,2)}) && F[3,18] T(2,orange,{(Vis,2)}) && F[20,30] T(2,orange,{(Vis,2)})",20,7.237843990325928
True,False,0.5,False,59,"../TransitionSystems/IJRR_Env_Size/TS_[5, 5]_20_59.yaml","../OutputFiles/IJRR_Env_Size/Solution_(True, False, 0.5, False)_[5, 5]_20_59",5,5,"F[0, 20] T(1, green {(IR, 2), (Vis, 2)}) &&  G[20,40] F[0,10] T(1, blue, {(UV, 1), (Mo, 2)}) && F[5,25] T(2,yellow,{(UV,2),(Vis,2)}) && F[3,18] T(2,orange,{(Vis,2)}) && F[20,30] T(2,orange,{(Vis,2)})",20,7.2448060512542725
True,False,0.5,True,59,"../TransitionSystems/IJRR_Env_Size/TS_[5, 5]_20_59.yaml","../OutputFiles/IJRR_Env_Size/Solution_(True, False, 0.5, True)_[5, 5]_20_59",5,5,"F[0, 20] T(1, green {(IR, 2), (Vis, 2)}) &&  G[20,40] F[0,10] T(1, blue, {(UV, 1), (Mo, 2)}) && F[5,25] T(2,yellow,{(UV,2),(Vis,2)}) && F[3,18] T(2,orange,{(Vis,2)}) && F[20,30] T(2,orange,{(Vis,2)})",20,7.239559173583984
False,True,0.5,False,59,"../TransitionSystems/IJRR_Env_Size/TS_[5, 5]_20_59.yaml","../OutputFiles/IJRR_Env_Size/Solution_(False, True, 0.5, False)_[5, 5]_20_59",5,5,"F[0, 20] T(1, green {(IR, 2), (Vis, 2)}) &&  G[20,40] F[0,10] T(1, blue, {(UV, 1), (Mo, 2)}) && F[5,25] T(2,yellow,{(UV,2),(Vis,2)}) && F[3,18] T(2,orange,{(Vis,2)}) && F[20,30] T(2,orange,{(Vis,2)})",20,7.371793031692505
True,True,0.5,True,59,"../TransitionSystems/IJRR_Env_Size/TS_[5, 5]_20_59.yaml","../OutputFiles/IJRR_Env_Size/Solution_(True, True, 0.5, True)_[5, 5]_20_59",5,5,"F[0, 20] T(1, green {(IR, 2), (Vis, 2)}) &&  G[20,40] F[0,10] T(1, blue, {(UV, 1), (Mo, 2)}) && F[5,25] T(2,yellow,{(UV,2),(Vis,2)}) && F[3,18] T(2,orange,{(Vis,2)}) && F[20,30] T(2,orange,{(Vis,2)})",20,7.275107145309448
False,False,0.5,False,60,"../TransitionSystems/IJRR_Env_Size/TS_[5, 5]_20_60.yaml","../OutputFiles/IJRR_Env_Size/Solution_(False, False, 0.5, False)_[5, 5]_20_60",5,5,"F[0, 20] T(1, green {(IR, 2), (Vis, 2)}) &&  G[20,40] F[0,10] T(1, blue, {(UV, 1), (Mo, 2)}) && F[5,25] T(2,yellow,{(UV,2),(Vis,2)}) && F[3,18] T(2,orange,{(Vis,2)}) && F[20,30] T(2,orange,{(Vis,2)})",20,601.1098599433899
True,False,0.5,False,60,"../TransitionSystems/IJRR_Env_Size/TS_[5, 5]_20_60.yaml","../OutputFiles/IJRR_Env_Size/Solution_(True, False, 0.5, False)_[5, 5]_20_60",5,5,"F[0, 20] T(1, green {(IR, 2), (Vis, 2)}) &&  G[20,40] F[0,10] T(1, blue, {(UV, 1), (Mo, 2)}) && F[5,25] T(2,yellow,{(UV,2),(Vis,2)}) && F[3,18] T(2,orange,{(Vis,2)}) && F[20,30] T(2,orange,{(Vis,2)})",20,601.0660171508789
True,False,0.5,True,60,"../TransitionSystems/IJRR_Env_Size/TS_[5, 5]_20_60.yaml","../OutputFiles/IJRR_Env_Size/Solution_(True, False, 0.5, True)_[5, 5]_20_60",5,5,"F[0, 20] T(1, green {(IR, 2), (Vis, 2)}) &&  G[20,40] F[0,10] T(1, blue, {(UV, 1), (Mo, 2)}) && F[5,25] T(2,yellow,{(UV,2),(Vis,2)}) && F[3,18] T(2,orange,{(Vis,2)}) && F[20,30] T(2,orange,{(Vis,2)})",20,601.0927710533142
False,True,0.5,False,60,"../TransitionSystems/IJRR_Env_Size/TS_[5, 5]_20_60.yaml","../OutputFiles/IJRR_Env_Size/Solution_(False, True, 0.5, False)_[5, 5]_20_60",5,5,"F[0, 20] T(1, green {(IR, 2), (Vis, 2)}) &&  G[20,40] F[0,10] T(1, blue, {(UV, 1), (Mo, 2)}) && F[5,25] T(2,yellow,{(UV,2),(Vis,2)}) && F[3,18] T(2,orange,{(Vis,2)}) && F[20,30] T(2,orange,{(Vis,2)})",20,601.0718328952789
True,True,0.5,True,60,"../TransitionSystems/IJRR_Env_Size/TS_[5, 5]_20_60.yaml","../OutputFiles/IJRR_Env_Size/Solution_(True, True, 0.5, True)_[5, 5]_20_60",5,5,"F[0, 20] T(1, green {(IR, 2), (Vis, 2)}) &&  G[20,40] F[0,10] T(1, blue, {(UV, 1), (Mo, 2)}) && F[5,25] T(2,yellow,{(UV,2),(Vis,2)}) && F[3,18] T(2,orange,{(Vis,2)}) && F[20,30] T(2,orange,{(Vis,2)})",20,601.0816600322723
False,False,0.5,False,61,"../TransitionSystems/IJRR_Env_Size/TS_[5, 5]_20_61.yaml","../OutputFiles/IJRR_Env_Size/Solution_(False, False, 0.5, False)_[5, 5]_20_61",5,5,"F[0, 20] T(1, green {(IR, 2), (Vis, 2)}) &&  G[20,40] F[0,10] T(1, blue, {(UV, 1), (Mo, 2)}) && F[5,25] T(2,yellow,{(UV,2),(Vis,2)}) && F[3,18] T(2,orange,{(Vis,2)}) && F[20,30] T(2,orange,{(Vis,2)})",20,600.6266560554504
True,False,0.5,False,61,"../TransitionSystems/IJRR_Env_Size/TS_[5, 5]_20_61.yaml","../OutputFiles/IJRR_Env_Size/Solution_(True, False, 0.5, False)_[5, 5]_20_61",5,5,"F[0, 20] T(1, green {(IR, 2), (Vis, 2)}) &&  G[20,40] F[0,10] T(1, blue, {(UV, 1), (Mo, 2)}) && F[5,25] T(2,yellow,{(UV,2),(Vis,2)}) && F[3,18] T(2,orange,{(Vis,2)}) && F[20,30] T(2,orange,{(Vis,2)})",20,600.639937877655
True,False,0.5,True,61,"../TransitionSystems/IJRR_Env_Size/TS_[5, 5]_20_61.yaml","../OutputFiles/IJRR_Env_Size/Solution_(True, False, 0.5, True)_[5, 5]_20_61",5,5,"F[0, 20] T(1, green {(IR, 2), (Vis, 2)}) &&  G[20,40] F[0,10] T(1, blue, {(UV, 1), (Mo, 2)}) && F[5,25] T(2,yellow,{(UV,2),(Vis,2)}) && F[3,18] T(2,orange,{(Vis,2)}) && F[20,30] T(2,orange,{(Vis,2)})",20,600.6323330402374
False,True,0.5,False,61,"../TransitionSystems/IJRR_Env_Size/TS_[5, 5]_20_61.yaml","../OutputFiles/IJRR_Env_Size/Solution_(False, True, 0.5, False)_[5, 5]_20_61",5,5,"F[0, 20] T(1, green {(IR, 2), (Vis, 2)}) &&  G[20,40] F[0,10] T(1, blue, {(UV, 1), (Mo, 2)}) && F[5,25] T(2,yellow,{(UV,2),(Vis,2)}) && F[3,18] T(2,orange,{(Vis,2)}) && F[20,30] T(2,orange,{(Vis,2)})",20,600.6422529220581
True,True,0.5,True,61,"../TransitionSystems/IJRR_Env_Size/TS_[5, 5]_20_61.yaml","../OutputFiles/IJRR_Env_Size/Solution_(True, True, 0.5, True)_[5, 5]_20_61",5,5,"F[0, 20] T(1, green {(IR, 2), (Vis, 2)}) &&  G[20,40] F[0,10] T(1, blue, {(UV, 1), (Mo, 2)}) && F[5,25] T(2,yellow,{(UV,2),(Vis,2)}) && F[3,18] T(2,orange,{(Vis,2)}) && F[20,30] T(2,orange,{(Vis,2)})",20,600.6327419281006
False,False,0.5,False,62,"../TransitionSystems/IJRR_Env_Size/TS_[5, 5]_20_62.yaml","../OutputFiles/IJRR_Env_Size/Solution_(False, False, 0.5, False)_[5, 5]_20_62",5,5,"F[0, 20] T(1, green {(IR, 2), (Vis, 2)}) &&  G[20,40] F[0,10] T(1, blue, {(UV, 1), (Mo, 2)}) && F[5,25] T(2,yellow,{(UV,2),(Vis,2)}) && F[3,18] T(2,orange,{(Vis,2)}) && F[20,30] T(2,orange,{(Vis,2)})",20,6.708395957946777
True,False,0.5,False,62,"../TransitionSystems/IJRR_Env_Size/TS_[5, 5]_20_62.yaml","../OutputFiles/IJRR_Env_Size/Solution_(True, False, 0.5, False)_[5, 5]_20_62",5,5,"F[0, 20] T(1, green {(IR, 2), (Vis, 2)}) &&  G[20,40] F[0,10] T(1, blue, {(UV, 1), (Mo, 2)}) && F[5,25] T(2,yellow,{(UV,2),(Vis,2)}) && F[3,18] T(2,orange,{(Vis,2)}) && F[20,30] T(2,orange,{(Vis,2)})",20,6.788719892501831
True,False,0.5,True,62,"../TransitionSystems/IJRR_Env_Size/TS_[5, 5]_20_62.yaml","../OutputFiles/IJRR_Env_Size/Solution_(True, False, 0.5, True)_[5, 5]_20_62",5,5,"F[0, 20] T(1, green {(IR, 2), (Vis, 2)}) &&  G[20,40] F[0,10] T(1, blue, {(UV, 1), (Mo, 2)}) && F[5,25] T(2,yellow,{(UV,2),(Vis,2)}) && F[3,18] T(2,orange,{(Vis,2)}) && F[20,30] T(2,orange,{(Vis,2)})",20,6.726325035095215
False,True,0.5,False,62,"../TransitionSystems/IJRR_Env_Size/TS_[5, 5]_20_62.yaml","../OutputFiles/IJRR_Env_Size/Solution_(False, True, 0.5, False)_[5, 5]_20_62",5,5,"F[0, 20] T(1, green {(IR, 2), (Vis, 2)}) &&  G[20,40] F[0,10] T(1, blue, {(UV, 1), (Mo, 2)}) && F[5,25] T(2,yellow,{(UV,2),(Vis,2)}) && F[3,18] T(2,orange,{(Vis,2)}) && F[20,30] T(2,orange,{(Vis,2)})",20,6.67008900642395
True,True,0.5,True,62,"../TransitionSystems/IJRR_Env_Size/TS_[5, 5]_20_62.yaml","../OutputFiles/IJRR_Env_Size/Solution_(True, True, 0.5, True)_[5, 5]_20_62",5,5,"F[0, 20] T(1, green {(IR, 2), (Vis, 2)}) &&  G[20,40] F[0,10] T(1, blue, {(UV, 1), (Mo, 2)}) && F[5,25] T(2,yellow,{(UV,2),(Vis,2)}) && F[3,18] T(2,orange,{(Vis,2)}) && F[20,30] T(2,orange,{(Vis,2)})",20,6.746092081069946
False,False,0.5,False,63,"../TransitionSystems/IJRR_Env_Size/TS_[5, 5]_20_63.yaml","../OutputFiles/IJRR_Env_Size/Solution_(False, False, 0.5, False)_[5, 5]_20_63",5,5,"F[0, 20] T(1, green {(IR, 2), (Vis, 2)}) &&  G[20,40] F[0,10] T(1, blue, {(UV, 1), (Mo, 2)}) && F[5,25] T(2,yellow,{(UV,2),(Vis,2)}) && F[3,18] T(2,orange,{(Vis,2)}) && F[20,30] T(2,orange,{(Vis,2)})",20,119.21799898147583
True,False,0.5,False,63,"../TransitionSystems/IJRR_Env_Size/TS_[5, 5]_20_63.yaml","../OutputFiles/IJRR_Env_Size/Solution_(True, False, 0.5, False)_[5, 5]_20_63",5,5,"F[0, 20] T(1, green {(IR, 2), (Vis, 2)}) &&  G[20,40] F[0,10] T(1, blue, {(UV, 1), (Mo, 2)}) && F[5,25] T(2,yellow,{(UV,2),(Vis,2)}) && F[3,18] T(2,orange,{(Vis,2)}) && F[20,30] T(2,orange,{(Vis,2)})",20,118.83386492729187
True,False,0.5,True,63,"../TransitionSystems/IJRR_Env_Size/TS_[5, 5]_20_63.yaml","../OutputFiles/IJRR_Env_Size/Solution_(True, False, 0.5, True)_[5, 5]_20_63",5,5,"F[0, 20] T(1, green {(IR, 2), (Vis, 2)}) &&  G[20,40] F[0,10] T(1, blue, {(UV, 1), (Mo, 2)}) && F[5,25] T(2,yellow,{(UV,2),(Vis,2)}) && F[3,18] T(2,orange,{(Vis,2)}) && F[20,30] T(2,orange,{(Vis,2)})",20,119.00500583648682
False,True,0.5,False,63,"../TransitionSystems/IJRR_Env_Size/TS_[5, 5]_20_63.yaml","../OutputFiles/IJRR_Env_Size/Solution_(False, True, 0.5, False)_[5, 5]_20_63",5,5,"F[0, 20] T(1, green {(IR, 2), (Vis, 2)}) &&  G[20,40] F[0,10] T(1, blue, {(UV, 1), (Mo, 2)}) && F[5,25] T(2,yellow,{(UV,2),(Vis,2)}) && F[3,18] T(2,orange,{(Vis,2)}) && F[20,30] T(2,orange,{(Vis,2)})",20,118.92883896827698
True,True,0.5,True,63,"../TransitionSystems/IJRR_Env_Size/TS_[5, 5]_20_63.yaml","../OutputFiles/IJRR_Env_Size/Solution_(True, True, 0.5, True)_[5, 5]_20_63",5,5,"F[0, 20] T(1, green {(IR, 2), (Vis, 2)}) &&  G[20,40] F[0,10] T(1, blue, {(UV, 1), (Mo, 2)}) && F[5,25] T(2,yellow,{(UV,2),(Vis,2)}) && F[3,18] T(2,orange,{(Vis,2)}) && F[20,30] T(2,orange,{(Vis,2)})",20,118.72970795631409
False,False,0.5,False,64,"../TransitionSystems/IJRR_Env_Size/TS_[5, 5]_20_64.yaml","../OutputFiles/IJRR_Env_Size/Solution_(False, False, 0.5, False)_[5, 5]_20_64",5,5,"F[0, 20] T(1, green {(IR, 2), (Vis, 2)}) &&  G[20,40] F[0,10] T(1, blue, {(UV, 1), (Mo, 2)}) && F[5,25] T(2,yellow,{(UV,2),(Vis,2)}) && F[3,18] T(2,orange,{(Vis,2)}) && F[20,30] T(2,orange,{(Vis,2)})",20,600.6468181610107
True,False,0.5,False,64,"../TransitionSystems/IJRR_Env_Size/TS_[5, 5]_20_64.yaml","../OutputFiles/IJRR_Env_Size/Solution_(True, False, 0.5, False)_[5, 5]_20_64",5,5,"F[0, 20] T(1, green {(IR, 2), (Vis, 2)}) &&  G[20,40] F[0,10] T(1, blue, {(UV, 1), (Mo, 2)}) && F[5,25] T(2,yellow,{(UV,2),(Vis,2)}) && F[3,18] T(2,orange,{(Vis,2)}) && F[20,30] T(2,orange,{(Vis,2)})",20,600.6132388114929
True,False,0.5,True,64,"../TransitionSystems/IJRR_Env_Size/TS_[5, 5]_20_64.yaml","../OutputFiles/IJRR_Env_Size/Solution_(True, False, 0.5, True)_[5, 5]_20_64",5,5,"F[0, 20] T(1, green {(IR, 2), (Vis, 2)}) &&  G[20,40] F[0,10] T(1, blue, {(UV, 1), (Mo, 2)}) && F[5,25] T(2,yellow,{(UV,2),(Vis,2)}) && F[3,18] T(2,orange,{(Vis,2)}) && F[20,30] T(2,orange,{(Vis,2)})",20,600.6223199367523
False,True,0.5,False,64,"../TransitionSystems/IJRR_Env_Size/TS_[5, 5]_20_64.yaml","../OutputFiles/IJRR_Env_Size/Solution_(False, True, 0.5, False)_[5, 5]_20_64",5,5,"F[0, 20] T(1, green {(IR, 2), (Vis, 2)}) &&  G[20,40] F[0,10] T(1, blue, {(UV, 1), (Mo, 2)}) && F[5,25] T(2,yellow,{(UV,2),(Vis,2)}) && F[3,18] T(2,orange,{(Vis,2)}) && F[20,30] T(2,orange,{(Vis,2)})",20,600.5444231033325
True,True,0.5,True,64,"../TransitionSystems/IJRR_Env_Size/TS_[5, 5]_20_64.yaml","../OutputFiles/IJRR_Env_Size/Solution_(True, True, 0.5, True)_[5, 5]_20_64",5,5,"F[0, 20] T(1, green {(IR, 2), (Vis, 2)}) &&  G[20,40] F[0,10] T(1, blue, {(UV, 1), (Mo, 2)}) && F[5,25] T(2,yellow,{(UV,2),(Vis,2)}) && F[3,18] T(2,orange,{(Vis,2)}) && F[20,30] T(2,orange,{(Vis,2)})",20,600.6570649147034
False,False,0.5,False,65,"../TransitionSystems/IJRR_Env_Size/TS_[5, 5]_20_65.yaml","../OutputFiles/IJRR_Env_Size/Solution_(False, False, 0.5, False)_[5, 5]_20_65",5,5,"F[0, 20] T(1, green {(IR, 2), (Vis, 2)}) &&  G[20,40] F[0,10] T(1, blue, {(UV, 1), (Mo, 2)}) && F[5,25] T(2,yellow,{(UV,2),(Vis,2)}) && F[3,18] T(2,orange,{(Vis,2)}) && F[20,30] T(2,orange,{(Vis,2)})",20,600.8394639492035
True,False,0.5,False,65,"../TransitionSystems/IJRR_Env_Size/TS_[5, 5]_20_65.yaml","../OutputFiles/IJRR_Env_Size/Solution_(True, False, 0.5, False)_[5, 5]_20_65",5,5,"F[0, 20] T(1, green {(IR, 2), (Vis, 2)}) &&  G[20,40] F[0,10] T(1, blue, {(UV, 1), (Mo, 2)}) && F[5,25] T(2,yellow,{(UV,2),(Vis,2)}) && F[3,18] T(2,orange,{(Vis,2)}) && F[20,30] T(2,orange,{(Vis,2)})",20,601.1236081123352
True,False,0.5,True,65,"../TransitionSystems/IJRR_Env_Size/TS_[5, 5]_20_65.yaml","../OutputFiles/IJRR_Env_Size/Solution_(True, False, 0.5, True)_[5, 5]_20_65",5,5,"F[0, 20] T(1, green {(IR, 2), (Vis, 2)}) &&  G[20,40] F[0,10] T(1, blue, {(UV, 1), (Mo, 2)}) && F[5,25] T(2,yellow,{(UV,2),(Vis,2)}) && F[3,18] T(2,orange,{(Vis,2)}) && F[20,30] T(2,orange,{(Vis,2)})",20,600.8395178318024
False,True,0.5,False,65,"../TransitionSystems/IJRR_Env_Size/TS_[5, 5]_20_65.yaml","../OutputFiles/IJRR_Env_Size/Solution_(False, True, 0.5, False)_[5, 5]_20_65",5,5,"F[0, 20] T(1, green {(IR, 2), (Vis, 2)}) &&  G[20,40] F[0,10] T(1, blue, {(UV, 1), (Mo, 2)}) && F[5,25] T(2,yellow,{(UV,2),(Vis,2)}) && F[3,18] T(2,orange,{(Vis,2)}) && F[20,30] T(2,orange,{(Vis,2)})",20,601.0405950546265
True,True,0.5,True,65,"../TransitionSystems/IJRR_Env_Size/TS_[5, 5]_20_65.yaml","../OutputFiles/IJRR_Env_Size/Solution_(True, True, 0.5, True)_[5, 5]_20_65",5,5,"F[0, 20] T(1, green {(IR, 2), (Vis, 2)}) &&  G[20,40] F[0,10] T(1, blue, {(UV, 1), (Mo, 2)}) && F[5,25] T(2,yellow,{(UV,2),(Vis,2)}) && F[3,18] T(2,orange,{(Vis,2)}) && F[20,30] T(2,orange,{(Vis,2)})",20,3422.2941398620605
False,False,0.5,False,66,"../TransitionSystems/IJRR_Env_Size/TS_[5, 5]_20_66.yaml","../OutputFiles/IJRR_Env_Size/Solution_(False, False, 0.5, False)_[5, 5]_20_66",5,5,"F[0, 20] T(1, green {(IR, 2), (Vis, 2)}) &&  G[20,40] F[0,10] T(1, blue, {(UV, 1), (Mo, 2)}) && F[5,25] T(2,yellow,{(UV,2),(Vis,2)}) && F[3,18] T(2,orange,{(Vis,2)}) && F[20,30] T(2,orange,{(Vis,2)})",20,14.572525024414062
True,False,0.5,False,66,"../TransitionSystems/IJRR_Env_Size/TS_[5, 5]_20_66.yaml","../OutputFiles/IJRR_Env_Size/Solution_(True, False, 0.5, False)_[5, 5]_20_66",5,5,"F[0, 20] T(1, green {(IR, 2), (Vis, 2)}) &&  G[20,40] F[0,10] T(1, blue, {(UV, 1), (Mo, 2)}) && F[5,25] T(2,yellow,{(UV,2),(Vis,2)}) && F[3,18] T(2,orange,{(Vis,2)}) && F[20,30] T(2,orange,{(Vis,2)})",20,13.429764032363892
True,False,0.5,True,66,"../TransitionSystems/IJRR_Env_Size/TS_[5, 5]_20_66.yaml","../OutputFiles/IJRR_Env_Size/Solution_(True, False, 0.5, True)_[5, 5]_20_66",5,5,"F[0, 20] T(1, green {(IR, 2), (Vis, 2)}) &&  G[20,40] F[0,10] T(1, blue, {(UV, 1), (Mo, 2)}) && F[5,25] T(2,yellow,{(UV,2),(Vis,2)}) && F[3,18] T(2,orange,{(Vis,2)}) && F[20,30] T(2,orange,{(Vis,2)})",20,13.480649948120117
False,True,0.5,False,66,"../TransitionSystems/IJRR_Env_Size/TS_[5, 5]_20_66.yaml","../OutputFiles/IJRR_Env_Size/Solution_(False, True, 0.5, False)_[5, 5]_20_66",5,5,"F[0, 20] T(1, green {(IR, 2), (Vis, 2)}) &&  G[20,40] F[0,10] T(1, blue, {(UV, 1), (Mo, 2)}) && F[5,25] T(2,yellow,{(UV,2),(Vis,2)}) && F[3,18] T(2,orange,{(Vis,2)}) && F[20,30] T(2,orange,{(Vis,2)})",20,13.416815996170044
True,True,0.5,True,66,"../TransitionSystems/IJRR_Env_Size/TS_[5, 5]_20_66.yaml","../OutputFiles/IJRR_Env_Size/Solution_(True, True, 0.5, True)_[5, 5]_20_66",5,5,"F[0, 20] T(1, green {(IR, 2), (Vis, 2)}) &&  G[20,40] F[0,10] T(1, blue, {(UV, 1), (Mo, 2)}) && F[5,25] T(2,yellow,{(UV,2),(Vis,2)}) && F[3,18] T(2,orange,{(Vis,2)}) && F[20,30] T(2,orange,{(Vis,2)})",20,13.362875938415527
False,False,0.5,False,67,"../TransitionSystems/IJRR_Env_Size/TS_[5, 5]_20_67.yaml","../OutputFiles/IJRR_Env_Size/Solution_(False, False, 0.5, False)_[5, 5]_20_67",5,5,"F[0, 20] T(1, green {(IR, 2), (Vis, 2)}) &&  G[20,40] F[0,10] T(1, blue, {(UV, 1), (Mo, 2)}) && F[5,25] T(2,yellow,{(UV,2),(Vis,2)}) && F[3,18] T(2,orange,{(Vis,2)}) && F[20,30] T(2,orange,{(Vis,2)})",20,80.067880153656
True,False,0.5,False,67,"../TransitionSystems/IJRR_Env_Size/TS_[5, 5]_20_67.yaml","../OutputFiles/IJRR_Env_Size/Solution_(True, False, 0.5, False)_[5, 5]_20_67",5,5,"F[0, 20] T(1, green {(IR, 2), (Vis, 2)}) &&  G[20,40] F[0,10] T(1, blue, {(UV, 1), (Mo, 2)}) && F[5,25] T(2,yellow,{(UV,2),(Vis,2)}) && F[3,18] T(2,orange,{(Vis,2)}) && F[20,30] T(2,orange,{(Vis,2)})",20,79.96994519233704
True,False,0.5,True,67,"../TransitionSystems/IJRR_Env_Size/TS_[5, 5]_20_67.yaml","../OutputFiles/IJRR_Env_Size/Solution_(True, False, 0.5, True)_[5, 5]_20_67",5,5,"F[0, 20] T(1, green {(IR, 2), (Vis, 2)}) &&  G[20,40] F[0,10] T(1, blue, {(UV, 1), (Mo, 2)}) && F[5,25] T(2,yellow,{(UV,2),(Vis,2)}) && F[3,18] T(2,orange,{(Vis,2)}) && F[20,30] T(2,orange,{(Vis,2)})",20,80.48570013046265
False,True,0.5,False,67,"../TransitionSystems/IJRR_Env_Size/TS_[5, 5]_20_67.yaml","../OutputFiles/IJRR_Env_Size/Solution_(False, True, 0.5, False)_[5, 5]_20_67",5,5,"F[0, 20] T(1, green {(IR, 2), (Vis, 2)}) &&  G[20,40] F[0,10] T(1, blue, {(UV, 1), (Mo, 2)}) && F[5,25] T(2,yellow,{(UV,2),(Vis,2)}) && F[3,18] T(2,orange,{(Vis,2)}) && F[20,30] T(2,orange,{(Vis,2)})",20,81.47207999229431
True,True,0.5,True,67,"../TransitionSystems/IJRR_Env_Size/TS_[5, 5]_20_67.yaml","../OutputFiles/IJRR_Env_Size/Solution_(True, True, 0.5, True)_[5, 5]_20_67",5,5,"F[0, 20] T(1, green {(IR, 2), (Vis, 2)}) &&  G[20,40] F[0,10] T(1, blue, {(UV, 1), (Mo, 2)}) && F[5,25] T(2,yellow,{(UV,2),(Vis,2)}) && F[3,18] T(2,orange,{(Vis,2)}) && F[20,30] T(2,orange,{(Vis,2)})",20,82.04698085784912
False,False,0.5,False,68,"../TransitionSystems/IJRR_Env_Size/TS_[5, 5]_20_68.yaml","../OutputFiles/IJRR_Env_Size/Solution_(False, False, 0.5, False)_[5, 5]_20_68",5,5,"F[0, 20] T(1, green {(IR, 2), (Vis, 2)}) &&  G[20,40] F[0,10] T(1, blue, {(UV, 1), (Mo, 2)}) && F[5,25] T(2,yellow,{(UV,2),(Vis,2)}) && F[3,18] T(2,orange,{(Vis,2)}) && F[20,30] T(2,orange,{(Vis,2)})",20,600.8544750213623
True,False,0.5,False,68,"../TransitionSystems/IJRR_Env_Size/TS_[5, 5]_20_68.yaml","../OutputFiles/IJRR_Env_Size/Solution_(True, False, 0.5, False)_[5, 5]_20_68",5,5,"F[0, 20] T(1, green {(IR, 2), (Vis, 2)}) &&  G[20,40] F[0,10] T(1, blue, {(UV, 1), (Mo, 2)}) && F[5,25] T(2,yellow,{(UV,2),(Vis,2)}) && F[3,18] T(2,orange,{(Vis,2)}) && F[20,30] T(2,orange,{(Vis,2)})",20,600.8565969467163
True,False,0.5,True,68,"../TransitionSystems/IJRR_Env_Size/TS_[5, 5]_20_68.yaml","../OutputFiles/IJRR_Env_Size/Solution_(True, False, 0.5, True)_[5, 5]_20_68",5,5,"F[0, 20] T(1, green {(IR, 2), (Vis, 2)}) &&  G[20,40] F[0,10] T(1, blue, {(UV, 1), (Mo, 2)}) && F[5,25] T(2,yellow,{(UV,2),(Vis,2)}) && F[3,18] T(2,orange,{(Vis,2)}) && F[20,30] T(2,orange,{(Vis,2)})",20,600.8235418796539
False,True,0.5,False,68,"../TransitionSystems/IJRR_Env_Size/TS_[5, 5]_20_68.yaml","../OutputFiles/IJRR_Env_Size/Solution_(False, True, 0.5, False)_[5, 5]_20_68",5,5,"F[0, 20] T(1, green {(IR, 2), (Vis, 2)}) &&  G[20,40] F[0,10] T(1, blue, {(UV, 1), (Mo, 2)}) && F[5,25] T(2,yellow,{(UV,2),(Vis,2)}) && F[3,18] T(2,orange,{(Vis,2)}) && F[20,30] T(2,orange,{(Vis,2)})",20,600.8590657711029
True,True,0.5,True,68,"../TransitionSystems/IJRR_Env_Size/TS_[5, 5]_20_68.yaml","../OutputFiles/IJRR_Env_Size/Solution_(True, True, 0.5, True)_[5, 5]_20_68",5,5,"F[0, 20] T(1, green {(IR, 2), (Vis, 2)}) &&  G[20,40] F[0,10] T(1, blue, {(UV, 1), (Mo, 2)}) && F[5,25] T(2,yellow,{(UV,2),(Vis,2)}) && F[3,18] T(2,orange,{(Vis,2)}) && F[20,30] T(2,orange,{(Vis,2)})",20,600.9572160243988
False,False,0.5,False,69,"../TransitionSystems/IJRR_Env_Size/TS_[5, 5]_20_69.yaml","../OutputFiles/IJRR_Env_Size/Solution_(False, False, 0.5, False)_[5, 5]_20_69",5,5,"F[0, 20] T(1, green {(IR, 2), (Vis, 2)}) &&  G[20,40] F[0,10] T(1, blue, {(UV, 1), (Mo, 2)}) && F[5,25] T(2,yellow,{(UV,2),(Vis,2)}) && F[3,18] T(2,orange,{(Vis,2)}) && F[20,30] T(2,orange,{(Vis,2)})",20,10.740119218826294
True,False,0.5,False,69,"../TransitionSystems/IJRR_Env_Size/TS_[5, 5]_20_69.yaml","../OutputFiles/IJRR_Env_Size/Solution_(True, False, 0.5, False)_[5, 5]_20_69",5,5,"F[0, 20] T(1, green {(IR, 2), (Vis, 2)}) &&  G[20,40] F[0,10] T(1, blue, {(UV, 1), (Mo, 2)}) && F[5,25] T(2,yellow,{(UV,2),(Vis,2)}) && F[3,18] T(2,orange,{(Vis,2)}) && F[20,30] T(2,orange,{(Vis,2)})",20,10.670565128326416
True,False,0.5,True,69,"../TransitionSystems/IJRR_Env_Size/TS_[5, 5]_20_69.yaml","../OutputFiles/IJRR_Env_Size/Solution_(True, False, 0.5, True)_[5, 5]_20_69",5,5,"F[0, 20] T(1, green {(IR, 2), (Vis, 2)}) &&  G[20,40] F[0,10] T(1, blue, {(UV, 1), (Mo, 2)}) && F[5,25] T(2,yellow,{(UV,2),(Vis,2)}) && F[3,18] T(2,orange,{(Vis,2)}) && F[20,30] T(2,orange,{(Vis,2)})",20,10.211848974227905
False,True,0.5,False,69,"../TransitionSystems/IJRR_Env_Size/TS_[5, 5]_20_69.yaml","../OutputFiles/IJRR_Env_Size/Solution_(False, True, 0.5, False)_[5, 5]_20_69",5,5,"F[0, 20] T(1, green {(IR, 2), (Vis, 2)}) &&  G[20,40] F[0,10] T(1, blue, {(UV, 1), (Mo, 2)}) && F[5,25] T(2,yellow,{(UV,2),(Vis,2)}) && F[3,18] T(2,orange,{(Vis,2)}) && F[20,30] T(2,orange,{(Vis,2)})",20,10.31149697303772
True,True,0.5,True,69,"../TransitionSystems/IJRR_Env_Size/TS_[5, 5]_20_69.yaml","../OutputFiles/IJRR_Env_Size/Solution_(True, True, 0.5, True)_[5, 5]_20_69",5,5,"F[0, 20] T(1, green {(IR, 2), (Vis, 2)}) &&  G[20,40] F[0,10] T(1, blue, {(UV, 1), (Mo, 2)}) && F[5,25] T(2,yellow,{(UV,2),(Vis,2)}) && F[3,18] T(2,orange,{(Vis,2)}) && F[20,30] T(2,orange,{(Vis,2)})",20,10.615216970443726
False,False,0.5,False,70,"../TransitionSystems/IJRR_Env_Size/TS_[5, 5]_20_70.yaml","../OutputFiles/IJRR_Env_Size/Solution_(False, False, 0.5, False)_[5, 5]_20_70",5,5,"F[0, 20] T(1, green {(IR, 2), (Vis, 2)}) &&  G[20,40] F[0,10] T(1, blue, {(UV, 1), (Mo, 2)}) && F[5,25] T(2,yellow,{(UV,2),(Vis,2)}) && F[3,18] T(2,orange,{(Vis,2)}) && F[20,30] T(2,orange,{(Vis,2)})",20,70.15553498268127
True,False,0.5,False,70,"../TransitionSystems/IJRR_Env_Size/TS_[5, 5]_20_70.yaml","../OutputFiles/IJRR_Env_Size/Solution_(True, False, 0.5, False)_[5, 5]_20_70",5,5,"F[0, 20] T(1, green {(IR, 2), (Vis, 2)}) &&  G[20,40] F[0,10] T(1, blue, {(UV, 1), (Mo, 2)}) && F[5,25] T(2,yellow,{(UV,2),(Vis,2)}) && F[3,18] T(2,orange,{(Vis,2)}) && F[20,30] T(2,orange,{(Vis,2)})",20,70.04328608512878
True,False,0.5,True,70,"../TransitionSystems/IJRR_Env_Size/TS_[5, 5]_20_70.yaml","../OutputFiles/IJRR_Env_Size/Solution_(True, False, 0.5, True)_[5, 5]_20_70",5,5,"F[0, 20] T(1, green {(IR, 2), (Vis, 2)}) &&  G[20,40] F[0,10] T(1, blue, {(UV, 1), (Mo, 2)}) && F[5,25] T(2,yellow,{(UV,2),(Vis,2)}) && F[3,18] T(2,orange,{(Vis,2)}) && F[20,30] T(2,orange,{(Vis,2)})",20,70.09277296066284
False,True,0.5,False,70,"../TransitionSystems/IJRR_Env_Size/TS_[5, 5]_20_70.yaml","../OutputFiles/IJRR_Env_Size/Solution_(False, True, 0.5, False)_[5, 5]_20_70",5,5,"F[0, 20] T(1, green {(IR, 2), (Vis, 2)}) &&  G[20,40] F[0,10] T(1, blue, {(UV, 1), (Mo, 2)}) && F[5,25] T(2,yellow,{(UV,2),(Vis,2)}) && F[3,18] T(2,orange,{(Vis,2)}) && F[20,30] T(2,orange,{(Vis,2)})",20,69.99593496322632
True,True,0.5,True,70,"../TransitionSystems/IJRR_Env_Size/TS_[5, 5]_20_70.yaml","../OutputFiles/IJRR_Env_Size/Solution_(True, True, 0.5, True)_[5, 5]_20_70",5,5,"F[0, 20] T(1, green {(IR, 2), (Vis, 2)}) &&  G[20,40] F[0,10] T(1, blue, {(UV, 1), (Mo, 2)}) && F[5,25] T(2,yellow,{(UV,2),(Vis,2)}) && F[3,18] T(2,orange,{(Vis,2)}) && F[20,30] T(2,orange,{(Vis,2)})",20,69.99830913543701
False,False,0.5,False,50,"../TransitionSystems/IJRR_Env_Size/TS_[5, 6]_20_50.yaml","../OutputFiles/IJRR_Env_Size/Solution_(False, False, 0.5, False)_[5, 6]_20_50",5,6,"F[0, 20] T(1, green {(IR, 2), (Vis, 2)}) &&  G[20,40] F[0,10] T(1, blue, {(UV, 1), (Mo, 2)}) && F[5,25] T(2,yellow,{(UV,2),(Vis,2)}) && F[3,18] T(2,orange,{(Vis,2)}) && F[20,30] T(2,orange,{(Vis,2)})",20,209.7258288860321
True,False,0.5,False,50,"../TransitionSystems/IJRR_Env_Size/TS_[5, 6]_20_50.yaml","../OutputFiles/IJRR_Env_Size/Solution_(True, False, 0.5, False)_[5, 6]_20_50",5,6,"F[0, 20] T(1, green {(IR, 2), (Vis, 2)}) &&  G[20,40] F[0,10] T(1, blue, {(UV, 1), (Mo, 2)}) && F[5,25] T(2,yellow,{(UV,2),(Vis,2)}) && F[3,18] T(2,orange,{(Vis,2)}) && F[20,30] T(2,orange,{(Vis,2)})",20,209.8824918270111
True,False,0.5,True,50,"../TransitionSystems/IJRR_Env_Size/TS_[5, 6]_20_50.yaml","../OutputFiles/IJRR_Env_Size/Solution_(True, False, 0.5, True)_[5, 6]_20_50",5,6,"F[0, 20] T(1, green {(IR, 2), (Vis, 2)}) &&  G[20,40] F[0,10] T(1, blue, {(UV, 1), (Mo, 2)}) && F[5,25] T(2,yellow,{(UV,2),(Vis,2)}) && F[3,18] T(2,orange,{(Vis,2)}) && F[20,30] T(2,orange,{(Vis,2)})",20,209.58131790161133
False,True,0.5,False,50,"../TransitionSystems/IJRR_Env_Size/TS_[5, 6]_20_50.yaml","../OutputFiles/IJRR_Env_Size/Solution_(False, True, 0.5, False)_[5, 6]_20_50",5,6,"F[0, 20] T(1, green {(IR, 2), (Vis, 2)}) &&  G[20,40] F[0,10] T(1, blue, {(UV, 1), (Mo, 2)}) && F[5,25] T(2,yellow,{(UV,2),(Vis,2)}) && F[3,18] T(2,orange,{(Vis,2)}) && F[20,30] T(2,orange,{(Vis,2)})",20,209.77412486076355
True,True,0.5,True,50,"../TransitionSystems/IJRR_Env_Size/TS_[5, 6]_20_50.yaml","../OutputFiles/IJRR_Env_Size/Solution_(True, True, 0.5, True)_[5, 6]_20_50",5,6,"F[0, 20] T(1, green {(IR, 2), (Vis, 2)}) &&  G[20,40] F[0,10] T(1, blue, {(UV, 1), (Mo, 2)}) && F[5,25] T(2,yellow,{(UV,2),(Vis,2)}) && F[3,18] T(2,orange,{(Vis,2)}) && F[20,30] T(2,orange,{(Vis,2)})",20,209.3916130065918
False,False,0.5,False,51,"../TransitionSystems/IJRR_Env_Size/TS_[5, 6]_20_51.yaml","../OutputFiles/IJRR_Env_Size/Solution_(False, False, 0.5, False)_[5, 6]_20_51",5,6,"F[0, 20] T(1, green {(IR, 2), (Vis, 2)}) &&  G[20,40] F[0,10] T(1, blue, {(UV, 1), (Mo, 2)}) && F[5,25] T(2,yellow,{(UV,2),(Vis,2)}) && F[3,18] T(2,orange,{(Vis,2)}) && F[20,30] T(2,orange,{(Vis,2)})",20,601.4298479557037
True,False,0.5,False,51,"../TransitionSystems/IJRR_Env_Size/TS_[5, 6]_20_51.yaml","../OutputFiles/IJRR_Env_Size/Solution_(True, False, 0.5, False)_[5, 6]_20_51",5,6,"F[0, 20] T(1, green {(IR, 2), (Vis, 2)}) &&  G[20,40] F[0,10] T(1, blue, {(UV, 1), (Mo, 2)}) && F[5,25] T(2,yellow,{(UV,2),(Vis,2)}) && F[3,18] T(2,orange,{(Vis,2)}) && F[20,30] T(2,orange,{(Vis,2)})",20,601.2736170291901
True,False,0.5,True,51,"../TransitionSystems/IJRR_Env_Size/TS_[5, 6]_20_51.yaml","../OutputFiles/IJRR_Env_Size/Solution_(True, False, 0.5, True)_[5, 6]_20_51",5,6,"F[0, 20] T(1, green {(IR, 2), (Vis, 2)}) &&  G[20,40] F[0,10] T(1, blue, {(UV, 1), (Mo, 2)}) && F[5,25] T(2,yellow,{(UV,2),(Vis,2)}) && F[3,18] T(2,orange,{(Vis,2)}) && F[20,30] T(2,orange,{(Vis,2)})",20,601.3881468772888
False,True,0.5,False,51,"../TransitionSystems/IJRR_Env_Size/TS_[5, 6]_20_51.yaml","../OutputFiles/IJRR_Env_Size/Solution_(False, True, 0.5, False)_[5, 6]_20_51",5,6,"F[0, 20] T(1, green {(IR, 2), (Vis, 2)}) &&  G[20,40] F[0,10] T(1, blue, {(UV, 1), (Mo, 2)}) && F[5,25] T(2,yellow,{(UV,2),(Vis,2)}) && F[3,18] T(2,orange,{(Vis,2)}) && F[20,30] T(2,orange,{(Vis,2)})",20,601.2429809570312
True,True,0.5,True,51,"../TransitionSystems/IJRR_Env_Size/TS_[5, 6]_20_51.yaml","../OutputFiles/IJRR_Env_Size/Solution_(True, True, 0.5, True)_[5, 6]_20_51",5,6,"F[0, 20] T(1, green {(IR, 2), (Vis, 2)}) &&  G[20,40] F[0,10] T(1, blue, {(UV, 1), (Mo, 2)}) && F[5,25] T(2,yellow,{(UV,2),(Vis,2)}) && F[3,18] T(2,orange,{(Vis,2)}) && F[20,30] T(2,orange,{(Vis,2)})",20,601.2351047992706
False,False,0.5,False,52,"../TransitionSystems/IJRR_Env_Size/TS_[5, 6]_20_52.yaml","../OutputFiles/IJRR_Env_Size/Solution_(False, False, 0.5, False)_[5, 6]_20_52",5,6,"F[0, 20] T(1, green {(IR, 2), (Vis, 2)}) &&  G[20,40] F[0,10] T(1, blue, {(UV, 1), (Mo, 2)}) && F[5,25] T(2,yellow,{(UV,2),(Vis,2)}) && F[3,18] T(2,orange,{(Vis,2)}) && F[20,30] T(2,orange,{(Vis,2)})",20,115.4166419506073
True,False,0.5,False,52,"../TransitionSystems/IJRR_Env_Size/TS_[5, 6]_20_52.yaml","../OutputFiles/IJRR_Env_Size/Solution_(True, False, 0.5, False)_[5, 6]_20_52",5,6,"F[0, 20] T(1, green {(IR, 2), (Vis, 2)}) &&  G[20,40] F[0,10] T(1, blue, {(UV, 1), (Mo, 2)}) && F[5,25] T(2,yellow,{(UV,2),(Vis,2)}) && F[3,18] T(2,orange,{(Vis,2)}) && F[20,30] T(2,orange,{(Vis,2)})",20,114.66038107872009
True,False,0.5,True,52,"../TransitionSystems/IJRR_Env_Size/TS_[5, 6]_20_52.yaml","../OutputFiles/IJRR_Env_Size/Solution_(True, False, 0.5, True)_[5, 6]_20_52",5,6,"F[0, 20] T(1, green {(IR, 2), (Vis, 2)}) &&  G[20,40] F[0,10] T(1, blue, {(UV, 1), (Mo, 2)}) && F[5,25] T(2,yellow,{(UV,2),(Vis,2)}) && F[3,18] T(2,orange,{(Vis,2)}) && F[20,30] T(2,orange,{(Vis,2)})",20,115.9045250415802
False,True,0.5,False,52,"../TransitionSystems/IJRR_Env_Size/TS_[5, 6]_20_52.yaml","../OutputFiles/IJRR_Env_Size/Solution_(False, True, 0.5, False)_[5, 6]_20_52",5,6,"F[0, 20] T(1, green {(IR, 2), (Vis, 2)}) &&  G[20,40] F[0,10] T(1, blue, {(UV, 1), (Mo, 2)}) && F[5,25] T(2,yellow,{(UV,2),(Vis,2)}) && F[3,18] T(2,orange,{(Vis,2)}) && F[20,30] T(2,orange,{(Vis,2)})",20,114.91688203811646
True,True,0.5,True,52,"../TransitionSystems/IJRR_Env_Size/TS_[5, 6]_20_52.yaml","../OutputFiles/IJRR_Env_Size/Solution_(True, True, 0.5, True)_[5, 6]_20_52",5,6,"F[0, 20] T(1, green {(IR, 2), (Vis, 2)}) &&  G[20,40] F[0,10] T(1, blue, {(UV, 1), (Mo, 2)}) && F[5,25] T(2,yellow,{(UV,2),(Vis,2)}) && F[3,18] T(2,orange,{(Vis,2)}) && F[20,30] T(2,orange,{(Vis,2)})",20,115.31862115859985
False,False,0.5,False,53,"../TransitionSystems/IJRR_Env_Size/TS_[5, 6]_20_53.yaml","../OutputFiles/IJRR_Env_Size/Solution_(False, False, 0.5, False)_[5, 6]_20_53",5,6,"F[0, 20] T(1, green {(IR, 2), (Vis, 2)}) &&  G[20,40] F[0,10] T(1, blue, {(UV, 1), (Mo, 2)}) && F[5,25] T(2,yellow,{(UV,2),(Vis,2)}) && F[3,18] T(2,orange,{(Vis,2)}) && F[20,30] T(2,orange,{(Vis,2)})",20,21.369165897369385
True,False,0.5,False,53,"../TransitionSystems/IJRR_Env_Size/TS_[5, 6]_20_53.yaml","../OutputFiles/IJRR_Env_Size/Solution_(True, False, 0.5, False)_[5, 6]_20_53",5,6,"F[0, 20] T(1, green {(IR, 2), (Vis, 2)}) &&  G[20,40] F[0,10] T(1, blue, {(UV, 1), (Mo, 2)}) && F[5,25] T(2,yellow,{(UV,2),(Vis,2)}) && F[3,18] T(2,orange,{(Vis,2)}) && F[20,30] T(2,orange,{(Vis,2)})",20,21.07501196861267
True,False,0.5,True,53,"../TransitionSystems/IJRR_Env_Size/TS_[5, 6]_20_53.yaml","../OutputFiles/IJRR_Env_Size/Solution_(True, False, 0.5, True)_[5, 6]_20_53",5,6,"F[0, 20] T(1, green {(IR, 2), (Vis, 2)}) &&  G[20,40] F[0,10] T(1, blue, {(UV, 1), (Mo, 2)}) && F[5,25] T(2,yellow,{(UV,2),(Vis,2)}) && F[3,18] T(2,orange,{(Vis,2)}) && F[20,30] T(2,orange,{(Vis,2)})",20,20.967916011810303
False,True,0.5,False,53,"../TransitionSystems/IJRR_Env_Size/TS_[5, 6]_20_53.yaml","../OutputFiles/IJRR_Env_Size/Solution_(False, True, 0.5, False)_[5, 6]_20_53",5,6,"F[0, 20] T(1, green {(IR, 2), (Vis, 2)}) &&  G[20,40] F[0,10] T(1, blue, {(UV, 1), (Mo, 2)}) && F[5,25] T(2,yellow,{(UV,2),(Vis,2)}) && F[3,18] T(2,orange,{(Vis,2)}) && F[20,30] T(2,orange,{(Vis,2)})",20,21.24320697784424
True,True,0.5,True,53,"../TransitionSystems/IJRR_Env_Size/TS_[5, 6]_20_53.yaml","../OutputFiles/IJRR_Env_Size/Solution_(True, True, 0.5, True)_[5, 6]_20_53",5,6,"F[0, 20] T(1, green {(IR, 2), (Vis, 2)}) &&  G[20,40] F[0,10] T(1, blue, {(UV, 1), (Mo, 2)}) && F[5,25] T(2,yellow,{(UV,2),(Vis,2)}) && F[3,18] T(2,orange,{(Vis,2)}) && F[20,30] T(2,orange,{(Vis,2)})",20,20.819143056869507
False,False,0.5,False,54,"../TransitionSystems/IJRR_Env_Size/TS_[5, 6]_20_54.yaml","../OutputFiles/IJRR_Env_Size/Solution_(False, False, 0.5, False)_[5, 6]_20_54",5,6,"F[0, 20] T(1, green {(IR, 2), (Vis, 2)}) &&  G[20,40] F[0,10] T(1, blue, {(UV, 1), (Mo, 2)}) && F[5,25] T(2,yellow,{(UV,2),(Vis,2)}) && F[3,18] T(2,orange,{(Vis,2)}) && F[20,30] T(2,orange,{(Vis,2)})",20,89.40213704109192
True,False,0.5,False,54,"../TransitionSystems/IJRR_Env_Size/TS_[5, 6]_20_54.yaml","../OutputFiles/IJRR_Env_Size/Solution_(True, False, 0.5, False)_[5, 6]_20_54",5,6,"F[0, 20] T(1, green {(IR, 2), (Vis, 2)}) &&  G[20,40] F[0,10] T(1, blue, {(UV, 1), (Mo, 2)}) && F[5,25] T(2,yellow,{(UV,2),(Vis,2)}) && F[3,18] T(2,orange,{(Vis,2)}) && F[20,30] T(2,orange,{(Vis,2)})",20,89.45612382888794
True,False,0.5,True,54,"../TransitionSystems/IJRR_Env_Size/TS_[5, 6]_20_54.yaml","../OutputFiles/IJRR_Env_Size/Solution_(True, False, 0.5, True)_[5, 6]_20_54",5,6,"F[0, 20] T(1, green {(IR, 2), (Vis, 2)}) &&  G[20,40] F[0,10] T(1, blue, {(UV, 1), (Mo, 2)}) && F[5,25] T(2,yellow,{(UV,2),(Vis,2)}) && F[3,18] T(2,orange,{(Vis,2)}) && F[20,30] T(2,orange,{(Vis,2)})",20,89.00613284111023
False,True,0.5,False,54,"../TransitionSystems/IJRR_Env_Size/TS_[5, 6]_20_54.yaml","../OutputFiles/IJRR_Env_Size/Solution_(False, True, 0.5, False)_[5, 6]_20_54",5,6,"F[0, 20] T(1, green {(IR, 2), (Vis, 2)}) &&  G[20,40] F[0,10] T(1, blue, {(UV, 1), (Mo, 2)}) && F[5,25] T(2,yellow,{(UV,2),(Vis,2)}) && F[3,18] T(2,orange,{(Vis,2)}) && F[20,30] T(2,orange,{(Vis,2)})",20,89.36585712432861
True,True,0.5,True,54,"../TransitionSystems/IJRR_Env_Size/TS_[5, 6]_20_54.yaml","../OutputFiles/IJRR_Env_Size/Solution_(True, True, 0.5, True)_[5, 6]_20_54",5,6,"F[0, 20] T(1, green {(IR, 2), (Vis, 2)}) &&  G[20,40] F[0,10] T(1, blue, {(UV, 1), (Mo, 2)}) && F[5,25] T(2,yellow,{(UV,2),(Vis,2)}) && F[3,18] T(2,orange,{(Vis,2)}) && F[20,30] T(2,orange,{(Vis,2)})",20,89.40352392196655
False,False,0.5,False,55,"../TransitionSystems/IJRR_Env_Size/TS_[5, 6]_20_55.yaml","../OutputFiles/IJRR_Env_Size/Solution_(False, False, 0.5, False)_[5, 6]_20_55",5,6,"F[0, 20] T(1, green {(IR, 2), (Vis, 2)}) &&  G[20,40] F[0,10] T(1, blue, {(UV, 1), (Mo, 2)}) && F[5,25] T(2,yellow,{(UV,2),(Vis,2)}) && F[3,18] T(2,orange,{(Vis,2)}) && F[20,30] T(2,orange,{(Vis,2)})",20,81.33622312545776
True,False,0.5,False,55,"../TransitionSystems/IJRR_Env_Size/TS_[5, 6]_20_55.yaml","../OutputFiles/IJRR_Env_Size/Solution_(True, False, 0.5, False)_[5, 6]_20_55",5,6,"F[0, 20] T(1, green {(IR, 2), (Vis, 2)}) &&  G[20,40] F[0,10] T(1, blue, {(UV, 1), (Mo, 2)}) && F[5,25] T(2,yellow,{(UV,2),(Vis,2)}) && F[3,18] T(2,orange,{(Vis,2)}) && F[20,30] T(2,orange,{(Vis,2)})",20,81.2140519618988
True,False,0.5,True,55,"../TransitionSystems/IJRR_Env_Size/TS_[5, 6]_20_55.yaml","../OutputFiles/IJRR_Env_Size/Solution_(True, False, 0.5, True)_[5, 6]_20_55",5,6,"F[0, 20] T(1, green {(IR, 2), (Vis, 2)}) &&  G[20,40] F[0,10] T(1, blue, {(UV, 1), (Mo, 2)}) && F[5,25] T(2,yellow,{(UV,2),(Vis,2)}) && F[3,18] T(2,orange,{(Vis,2)}) && F[20,30] T(2,orange,{(Vis,2)})",20,81.29717087745667
False,True,0.5,False,55,"../TransitionSystems/IJRR_Env_Size/TS_[5, 6]_20_55.yaml","../OutputFiles/IJRR_Env_Size/Solution_(False, True, 0.5, False)_[5, 6]_20_55",5,6,"F[0, 20] T(1, green {(IR, 2), (Vis, 2)}) &&  G[20,40] F[0,10] T(1, blue, {(UV, 1), (Mo, 2)}) && F[5,25] T(2,yellow,{(UV,2),(Vis,2)}) && F[3,18] T(2,orange,{(Vis,2)}) && F[20,30] T(2,orange,{(Vis,2)})",20,81.4422218799591
True,True,0.5,True,55,"../TransitionSystems/IJRR_Env_Size/TS_[5, 6]_20_55.yaml","../OutputFiles/IJRR_Env_Size/Solution_(True, True, 0.5, True)_[5, 6]_20_55",5,6,"F[0, 20] T(1, green {(IR, 2), (Vis, 2)}) &&  G[20,40] F[0,10] T(1, blue, {(UV, 1), (Mo, 2)}) && F[5,25] T(2,yellow,{(UV,2),(Vis,2)}) && F[3,18] T(2,orange,{(Vis,2)}) && F[20,30] T(2,orange,{(Vis,2)})",20,81.06386804580688
False,False,0.5,False,56,"../TransitionSystems/IJRR_Env_Size/TS_[5, 6]_20_56.yaml","../OutputFiles/IJRR_Env_Size/Solution_(False, False, 0.5, False)_[5, 6]_20_56",5,6,"F[0, 20] T(1, green {(IR, 2), (Vis, 2)}) &&  G[20,40] F[0,10] T(1, blue, {(UV, 1), (Mo, 2)}) && F[5,25] T(2,yellow,{(UV,2),(Vis,2)}) && F[3,18] T(2,orange,{(Vis,2)}) && F[20,30] T(2,orange,{(Vis,2)})",20,403.5754749774933
True,False,0.5,False,56,"../TransitionSystems/IJRR_Env_Size/TS_[5, 6]_20_56.yaml","../OutputFiles/IJRR_Env_Size/Solution_(True, False, 0.5, False)_[5, 6]_20_56",5,6,"F[0, 20] T(1, green {(IR, 2), (Vis, 2)}) &&  G[20,40] F[0,10] T(1, blue, {(UV, 1), (Mo, 2)}) && F[5,25] T(2,yellow,{(UV,2),(Vis,2)}) && F[3,18] T(2,orange,{(Vis,2)}) && F[20,30] T(2,orange,{(Vis,2)})",20,403.1076240539551
True,False,0.5,True,56,"../TransitionSystems/IJRR_Env_Size/TS_[5, 6]_20_56.yaml","../OutputFiles/IJRR_Env_Size/Solution_(True, False, 0.5, True)_[5, 6]_20_56",5,6,"F[0, 20] T(1, green {(IR, 2), (Vis, 2)}) &&  G[20,40] F[0,10] T(1, blue, {(UV, 1), (Mo, 2)}) && F[5,25] T(2,yellow,{(UV,2),(Vis,2)}) && F[3,18] T(2,orange,{(Vis,2)}) && F[20,30] T(2,orange,{(Vis,2)})",20,402.8365240097046
False,True,0.5,False,56,"../TransitionSystems/IJRR_Env_Size/TS_[5, 6]_20_56.yaml","../OutputFiles/IJRR_Env_Size/Solution_(False, True, 0.5, False)_[5, 6]_20_56",5,6,"F[0, 20] T(1, green {(IR, 2), (Vis, 2)}) &&  G[20,40] F[0,10] T(1, blue, {(UV, 1), (Mo, 2)}) && F[5,25] T(2,yellow,{(UV,2),(Vis,2)}) && F[3,18] T(2,orange,{(Vis,2)}) && F[20,30] T(2,orange,{(Vis,2)})",20,402.44333815574646
True,True,0.5,True,56,"../TransitionSystems/IJRR_Env_Size/TS_[5, 6]_20_56.yaml","../OutputFiles/IJRR_Env_Size/Solution_(True, True, 0.5, True)_[5, 6]_20_56",5,6,"F[0, 20] T(1, green {(IR, 2), (Vis, 2)}) &&  G[20,40] F[0,10] T(1, blue, {(UV, 1), (Mo, 2)}) && F[5,25] T(2,yellow,{(UV,2),(Vis,2)}) && F[3,18] T(2,orange,{(Vis,2)}) && F[20,30] T(2,orange,{(Vis,2)})",20,402.7711238861084
False,False,0.5,False,57,"../TransitionSystems/IJRR_Env_Size/TS_[5, 6]_20_57.yaml","../OutputFiles/IJRR_Env_Size/Solution_(False, False, 0.5, False)_[5, 6]_20_57",5,6,"F[0, 20] T(1, green {(IR, 2), (Vis, 2)}) &&  G[20,40] F[0,10] T(1, blue, {(UV, 1), (Mo, 2)}) && F[5,25] T(2,yellow,{(UV,2),(Vis,2)}) && F[3,18] T(2,orange,{(Vis,2)}) && F[20,30] T(2,orange,{(Vis,2)})",20,600.9729678630829
True,False,0.5,False,57,"../TransitionSystems/IJRR_Env_Size/TS_[5, 6]_20_57.yaml","../OutputFiles/IJRR_Env_Size/Solution_(True, False, 0.5, False)_[5, 6]_20_57",5,6,"F[0, 20] T(1, green {(IR, 2), (Vis, 2)}) &&  G[20,40] F[0,10] T(1, blue, {(UV, 1), (Mo, 2)}) && F[5,25] T(2,yellow,{(UV,2),(Vis,2)}) && F[3,18] T(2,orange,{(Vis,2)}) && F[20,30] T(2,orange,{(Vis,2)})",20,601.0535271167755
True,False,0.5,True,57,"../TransitionSystems/IJRR_Env_Size/TS_[5, 6]_20_57.yaml","../OutputFiles/IJRR_Env_Size/Solution_(True, False, 0.5, True)_[5, 6]_20_57",5,6,"F[0, 20] T(1, green {(IR, 2), (Vis, 2)}) &&  G[20,40] F[0,10] T(1, blue, {(UV, 1), (Mo, 2)}) && F[5,25] T(2,yellow,{(UV,2),(Vis,2)}) && F[3,18] T(2,orange,{(Vis,2)}) && F[20,30] T(2,orange,{(Vis,2)})",20,600.9076969623566
False,True,0.5,False,57,"../TransitionSystems/IJRR_Env_Size/TS_[5, 6]_20_57.yaml","../OutputFiles/IJRR_Env_Size/Solution_(False, True, 0.5, False)_[5, 6]_20_57",5,6,"F[0, 20] T(1, green {(IR, 2), (Vis, 2)}) &&  G[20,40] F[0,10] T(1, blue, {(UV, 1), (Mo, 2)}) && F[5,25] T(2,yellow,{(UV,2),(Vis,2)}) && F[3,18] T(2,orange,{(Vis,2)}) && F[20,30] T(2,orange,{(Vis,2)})",20,601.0194199085236
True,True,0.5,True,57,"../TransitionSystems/IJRR_Env_Size/TS_[5, 6]_20_57.yaml","../OutputFiles/IJRR_Env_Size/Solution_(True, True, 0.5, True)_[5, 6]_20_57",5,6,"F[0, 20] T(1, green {(IR, 2), (Vis, 2)}) &&  G[20,40] F[0,10] T(1, blue, {(UV, 1), (Mo, 2)}) && F[5,25] T(2,yellow,{(UV,2),(Vis,2)}) && F[3,18] T(2,orange,{(Vis,2)}) && F[20,30] T(2,orange,{(Vis,2)})",20,601.0094242095947
False,False,0.5,False,58,"../TransitionSystems/IJRR_Env_Size/TS_[5, 6]_20_58.yaml","../OutputFiles/IJRR_Env_Size/Solution_(False, False, 0.5, False)_[5, 6]_20_58",5,6,"F[0, 20] T(1, green {(IR, 2), (Vis, 2)}) &&  G[20,40] F[0,10] T(1, blue, {(UV, 1), (Mo, 2)}) && F[5,25] T(2,yellow,{(UV,2),(Vis,2)}) && F[3,18] T(2,orange,{(Vis,2)}) && F[20,30] T(2,orange,{(Vis,2)})",20,146.7223618030548
True,False,0.5,False,58,"../TransitionSystems/IJRR_Env_Size/TS_[5, 6]_20_58.yaml","../OutputFiles/IJRR_Env_Size/Solution_(True, False, 0.5, False)_[5, 6]_20_58",5,6,"F[0, 20] T(1, green {(IR, 2), (Vis, 2)}) &&  G[20,40] F[0,10] T(1, blue, {(UV, 1), (Mo, 2)}) && F[5,25] T(2,yellow,{(UV,2),(Vis,2)}) && F[3,18] T(2,orange,{(Vis,2)}) && F[20,30] T(2,orange,{(Vis,2)})",20,146.70267915725708
True,False,0.5,True,58,"../TransitionSystems/IJRR_Env_Size/TS_[5, 6]_20_58.yaml","../OutputFiles/IJRR_Env_Size/Solution_(True, False, 0.5, True)_[5, 6]_20_58",5,6,"F[0, 20] T(1, green {(IR, 2), (Vis, 2)}) &&  G[20,40] F[0,10] T(1, blue, {(UV, 1), (Mo, 2)}) && F[5,25] T(2,yellow,{(UV,2),(Vis,2)}) && F[3,18] T(2,orange,{(Vis,2)}) && F[20,30] T(2,orange,{(Vis,2)})",20,146.58200407028198
False,True,0.5,False,58,"../TransitionSystems/IJRR_Env_Size/TS_[5, 6]_20_58.yaml","../OutputFiles/IJRR_Env_Size/Solution_(False, True, 0.5, False)_[5, 6]_20_58",5,6,"F[0, 20] T(1, green {(IR, 2), (Vis, 2)}) &&  G[20,40] F[0,10] T(1, blue, {(UV, 1), (Mo, 2)}) && F[5,25] T(2,yellow,{(UV,2),(Vis,2)}) && F[3,18] T(2,orange,{(Vis,2)}) && F[20,30] T(2,orange,{(Vis,2)})",20,146.28838109970093
True,True,0.5,True,58,"../TransitionSystems/IJRR_Env_Size/TS_[5, 6]_20_58.yaml","../OutputFiles/IJRR_Env_Size/Solution_(True, True, 0.5, True)_[5, 6]_20_58",5,6,"F[0, 20] T(1, green {(IR, 2), (Vis, 2)}) &&  G[20,40] F[0,10] T(1, blue, {(UV, 1), (Mo, 2)}) && F[5,25] T(2,yellow,{(UV,2),(Vis,2)}) && F[3,18] T(2,orange,{(Vis,2)}) && F[20,30] T(2,orange,{(Vis,2)})",20,147.9845380783081
False,False,0.5,False,59,"../TransitionSystems/IJRR_Env_Size/TS_[5, 6]_20_59.yaml","../OutputFiles/IJRR_Env_Size/Solution_(False, False, 0.5, False)_[5, 6]_20_59",5,6,"F[0, 20] T(1, green {(IR, 2), (Vis, 2)}) &&  G[20,40] F[0,10] T(1, blue, {(UV, 1), (Mo, 2)}) && F[5,25] T(2,yellow,{(UV,2),(Vis,2)}) && F[3,18] T(2,orange,{(Vis,2)}) && F[20,30] T(2,orange,{(Vis,2)})",20,13.016732931137085
True,False,0.5,False,59,"../TransitionSystems/IJRR_Env_Size/TS_[5, 6]_20_59.yaml","../OutputFiles/IJRR_Env_Size/Solution_(True, False, 0.5, False)_[5, 6]_20_59",5,6,"F[0, 20] T(1, green {(IR, 2), (Vis, 2)}) &&  G[20,40] F[0,10] T(1, blue, {(UV, 1), (Mo, 2)}) && F[5,25] T(2,yellow,{(UV,2),(Vis,2)}) && F[3,18] T(2,orange,{(Vis,2)}) && F[20,30] T(2,orange,{(Vis,2)})",20,12.88054084777832
True,False,0.5,True,59,"../TransitionSystems/IJRR_Env_Size/TS_[5, 6]_20_59.yaml","../OutputFiles/IJRR_Env_Size/Solution_(True, False, 0.5, True)_[5, 6]_20_59",5,6,"F[0, 20] T(1, green {(IR, 2), (Vis, 2)}) &&  G[20,40] F[0,10] T(1, blue, {(UV, 1), (Mo, 2)}) && F[5,25] T(2,yellow,{(UV,2),(Vis,2)}) && F[3,18] T(2,orange,{(Vis,2)}) && F[20,30] T(2,orange,{(Vis,2)})",20,12.564725875854492
False,True,0.5,False,59,"../TransitionSystems/IJRR_Env_Size/TS_[5, 6]_20_59.yaml","../OutputFiles/IJRR_Env_Size/Solution_(False, True, 0.5, False)_[5, 6]_20_59",5,6,"F[0, 20] T(1, green {(IR, 2), (Vis, 2)}) &&  G[20,40] F[0,10] T(1, blue, {(UV, 1), (Mo, 2)}) && F[5,25] T(2,yellow,{(UV,2),(Vis,2)}) && F[3,18] T(2,orange,{(Vis,2)}) && F[20,30] T(2,orange,{(Vis,2)})",20,12.923655986785889
True,True,0.5,True,59,"../TransitionSystems/IJRR_Env_Size/TS_[5, 6]_20_59.yaml","../OutputFiles/IJRR_Env_Size/Solution_(True, True, 0.5, True)_[5, 6]_20_59",5,6,"F[0, 20] T(1, green {(IR, 2), (Vis, 2)}) &&  G[20,40] F[0,10] T(1, blue, {(UV, 1), (Mo, 2)}) && F[5,25] T(2,yellow,{(UV,2),(Vis,2)}) && F[3,18] T(2,orange,{(Vis,2)}) && F[20,30] T(2,orange,{(Vis,2)})",20,12.633418083190918
False,False,0.5,False,60,"../TransitionSystems/IJRR_Env_Size/TS_[5, 6]_20_60.yaml","../OutputFiles/IJRR_Env_Size/Solution_(False, False, 0.5, False)_[5, 6]_20_60",5,6,"F[0, 20] T(1, green {(IR, 2), (Vis, 2)}) &&  G[20,40] F[0,10] T(1, blue, {(UV, 1), (Mo, 2)}) && F[5,25] T(2,yellow,{(UV,2),(Vis,2)}) && F[3,18] T(2,orange,{(Vis,2)}) && F[20,30] T(2,orange,{(Vis,2)})",20,601.0508887767792
True,False,0.5,False,60,"../TransitionSystems/IJRR_Env_Size/TS_[5, 6]_20_60.yaml","../OutputFiles/IJRR_Env_Size/Solution_(True, False, 0.5, False)_[5, 6]_20_60",5,6,"F[0, 20] T(1, green {(IR, 2), (Vis, 2)}) &&  G[20,40] F[0,10] T(1, blue, {(UV, 1), (Mo, 2)}) && F[5,25] T(2,yellow,{(UV,2),(Vis,2)}) && F[3,18] T(2,orange,{(Vis,2)}) && F[20,30] T(2,orange,{(Vis,2)})",20,600.9330298900604
True,False,0.5,True,60,"../TransitionSystems/IJRR_Env_Size/TS_[5, 6]_20_60.yaml","../OutputFiles/IJRR_Env_Size/Solution_(True, False, 0.5, True)_[5, 6]_20_60",5,6,"F[0, 20] T(1, green {(IR, 2), (Vis, 2)}) &&  G[20,40] F[0,10] T(1, blue, {(UV, 1), (Mo, 2)}) && F[5,25] T(2,yellow,{(UV,2),(Vis,2)}) && F[3,18] T(2,orange,{(Vis,2)}) && F[20,30] T(2,orange,{(Vis,2)})",20,600.9921321868896
False,True,0.5,False,60,"../TransitionSystems/IJRR_Env_Size/TS_[5, 6]_20_60.yaml","../OutputFiles/IJRR_Env_Size/Solution_(False, True, 0.5, False)_[5, 6]_20_60",5,6,"F[0, 20] T(1, green {(IR, 2), (Vis, 2)}) &&  G[20,40] F[0,10] T(1, blue, {(UV, 1), (Mo, 2)}) && F[5,25] T(2,yellow,{(UV,2),(Vis,2)}) && F[3,18] T(2,orange,{(Vis,2)}) && F[20,30] T(2,orange,{(Vis,2)})",20,600.9732630252838
True,True,0.5,True,60,"../TransitionSystems/IJRR_Env_Size/TS_[5, 6]_20_60.yaml","../OutputFiles/IJRR_Env_Size/Solution_(True, True, 0.5, True)_[5, 6]_20_60",5,6,"F[0, 20] T(1, green {(IR, 2), (Vis, 2)}) &&  G[20,40] F[0,10] T(1, blue, {(UV, 1), (Mo, 2)}) && F[5,25] T(2,yellow,{(UV,2),(Vis,2)}) && F[3,18] T(2,orange,{(Vis,2)}) && F[20,30] T(2,orange,{(Vis,2)})",20,601.0237989425659
False,False,0.5,False,61,"../TransitionSystems/IJRR_Env_Size/TS_[5, 6]_20_61.yaml","../OutputFiles/IJRR_Env_Size/Solution_(False, False, 0.5, False)_[5, 6]_20_61",5,6,"F[0, 20] T(1, green {(IR, 2), (Vis, 2)}) &&  G[20,40] F[0,10] T(1, blue, {(UV, 1), (Mo, 2)}) && F[5,25] T(2,yellow,{(UV,2),(Vis,2)}) && F[3,18] T(2,orange,{(Vis,2)}) && F[20,30] T(2,orange,{(Vis,2)})",20,379.9768600463867
True,False,0.5,False,61,"../TransitionSystems/IJRR_Env_Size/TS_[5, 6]_20_61.yaml","../OutputFiles/IJRR_Env_Size/Solution_(True, False, 0.5, False)_[5, 6]_20_61",5,6,"F[0, 20] T(1, green {(IR, 2), (Vis, 2)}) &&  G[20,40] F[0,10] T(1, blue, {(UV, 1), (Mo, 2)}) && F[5,25] T(2,yellow,{(UV,2),(Vis,2)}) && F[3,18] T(2,orange,{(Vis,2)}) && F[20,30] T(2,orange,{(Vis,2)})",20,381.33882188796997
True,False,0.5,True,61,"../TransitionSystems/IJRR_Env_Size/TS_[5, 6]_20_61.yaml","../OutputFiles/IJRR_Env_Size/Solution_(True, False, 0.5, True)_[5, 6]_20_61",5,6,"F[0, 20] T(1, green {(IR, 2), (Vis, 2)}) &&  G[20,40] F[0,10] T(1, blue, {(UV, 1), (Mo, 2)}) && F[5,25] T(2,yellow,{(UV,2),(Vis,2)}) && F[3,18] T(2,orange,{(Vis,2)}) && F[20,30] T(2,orange,{(Vis,2)})",20,380.6497049331665
False,True,0.5,False,61,"../TransitionSystems/IJRR_Env_Size/TS_[5, 6]_20_61.yaml","../OutputFiles/IJRR_Env_Size/Solution_(False, True, 0.5, False)_[5, 6]_20_61",5,6,"F[0, 20] T(1, green {(IR, 2), (Vis, 2)}) &&  G[20,40] F[0,10] T(1, blue, {(UV, 1), (Mo, 2)}) && F[5,25] T(2,yellow,{(UV,2),(Vis,2)}) && F[3,18] T(2,orange,{(Vis,2)}) && F[20,30] T(2,orange,{(Vis,2)})",20,380.0949411392212
True,True,0.5,True,61,"../TransitionSystems/IJRR_Env_Size/TS_[5, 6]_20_61.yaml","../OutputFiles/IJRR_Env_Size/Solution_(True, True, 0.5, True)_[5, 6]_20_61",5,6,"F[0, 20] T(1, green {(IR, 2), (Vis, 2)}) &&  G[20,40] F[0,10] T(1, blue, {(UV, 1), (Mo, 2)}) && F[5,25] T(2,yellow,{(UV,2),(Vis,2)}) && F[3,18] T(2,orange,{(Vis,2)}) && F[20,30] T(2,orange,{(Vis,2)})",20,383.1302011013031
False,False,0.5,False,62,"../TransitionSystems/IJRR_Env_Size/TS_[5, 6]_20_62.yaml","../OutputFiles/IJRR_Env_Size/Solution_(False, False, 0.5, False)_[5, 6]_20_62",5,6,"F[0, 20] T(1, green {(IR, 2), (Vis, 2)}) &&  G[20,40] F[0,10] T(1, blue, {(UV, 1), (Mo, 2)}) && F[5,25] T(2,yellow,{(UV,2),(Vis,2)}) && F[3,18] T(2,orange,{(Vis,2)}) && F[20,30] T(2,orange,{(Vis,2)})",20,600.9904789924622
True,False,0.5,False,62,"../TransitionSystems/IJRR_Env_Size/TS_[5, 6]_20_62.yaml","../OutputFiles/IJRR_Env_Size/Solution_(True, False, 0.5, False)_[5, 6]_20_62",5,6,"F[0, 20] T(1, green {(IR, 2), (Vis, 2)}) &&  G[20,40] F[0,10] T(1, blue, {(UV, 1), (Mo, 2)}) && F[5,25] T(2,yellow,{(UV,2),(Vis,2)}) && F[3,18] T(2,orange,{(Vis,2)}) && F[20,30] T(2,orange,{(Vis,2)})",20,601.0713529