Robust,Regularize,Alpha,Upper Bound,Trial Number,TS Filename,Solution Filename,Xdim,Ydim,Formula,Agents,Run Time (s),Linear Constraints,Variables,Objective Value,Robustness,Normalized Travel Time
True,True,0.5,False,29,"../TransitionSystems/IJRR_Env_Size/TS_[4, 4]_20_29.yaml","../OutputFiles/IJRR_Env_Size/Solution_(True, True, 0.5, False)_[4, 4]_20_29",4,4,"F[0, 20] T(1, green {(IR, 2), (Vis, 2)}) &&  G[20,40] F[0,10] T(1, blue, {(UV, 1), (Mo, 2)}) && F[5,25] T(2,yellow,{(UV,2),(Vis,2)}) && F[3,18] T(2,orange,{(Vis,2)}) && F[20,30] T(2,orange,{(Vis,2)})","[4, 4]",440.47036719322205,10892,16882,-1.0,1.0,0.03235294039215687
True,True,0.5,False,8,"../TransitionSystems/IJRR_Env_Size/TS_[4, 5]_20_8.yaml","../OutputFiles/IJRR_Env_Size/Solution_(True, True, 0.5, False)_[4, 5]_20_8",4,5,"F[0, 20] T(1, green {(IR, 2), (Vis, 2)}) &&  G[20,40] F[0,10] T(1, blue, {(UV, 1), (Mo, 2)}) && F[5,25] T(2,yellow,{(UV,2),(Vis,2)}) && F[3,18] T(2,orange,{(Vis,2)}) && F[20,30] T(2,orange,{(Vis,2)})","[4, 5]",98.36938500404358,15086,26552,-1.0,1.0,0.024509802196078442
True,True,0.5,False,26,"../TransitionSystems/IJRR_Env_Size/TS_[4, 4]_20_26.yaml","../OutputFiles/IJRR_Env_Size/Solution_(True, True, 0.5, False)_[4, 4]_20_26",4,4,"F[0, 20] T(1, green {(IR, 2), (Vis, 2)}) &&  G[20,40] F[0,10] T(1, blue, {(UV, 1), (Mo, 2)}) && F[5,25] T(2,yellow,{(UV,2),(Vis,2)}) && F[3,18] T(2,orange,{(Vis,2)}) && F[20,30] T(2,orange,{(Vis,2)})","[4, 4]",12.253945112228394,10982,16912,0.0,-0.0,0.009313724784313726
True,True,0.5,False,9,"../TransitionSystems/IJRR_Env_Size/TS_[3, 3]_20_9.yaml","../OutputFiles/IJRR_Env_Size/Solution_(True, True, 0.5, False)_[3, 3]_20_9",3,3,"F[0, 20] T(1, green {(IR, 2), (Vis, 2)}) &&  G[20,40] F[0,10] T(1, blue, {(UV, 1), (Mo, 2)}) && F[5,25] T(2,yellow,{(UV,2),(Vis,2)}) && F[3,18] T(2,orange,{(Vis,2)}) && F[20,30] T(2,orange,{(Vis,2)})","[3, 3]",10.502206087112427,7846,11528,-8.0,8.0,0.0705882322352941
True,True,0.5,False,45,"../TransitionSystems/IJRR_Env_Size/TS_[5, 5]_20_45.yaml","../OutputFiles/IJRR_Env_Size/Solution_(True, True, 0.5, False)_[5, 5]_20_45",5,5,"F[0, 20] T(1, green {(IR, 2), (Vis, 2)}) &&  G[20,40] F[0,10] T(1, blue, {(UV, 1), (Mo, 2)}) && F[5,25] T(2,yellow,{(UV,2),(Vis,2)}) && F[3,18] T(2,orange,{(Vis,2)}) && F[20,30] T(2,orange,{(Vis,2)})","[5, 5]",54.24257802963257,19018,33748,0.0,0.0,0.021078429568627446
True,True,0.5,False,19,"../TransitionSystems/IJRR_Env_Size/TS_[5, 5]_20_19.yaml","../OutputFiles/IJRR_Env_Size/Solution_(True, True, 0.5, False)_[5, 5]_20_19",5,5,"F[0, 20] T(1, green {(IR, 2), (Vis, 2)}) &&  G[20,40] F[0,10] T(1, blue, {(UV, 1), (Mo, 2)}) && F[5,25] T(2,yellow,{(UV,2),(Vis,2)}) && F[3,18] T(2,orange,{(Vis,2)}) && F[20,30] T(2,orange,{(Vis,2)})","[5, 5]",35.245786905288696,16259,26865,0.0,-0.0,0.024509802901960788
True,True,0.5,False,53,"../TransitionSystems/IJRR_Env_Size/TS_[6, 6]_20_53.yaml","../OutputFiles/IJRR_Env_Size/Solution_(True, True, 0.5, False)_[6, 6]_20_53",6,6,"F[0, 20] T(1, green {(IR, 2), (Vis, 2)}) &&  G[20,40] F[0,10] T(1, blue, {(UV, 1), (Mo, 2)}) && F[5,25] T(2,yellow,{(UV,2),(Vis,2)}) && F[3,18] T(2,orange,{(Vis,2)}) && F[20,30] T(2,orange,{(Vis,2)})","[6, 6]",564.3923940658569,22240,39014,0.0,0.0,0.05588235050980393
True,True,0.5,False,24,"../TransitionSystems/IJRR_Env_Size/TS_[5, 6]_20_24.yaml","../OutputFiles/IJRR_Env_Size/Solution_(True, True, 0.5, False)_[5, 6]_20_24",5,6,"F[0, 20] T(1, green {(IR, 2), (Vis, 2)}) &&  G[20,40] F[0,10] T(1, blue, {(UV, 1), (Mo, 2)}) && F[5,25] T(2,yellow,{(UV,2),(Vis,2)}) && F[3,18] T(2,orange,{(Vis,2)}) && F[20,30] T(2,orange,{(Vis,2)})","[5, 6]",600.1597011089325,22392,40758,0.0,0.0,0.04999999756862748
True,True,0.5,False,31,"../TransitionSystems/IJRR_Env_Size/TS_[3, 3]_20_31.yaml","../OutputFiles/IJRR_Env_Size/Solution_(True, True, 0.5, False)_[3, 3]_20_31",3,3,"F[0, 20] T(1, green {(IR, 2), (Vis, 2)}) &&  G[20,40] F[0,10] T(1, blue, {(UV, 1), (Mo, 2)}) && F[5,25] T(2,yellow,{(UV,2),(Vis,2)}) && F[3,18] T(2,orange,{(Vis,2)}) && F[20,30] T(2,orange,{(Vis,2)})","[3, 3]",6.123353958129883,7936,11558,0.0,0.0,0.00784313694117647
True,True,0.5,False,0,"../TransitionSystems/IJRR_Env_Size/TS_[3, 4]_20_0.yaml","../OutputFiles/IJRR_Env_Size/Solution_(True, True, 0.5, False)_[3, 4]_20_0",3,4,"F[0, 20] T(1, green {(IR, 2), (Vis, 2)}) &&  G[20,40] F[0,10] T(1, blue, {(UV, 1), (Mo, 2)}) && F[5,25] T(2,yellow,{(UV,2),(Vis,2)}) && F[3,18] T(2,orange,{(Vis,2)}) && F[20,30] T(2,orange,{(Vis,2)})","[3, 4]",59.221027135849,8668,12534,-3.0,3.0,0.04068627301960785
True,True,0.5,False,39,"../TransitionSystems/IJRR_Env_Size/TS_[5, 6]_20_39.yaml","../OutputFiles/IJRR_Env_Size/Solution_(True, True, 0.5, False)_[5, 6]_20_39",5,6,"F[0, 20] T(1, green {(IR, 2), (Vis, 2)}) &&  G[20,40] F[0,10] T(1, blue, {(UV, 1), (Mo, 2)}) && F[5,25] T(2,yellow,{(UV,2),(Vis,2)}) && F[3,18] T(2,orange,{(Vis,2)}) && F[20,30] T(2,orange,{(Vis,2)})","[5, 6]",111.99131393432617,18274,32124,-1.0,1.0,0.03725489945098037
True,True,0.5,False,37,"../TransitionSystems/IJRR_Env_Size/TS_[4, 4]_20_37.yaml","../OutputFiles/IJRR_Env_Size/Solution_(True, True, 0.5, False)_[4, 4]_20_37",4,4,"F[0, 20] T(1, green {(IR, 2), (Vis, 2)}) &&  G[20,40] F[0,10] T(1, blue, {(UV, 1), (Mo, 2)}) && F[5,25] T(2,yellow,{(UV,2),(Vis,2)}) && F[3,18] T(2,orange,{(Vis,2)}) && F[20,30] T(2,orange,{(Vis,2)})","[4, 4]",33.497262954711914,12560,21086,-3.0,3.0,0.05735293701960781
True,True,0.5,False,46,"../TransitionSystems/IJRR_Env_Size/TS_[3, 3]_20_46.yaml","../OutputFiles/IJRR_Env_Size/Solution_(True, True, 0.5, False)_[3, 3]_20_46",3,3,"F[0, 20] T(1, green {(IR, 2), (Vis, 2)}) &&  G[20,40] F[0,10] T(1, blue, {(UV, 1), (Mo, 2)}) && F[5,25] T(2,yellow,{(UV,2),(Vis,2)}) && F[3,18] T(2,orange,{(Vis,2)}) && F[20,30] T(2,orange,{(Vis,2)})","[3, 3]",6.059951066970825,7015,9357,0.0,-0.0,0.006862744784313731
True,True,0.5,False,48,"../TransitionSystems/IJRR_Env_Size/TS_[4, 4]_20_48.yaml","../OutputFiles/IJRR_Env_Size/Solution_(True, True, 0.5, False)_[4, 4]_20_48",4,4,"F[0, 20] T(1, green {(IR, 2), (Vis, 2)}) &&  G[20,40] F[0,10] T(1, blue, {(UV, 1), (Mo, 2)}) && F[5,25] T(2,yellow,{(UV,2),(Vis,2)}) && F[3,18] T(2,orange,{(Vis,2)}) && F[20,30] T(2,orange,{(Vis,2)})","[4, 4]",122.94311714172363,10610,16788,-3.0,3.0,0.038235292627450984
True,True,0.5,False,13,"../TransitionSystems/IJRR_Env_Size/TS_[3, 4]_20_13.yaml","../OutputFiles/IJRR_Env_Size/Solution_(True, True, 0.5, False)_[3, 4]_20_13",3,4,"F[0, 20] T(1, green {(IR, 2), (Vis, 2)}) &&  G[20,40] F[0,10] T(1, blue, {(UV, 1), (Mo, 2)}) && F[5,25] T(2,yellow,{(UV,2),(Vis,2)}) && F[3,18] T(2,orange,{(Vis,2)}) && F[20,30] T(2,orange,{(Vis,2)})","[3, 4]",46.37825608253479,8758,12564,0.0,0.0,0.013725489490196086
True,True,0.5,False,54,"../TransitionSystems/IJRR_Env_Size/TS_[5, 5]_20_54.yaml","../OutputFiles/IJRR_Env_Size/Solution_(True, True, 0.5, False)_[5, 5]_20_54",5,5,"F[0, 20] T(1, green {(IR, 2), (Vis, 2)}) &&  G[20,40] F[0,10] T(1, blue, {(UV, 1), (Mo, 2)}) && F[5,25] T(2,yellow,{(UV,2),(Vis,2)}) && F[3,18] T(2,orange,{(Vis,2)}) && F[20,30] T(2,orange,{(Vis,2)})","[5, 5]",601.7564978599548,18478,33568,0.0,0.0,0.01862744996078431
True,True,0.5,False,65,"../TransitionSystems/IJRR_Env_Size/TS_[6, 6]_20_65.yaml","../OutputFiles/IJRR_Env_Size/Solution_(True, True, 0.5, False)_[6, 6]_20_65",6,6,"F[0, 20] T(1, green {(IR, 2), (Vis, 2)}) &&  G[20,40] F[0,10] T(1, blue, {(UV, 1), (Mo, 2)}) && F[5,25] T(2,yellow,{(UV,2),(Vis,2)}) && F[3,18] T(2,orange,{(Vis,2)}) && F[20,30] T(2,orange,{(Vis,2)})","[6, 6]",156.86913394927979,21658,38820,-1.0,1.0,0.049019606117647066
True,True,0.5,False,19,"../TransitionSystems/IJRR_Env_Size/TS_[4, 5]_20_19.yaml","../OutputFiles/IJRR_Env_Size/Solution_(True, True, 0.5, False)_[4, 5]_20_19",4,5,"F[0, 20] T(1, green {(IR, 2), (Vis, 2)}) &&  G[20,40] F[0,10] T(1, blue, {(UV, 1), (Mo, 2)}) && F[5,25] T(2,yellow,{(UV,2),(Vis,2)}) && F[3,18] T(2,orange,{(Vis,2)}) && F[20,30] T(2,orange,{(Vis,2)})","[4, 5]",74.26878118515015,13350,21308,0.0,0.0,0.021078430823529427
True,True,0.5,False,22,"../TransitionSystems/IJRR_Env_Size/TS_[4, 5]_20_22.yaml","../OutputFiles/IJRR_Env_Size/Solution_(True, True, 0.5, False)_[4, 5]_20_22",4,5,"F[0, 20] T(1, green {(IR, 2), (Vis, 2)}) &&  G[20,40] F[0,10] T(1, blue, {(UV, 1), (Mo, 2)}) && F[5,25] T(2,yellow,{(UV,2),(Vis,2)}) && F[3,18] T(2,orange,{(Vis,2)}) && F[20,30] T(2,orange,{(Vis,2)})","[4, 5]",170.847393989563,15044,26538,-3.0,3.0,0.05490195717647056
True,True,0.5,False,27,"../TransitionSystems/IJRR_Env_Size/TS_[5, 5]_20_27.yaml","../OutputFiles/IJRR_Env_Size/Solution_(True, True, 0.5, False)_[5, 5]_20_27",5,5,"F[0, 20] T(1, green {(IR, 2), (Vis, 2)}) &&  G[20,40] F[0,10] T(1, blue, {(UV, 1), (Mo, 2)}) && F[5,25] T(2,yellow,{(UV,2),(Vis,2)}) && F[3,18] T(2,orange,{(Vis,2)}) && F[20,30] T(2,orange,{(Vis,2)})","[5, 5]",412.3357379436493,18586,33604,-1.0,1.0,0.032843135607843146
True,True,0.5,False,75,"../TransitionSystems/IJRR_Env_Size/TS_[6, 6]_20_75.yaml","../OutputFiles/IJRR_Env_Size/Solution_(True, True, 0.5, False)_[6, 6]_20_75",6,6,"F[0, 20] T(1, green {(IR, 2), (Vis, 2)}) &&  G[20,40] F[0,10] T(1, blue, {(UV, 1), (Mo, 2)}) && F[5,25] T(2,yellow,{(UV,2),(Vis,2)}) && F[3,18] T(2,orange,{(Vis,2)}) && F[20,30] T(2,orange,{(Vis,2)})","[6, 6]",137.9559190273285,25738,49020,-1.0,1.0,0.06078431035294117
True,True,0.5,False,34,"../TransitionSystems/IJRR_Env_Size/TS_[3, 4]_20_34.yaml","../OutputFiles/IJRR_Env_Size/Solution_(True, True, 0.5, False)_[3, 4]_20_34",3,4,"F[0, 20] T(1, green {(IR, 2), (Vis, 2)}) &&  G[20,40] F[0,10] T(1, blue, {(UV, 1), (Mo, 2)}) && F[5,25] T(2,yellow,{(UV,2),(Vis,2)}) && F[3,18] T(2,orange,{(Vis,2)}) && F[20,30] T(2,orange,{(Vis,2)})","[3, 4]",98.23863911628723,8566,12500,-3.0,3.0,0.029901958431372562
True,True,0.5,False,50,"../TransitionSystems/IJRR_Env_Size/TS_[5, 6]_20_50.yaml","../OutputFiles/IJRR_Env_Size/Solution_(True, True, 0.5, False)_[5, 6]_20_50",5,6,"F[0, 20] T(1, green {(IR, 2), (Vis, 2)}) &&  G[20,40] F[0,10] T(1, blue, {(UV, 1), (Mo, 2)}) && F[5,25] T(2,yellow,{(UV,2),(Vis,2)}) && F[3,18] T(2,orange,{(Vis,2)}) && F[20,30] T(2,orange,{(Vis,2)})","[5, 6]",207.06747102737427,21750,40544,-3.0,3.0,0.08088234886274502
True,True,0.5,False,5,"../TransitionSystems/IJRR_Env_Size/TS_[5, 6]_20_5.yaml","../OutputFiles/IJRR_Env_Size/Solution_(True, True, 0.5, False)_[5, 6]_20_5",5,6,"F[0, 20] T(1, green {(IR, 2), (Vis, 2)}) &&  G[20,40] F[0,10] T(1, blue, {(UV, 1), (Mo, 2)}) && F[5,25] T(2,yellow,{(UV,2),(Vis,2)}) && F[3,18] T(2,orange,{(Vis,2)}) && F[20,30] T(2,orange,{(Vis,2)})","[5, 6]",514.8039510250092,22440,40774,0.0,0.0,0.049019605176470596
True,True,0.5,False,41,"../TransitionSystems/IJRR_Env_Size/TS_[5, 5]_20_41.yaml","../OutputFiles/IJRR_Env_Size/Solution_(True, True, 0.5, False)_[5, 5]_20_41",5,5,"F[0, 20] T(1, green {(IR, 2), (Vis, 2)}) &&  G[20,40] F[0,10] T(1, blue, {(UV, 1), (Mo, 2)}) && F[5,25] T(2,yellow,{(UV,2),(Vis,2)}) && F[3,18] T(2,orange,{(Vis,2)}) && F[20,30] T(2,orange,{(Vis,2)})","[5, 5]",600.3342092037201,18592,33606,-1.0,1.0,0.030392155686274513
True,True,0.5,False,17,"../TransitionSystems/IJRR_Env_Size/TS_[4, 4]_20_17.yaml","../OutputFiles/IJRR_Env_Size/Solution_(True, True, 0.5, False)_[4, 4]_20_17",4,4,"F[0, 20] T(1, green {(IR, 2), (Vis, 2)}) &&  G[20,40] F[0,10] T(1, blue, {(UV, 1), (Mo, 2)}) && F[5,25] T(2,yellow,{(UV,2),(Vis,2)}) && F[3,18] T(2,orange,{(Vis,2)}) && F[20,30] T(2,orange,{(Vis,2)})","[4, 4]",65.92691588401794,12656,21118,0.0,0.0,0.019117645725490198
True,True,0.5,False,32,"../TransitionSystems/IJRR_Env_Size/TS_[5, 6]_20_32.yaml","../OutputFiles/IJRR_Env_Size/Solution_(True, True, 0.5, False)_[5, 6]_20_32",5,6,"F[0, 20] T(1, green {(IR, 2), (Vis, 2)}) &&  G[20,40] F[0,10] T(1, blue, {(UV, 1), (Mo, 2)}) && F[5,25] T(2,yellow,{(UV,2),(Vis,2)}) && F[3,18] T(2,orange,{(Vis,2)}) && F[20,30] T(2,orange,{(Vis,2)})","[5, 6]",347.7892029285431,18448,32182,-1.0,1.0,0.03970588000000001
True,True,0.5,False,2,"../TransitionSystems/IJRR_Env_Size/TS_[5, 6]_20_2.yaml","../OutputFiles/IJRR_Env_Size/Solution_(True, True, 0.5, False)_[5, 6]_20_2",5,6,"F[0, 20] T(1, green {(IR, 2), (Vis, 2)}) &&  G[20,40] F[0,10] T(1, blue, {(UV, 1), (Mo, 2)}) && F[5,25] T(2,yellow,{(UV,2),(Vis,2)}) && F[3,18] T(2,orange,{(Vis,2)}) && F[20,30] T(2,orange,{(Vis,2)})","[5, 6]",476.21021008491516,22026,40636,0.0,0.0,0.025980391137254907
True,True,0.5,False,6,"../TransitionSystems/IJRR_Env_Size/TS_[4, 5]_20_6.yaml","../OutputFiles/IJRR_Env_Size/Solution_(True, True, 0.5, False)_[4, 5]_20_6",4,5,"F[0, 20] T(1, green {(IR, 2), (Vis, 2)}) &&  G[20,40] F[0,10] T(1, blue, {(UV, 1), (Mo, 2)}) && F[5,25] T(2,yellow,{(UV,2),(Vis,2)}) && F[3,18] T(2,orange,{(Vis,2)}) && F[20,30] T(2,orange,{(Vis,2)})","[4, 5]",55.65132713317871,13056,21210,-1.0,1.0,0.04999999827166646
True,True,0.5,False,16,"../TransitionSystems/IJRR_Env_Size/TS_[4, 5]_20_16.yaml","../OutputFiles/IJRR_Env_Size/Solution_(True, True, 0.5, False)_[4, 5]_20_16",4,5,"F[0, 20] T(1, green {(IR, 2), (Vis, 2)}) &&  G[20,40] F[0,10] T(1, blue, {(UV, 1), (Mo, 2)}) && F[5,25] T(2,yellow,{(UV,2),(Vis,2)}) && F[3,18] T(2,orange,{(Vis,2)}) && F[20,30] T(2,orange,{(Vis,2)})","[4, 5]",600.4554989337921,15176,26582,-1.0,1.0,0.017647057019607844
True,True,0.5,False,37,"../TransitionSystems/IJRR_Env_Size/TS_[5, 6]_20_37.yaml","../OutputFiles/IJRR_Env_Size/Solution_(True, True, 0.5, False)_[5, 6]_20_37",5,6,"F[0, 20] T(1, green {(IR, 2), (Vis, 2)}) &&  G[20,40] F[0,10] T(1, blue, {(UV, 1), (Mo, 2)}) && F[5,25] T(2,yellow,{(UV,2),(Vis,2)}) && F[3,18] T(2,orange,{(Vis,2)}) && F[20,30] T(2,orange,{(Vis,2)})","[5, 6]",600.2032182216644,21792,40558,0.0,0.0,0.02892156705882354
True,True,0.5,False,7,"../TransitionSystems/IJRR_Env_Size/TS_[4, 5]_20_7.yaml","../OutputFiles/IJRR_Env_Size/Solution_(True, True, 0.5, False)_[4, 5]_20_7",4,5,"F[0, 20] T(1, green {(IR, 2), (Vis, 2)}) &&  G[20,40] F[0,10] T(1, blue, {(UV, 1), (Mo, 2)}) && F[5,25] T(2,yellow,{(UV,2),(Vis,2)}) && F[3,18] T(2,orange,{(Vis,2)}) && F[20,30] T(2,orange,{(Vis,2)})","[4, 5]",600.2257361412048,15176,26582,0.0,0.0,0.022549017483066074
True,True,0.5,False,67,"../TransitionSystems/IJRR_Env_Size/TS_[5, 5]_20_67.yaml","../OutputFiles/IJRR_Env_Size/Solution_(True, True, 0.5, False)_[5, 5]_20_67",5,5,"F[0, 20] T(1, green {(IR, 2), (Vis, 2)}) &&  G[20,40] F[0,10] T(1, blue, {(UV, 1), (Mo, 2)}) && F[5,25] T(2,yellow,{(UV,2),(Vis,2)}) && F[3,18] T(2,orange,{(Vis,2)}) && F[20,30] T(2,orange,{(Vis,2)})","[5, 5]",219.91466522216797,15683,26673,0.0,0.0,0.025490192705882344
True,True,0.5,False,72,"../TransitionSystems/IJRR_Env_Size/TS_[6, 6]_20_72.yaml","../OutputFiles/IJRR_Env_Size/Solution_(True, True, 0.5, False)_[6, 6]_20_72",6,6,"F[0, 20] T(1, green {(IR, 2), (Vis, 2)}) &&  G[20,40] F[0,10] T(1, blue, {(UV, 1), (Mo, 2)}) && F[5,25] T(2,yellow,{(UV,2),(Vis,2)}) && F[3,18] T(2,orange,{(Vis,2)}) && F[20,30] T(2,orange,{(Vis,2)})","[6, 6]",229.54829812049866,26326,49216,0.0,0.0,0.07009803450980388
True,True,0.5,False,85,"../TransitionSystems/IJRR_Env_Size/TS_[6, 6]_20_85.yaml","../OutputFiles/IJRR_Env_Size/Solution_(True, True, 0.5, False)_[6, 6]_20_85",6,6,"F[0, 20] T(1, green {(IR, 2), (Vis, 2)}) &&  G[20,40] F[0,10] T(1, blue, {(UV, 1), (Mo, 2)}) && F[5,25] T(2,yellow,{(UV,2),(Vis,2)}) && F[3,18] T(2,orange,{(Vis,2)}) && F[20,30] T(2,orange,{(Vis,2)})","[6, 6]",600.4764640331268,25960,49094,0.0,0.0,0.03431372392156865
True,True,0.5,False,13,"../TransitionSystems/IJRR_Env_Size/TS_[5, 5]_20_13.yaml","../OutputFiles/IJRR_Env_Size/Solution_(True, True, 0.5, False)_[5, 5]_20_13",5,5,"F[0, 20] T(1, green {(IR, 2), (Vis, 2)}) &&  G[20,40] F[0,10] T(1, blue, {(UV, 1), (Mo, 2)}) && F[5,25] T(2,yellow,{(UV,2),(Vis,2)}) && F[3,18] T(2,orange,{(Vis,2)}) && F[20,30] T(2,orange,{(Vis,2)})","[5, 5]",528.2494759559631,18640,33622,-1.0,1.0,0.032352938117647057
True,True,0.5,False,26,"../TransitionSystems/IJRR_Env_Size/TS_[3, 4]_20_26.yaml","../OutputFiles/IJRR_Env_Size/Solution_(True, True, 0.5, False)_[3, 4]_20_26",3,4,"F[0, 20] T(1, green {(IR, 2), (Vis, 2)}) &&  G[20,40] F[0,10] T(1, blue, {(UV, 1), (Mo, 2)}) && F[5,25] T(2,yellow,{(UV,2),(Vis,2)}) && F[3,18] T(2,orange,{(Vis,2)}) && F[20,30] T(2,orange,{(Vis,2)})","[3, 4]",122.72693610191345,8794,12576,-1.0,1.0,0.02254901835294118
True,True,0.5,False,54,"../TransitionSystems/IJRR_Env_Size/TS_[5, 6]_20_54.yaml","../OutputFiles/IJRR_Env_Size/Solution_(True, True, 0.5, False)_[5, 6]_20_54",5,6,"F[0, 20] T(1, green {(IR, 2), (Vis, 2)}) &&  G[20,40] F[0,10] T(1, blue, {(UV, 1), (Mo, 2)}) && F[5,25] T(2,yellow,{(UV,2),(Vis,2)}) && F[3,18] T(2,orange,{(Vis,2)}) && F[20,30] T(2,orange,{(Vis,2)})","[5, 6]",351.3287489414215,21882,40588,-2.0,2.0,0.07205881882352938
True,True,0.5,False,18,"../TransitionSystems/IJRR_Env_Size/TS_[4, 4]_20_18.yaml","../OutputFiles/IJRR_Env_Size/Solution_(True, True, 0.5, False)_[4, 4]_20_18",4,4,"F[0, 20] T(1, green {(IR, 2), (Vis, 2)}) &&  G[20,40] F[0,10] T(1, blue, {(UV, 1), (Mo, 2)}) && F[5,25] T(2,yellow,{(UV,2),(Vis,2)}) && F[3,18] T(2,orange,{(Vis,2)}) && F[20,30] T(2,orange,{(Vis,2)})","[4, 4]",31.05393409729004,12734,21144,0.0,-0.0,0.014215685647058829
True,True,0.5,False,50,"../TransitionSystems/IJRR_Env_Size/TS_[6, 6]_20_50.yaml","../OutputFiles/IJRR_Env_Size/Solution_(True, True, 0.5, False)_[6, 6]_20_50",6,6,"F[0, 20] T(1, green {(IR, 2), (Vis, 2)}) &&  G[20,40] F[0,10] T(1, blue, {(UV, 1), (Mo, 2)}) && F[5,25] T(2,yellow,{(UV,2),(Vis,2)}) && F[3,18] T(2,orange,{(Vis,2)}) && F[20,30] T(2,orange,{(Vis,2)})","[6, 6]",62.28484892845154,25810,49044,0.0,-0.0,0.03039215482352943
True,True,0.5,False,15,"../TransitionSystems/IJRR_Env_Size/TS_[6, 6]_20_15.yaml","../OutputFiles/IJRR_Env_Size/Solution_(True, True, 0.5, False)_[6, 6]_20_15",6,6,"F[0, 20] T(1, green {(IR, 2), (Vis, 2)}) &&  G[20,40] F[0,10] T(1, blue, {(UV, 1), (Mo, 2)}) && F[5,25] T(2,yellow,{(UV,2),(Vis,2)}) && F[3,18] T(2,orange,{(Vis,2)}) && F[20,30] T(2,orange,{(Vis,2)})","[6, 6]",292.8519730567932,18340,28874,0.0,0.0,0.05637254611764707
True,True,0.5,False,46,"../TransitionSystems/IJRR_Env_Size/TS_[5, 6]_20_46.yaml","../OutputFiles/IJRR_Env_Size/Solution_(True, True, 0.5, False)_[5, 6]_20_46",5,6,"F[0, 20] T(1, green {(IR, 2), (Vis, 2)}) &&  G[20,40] F[0,10] T(1, blue, {(UV, 1), (Mo, 2)}) && F[5,25] T(2,yellow,{(UV,2),(Vis,2)}) && F[3,18] T(2,orange,{(Vis,2)}) && F[20,30] T(2,orange,{(Vis,2)})","[5, 6]",600.4522049427032,21612,40498,0.0,0.0,0.01617646964705883
True,True,0.5,False,9,"../TransitionSystems/IJRR_Env_Size/TS_[3, 4]_20_9.yaml","../OutputFiles/IJRR_Env_Size/Solution_(True, True, 0.5, False)_[3, 4]_20_9",3,4,"F[0, 20] T(1, green {(IR, 2), (Vis, 2)}) &&  G[20,40] F[0,10] T(1, blue, {(UV, 1), (Mo, 2)}) && F[5,25] T(2,yellow,{(UV,2),(Vis,2)}) && F[3,18] T(2,orange,{(Vis,2)}) && F[20,30] T(2,orange,{(Vis,2)})","[3, 4]",35.47197890281677,8566,12500,-3.0,3.0,0.04019607654901962
True,True,0.5,False,42,"../TransitionSystems/IJRR_Env_Size/TS_[6, 6]_20_42.yaml","../OutputFiles/IJRR_Env_Size/Solution_(True, True, 0.5, False)_[6, 6]_20_42",6,6,"F[0, 20] T(1, green {(IR, 2), (Vis, 2)}) &&  G[20,40] F[0,10] T(1, blue, {(UV, 1), (Mo, 2)}) && F[5,25] T(2,yellow,{(UV,2),(Vis,2)}) && F[3,18] T(2,orange,{(Vis,2)}) && F[20,30] T(2,orange,{(Vis,2)})","[6, 6]",600.3681628704071,26224,49182,0.0,0.0,0.04362744894117648
True,True,0.5,False,27,"../TransitionSystems/IJRR_Env_Size/TS_[3, 3]_20_27.yaml","../OutputFiles/IJRR_Env_Size/Solution_(True, True, 0.5, False)_[3, 3]_20_27",3,3,"F[0, 20] T(1, green {(IR, 2), (Vis, 2)}) &&  G[20,40] F[0,10] T(1, blue, {(UV, 1), (Mo, 2)}) && F[5,25] T(2,yellow,{(UV,2),(Vis,2)}) && F[3,18] T(2,orange,{(Vis,2)}) && F[20,30] T(2,orange,{(Vis,2)})","[3, 3]",540.9488940238953,8038,11592,0.0,0.0,0.010294117411764716
True,True,0.5,False,7,"../TransitionSystems/IJRR_Env_Size/TS_[4, 4]_20_7.yaml","../OutputFiles/IJRR_Env_Size/Solution_(True, True, 0.5, False)_[4, 4]_20_7",4,4,"F[0, 20] T(1, green {(IR, 2), (Vis, 2)}) &&  G[20,40] F[0,10] T(1, blue, {(UV, 1), (Mo, 2)}) && F[5,25] T(2,yellow,{(UV,2),(Vis,2)}) && F[3,18] T(2,orange,{(Vis,2)}) && F[20,30] T(2,orange,{(Vis,2)})","[4, 4]",601.2335019111633,10970,16908,0.0,0.0,0.013725489490196089
True,True,0.5,False,34,"../TransitionSystems/IJRR_Env_Size/TS_[4, 4]_20_34.yaml","../OutputFiles/IJRR_Env_Size/Solution_(True, True, 0.5, False)_[4, 4]_20_34",4,4,"F[0, 20] T(1, green {(IR, 2), (Vis, 2)}) &&  G[20,40] F[0,10] T(1, blue, {(UV, 1), (Mo, 2)}) && F[5,25] T(2,yellow,{(UV,2),(Vis,2)}) && F[3,18] T(2,orange,{(Vis,2)}) && F[20,30] T(2,orange,{(Vis,2)})","[4, 4]",9.3369619846344,10892,16882,0.0,-0.0,0.01568627411764707
True,True,0.5,False,15,"../TransitionSystems/IJRR_Env_Size/TS_[5, 6]_20_15.yaml","../OutputFiles/IJRR_Env_Size/Solution_(True, True, 0.5, False)_[5, 6]_20_15",5,6,"F[0, 20] T(1, green {(IR, 2), (Vis, 2)}) &&  G[20,40] F[0,10] T(1, blue, {(UV, 1), (Mo, 2)}) && F[5,25] T(2,yellow,{(UV,2),(Vis,2)}) && F[3,18] T(2,orange,{(Vis,2)}) && F[20,30] T(2,orange,{(Vis,2)})","[5, 6]",77.04347705841064,18718,32272,-1.0,1.0,0.07303921113725485
True,True,0.5,False,35,"../TransitionSystems/IJRR_Env_Size/TS_[4, 5]_20_35.yaml","../OutputFiles/IJRR_Env_Size/Solution_(True, True, 0.5, False)_[4, 5]_20_35",4,5,"F[0, 20] T(1, green {(IR, 2), (Vis, 2)}) &&  G[20,40] F[0,10] T(1, blue, {(UV, 1), (Mo, 2)}) && F[5,25] T(2,yellow,{(UV,2),(Vis,2)}) && F[3,18] T(2,orange,{(Vis,2)}) && F[20,30] T(2,orange,{(Vis,2)})","[4, 5]",41.8148980140686,12744,21106,-3.0,3.0,0.037745095764705874
True,True,0.5,False,62,"../TransitionSystems/IJRR_Env_Size/TS_[5, 5]_20_62.yaml","../OutputFiles/IJRR_Env_Size/Solution_(True, True, 0.5, False)_[5, 5]_20_62",5,5,"F[0, 20] T(1, green {(IR, 2), (Vis, 2)}) &&  G[20,40] F[0,10] T(1, blue, {(UV, 1), (Mo, 2)}) && F[5,25] T(2,yellow,{(UV,2),(Vis,2)}) && F[3,18] T(2,orange,{(Vis,2)}) && F[20,30] T(2,orange,{(Vis,2)})","[5, 5]",600.3444089889526,18532,33586,-1.0,1.0,0.049509791267974425
True,True,0.5,False,54,"../TransitionSystems/IJRR_Env_Size/TS_[6, 6]_20_54.yaml","../OutputFiles/IJRR_Env_Size/Solution_(True, True, 0.5, False)_[6, 6]_20_54",6,6,"F[0, 20] T(1, green {(IR, 2), (Vis, 2)}) &&  G[20,40] F[0,10] T(1, blue, {(UV, 1), (Mo, 2)}) && F[5,25] T(2,yellow,{(UV,2),(Vis,2)}) && F[3,18] T(2,orange,{(Vis,2)}) && F[20,30] T(2,orange,{(Vis,2)})","[6, 6]",600.3871459960938,25708,49010,-1.0,1.0,0.04313725247058821
True,True,0.5,False,56,"../TransitionSystems/IJRR_Env_Size/TS_[4, 5]_20_56.yaml","../OutputFiles/IJRR_Env_Size/Solution_(True, True, 0.5, False)_[4, 5]_20_56",4,5,"F[0, 20] T(1, green {(IR, 2), (Vis, 2)}) &&  G[20,40] F[0,10] T(1, blue, {(UV, 1), (Mo, 2)}) && F[5,25] T(2,yellow,{(UV,2),(Vis,2)}) && F[3,18] T(2,orange,{(Vis,2)}) && F[20,30] T(2,orange,{(Vis,2)})","[4, 5]",12.770790100097656,12966,21180,0.0,-0.0,0.01911764603921569
True,True,0.5,False,73,"../TransitionSystems/IJRR_Env_Size/TS_[6, 6]_20_73.yaml","../OutputFiles/IJRR_Env_Size/Solution_(True, True, 0.5, False)_[6, 6]_20_73",6,6,"F[0, 20] T(1, green {(IR, 2), (Vis, 2)}) &&  G[20,40] F[0,10] T(1, blue, {(UV, 1), (Mo, 2)}) && F[5,25] T(2,yellow,{(UV,2),(Vis,2)}) && F[3,18] T(2,orange,{(Vis,2)}) && F[20,30] T(2,orange,{(Vis,2)})","[6, 6]",600.3121860027313,21976,38926,0.0,0.0,0.04362744854901962
True,True,0.5,False,41,"../TransitionSystems/IJRR_Env_Size/TS_[3, 4]_20_41.yaml","../OutputFiles/IJRR_Env_Size/Solution_(True, True, 0.5, False)_[3, 4]_20_41",3,4,"F[0, 20] T(1, green {(IR, 2), (Vis, 2)}) &&  G[20,40] F[0,10] T(1, blue, {(UV, 1), (Mo, 2)}) && F[5,25] T(2,yellow,{(UV,2),(Vis,2)}) && F[3,18] T(2,orange,{(Vis,2)}) && F[20,30] T(2,orange,{(Vis,2)})","[3, 4]",44.75887393951416,10184,15670,0.0,0.0,0.02009803827450981
True,True,0.5,False,45,"../TransitionSystems/IJRR_Env_Size/TS_[4, 5]_20_45.yaml","../OutputFiles/IJRR_Env_Size/Solution_(True, True, 0.5, False)_[4, 5]_20_45",4,5,"F[0, 20] T(1, green {(IR, 2), (Vis, 2)}) &&  G[20,40] F[0,10] T(1, blue, {(UV, 1), (Mo, 2)}) && F[5,25] T(2,yellow,{(UV,2),(Vis,2)}) && F[3,18] T(2,orange,{(Vis,2)}) && F[20,30] T(2,orange,{(Vis,2)})","[4, 5]",16.033955097198486,15044,26538,0.0,0.0,0.01666666596078433
True,True,0.5,False,60,"../TransitionSystems/IJRR_Env_Size/TS_[5, 6]_20_60.yaml","../OutputFiles/IJRR_Env_Size/Solution_(True, True, 0.5, False)_[5, 6]_20_60",5,6,"F[0, 20] T(1, green {(IR, 2), (Vis, 2)}) &&  G[20,40] F[0,10] T(1, blue, {(UV, 1), (Mo, 2)}) && F[5,25] T(2,yellow,{(UV,2),(Vis,2)}) && F[3,18] T(2,orange,{(Vis,2)}) && F[20,30] T(2,orange,{(Vis,2)})","[5, 6]",121.08936500549316,18544,32214,0.0,-0.0,0.03578431262745099
True,True,0.5,False,51,"../TransitionSystems/IJRR_Env_Size/TS_[5, 6]_20_51.yaml","../OutputFiles/IJRR_