Robust,Regularize,Alpha,Upper Bound,Trial Number,TS Filename,Solution Filename,Xdim,Ydim,Formula,Agents,Run Time (s),Linear Constraints,Variables,Objective Value,Robustness,Normalized Travel Time
False,False,0.5,False,50,"../TransitionSystems/IJRR_Env_Size/TS_[4, 4]_20_50.yaml","../OutputFiles/IJRR_Env_Size/Solution_(False, False, 0.5, False)_[4, 4]_20_50",4,4,"F[0, 20] T(1, green {(IR, 2), (Vis, 2)}) &&  G[20,40] F[0,10] T(1, blue, {(UV, 1), (Mo, 2)}) && F[5,25] T(2,yellow,{(UV,2),(Vis,2)}) && F[3,18] T(2,orange,{(Vis,2)}) && F[20,30] T(2,orange,{(Vis,2)})",20,600.5144488811493
True,False,0.5,False,50,"../TransitionSystems/IJRR_Env_Size/TS_[4, 4]_20_50.yaml","../OutputFiles/IJRR_Env_Size/Solution_(True, False, 0.5, False)_[4, 4]_20_50",4,4,"F[0, 20] T(1, green {(IR, 2), (Vis, 2)}) &&  G[20,40] F[0,10] T(1, blue, {(UV, 1), (Mo, 2)}) && F[5,25] T(2,yellow,{(UV,2),(Vis,2)}) && F[3,18] T(2,orange,{(Vis,2)}) && F[20,30] T(2,orange,{(Vis,2)})",20,600.5532298088074
True,False,0.5,True,50,"../TransitionSystems/IJRR_Env_Size/TS_[4, 4]_20_50.yaml","../OutputFiles/IJRR_Env_Size/Solution_(True, False, 0.5, True)_[4, 4]_20_50",4,4,"F[0, 20] T(1, green {(IR, 2), (Vis, 2)}) &&  G[20,40] F[0,10] T(1, blue, {(UV, 1), (Mo, 2)}) && F[5,25] T(2,yellow,{(UV,2),(Vis,2)}) && F[3,18] T(2,orange,{(Vis,2)}) && F[20,30] T(2,orange,{(Vis,2)})",20,600.525093793869
False,True,0.5,False,50,"../TransitionSystems/IJRR_Env_Size/TS_[4, 4]_20_50.yaml","../OutputFiles/IJRR_Env_Size/Solution_(False, True, 0.5, False)_[4, 4]_20_50",4,4,"F[0, 20] T(1, green {(IR, 2), (Vis, 2)}) &&  G[20,40] F[0,10] T(1, blue, {(UV, 1), (Mo, 2)}) && F[5,25] T(2,yellow,{(UV,2),(Vis,2)}) && F[3,18] T(2,orange,{(Vis,2)}) && F[20,30] T(2,orange,{(Vis,2)})",20,5423.457964897156
True,True,0.5,True,50,"../TransitionSystems/IJRR_Env_Size/TS_[4, 4]_20_50.yaml","../OutputFiles/IJRR_Env_Size/Solution_(True, True, 0.5, True)_[4, 4]_20_50",4,4,"F[0, 20] T(1, green {(IR, 2), (Vis, 2)}) &&  G[20,40] F[0,10] T(1, blue, {(UV, 1), (Mo, 2)}) && F[5,25] T(2,yellow,{(UV,2),(Vis,2)}) && F[3,18] T(2,orange,{(Vis,2)}) && F[20,30] T(2,orange,{(Vis,2)})",20,600.666207075119
False,False,0.5,False,51,"../TransitionSystems/IJRR_Env_Size/TS_[4, 4]_20_51.yaml","../OutputFiles/IJRR_Env_Size/Solution_(False, False, 0.5, False)_[4, 4]_20_51",4,4,"F[0, 20] T(1, green {(IR, 2), (Vis, 2)}) &&  G[20,40] F[0,10] T(1, blue, {(UV, 1), (Mo, 2)}) && F[5,25] T(2,yellow,{(UV,2),(Vis,2)}) && F[3,18] T(2,orange,{(Vis,2)}) && F[20,30] T(2,orange,{(Vis,2)})",20,42.443114042282104
True,False,0.5,False,51,"../TransitionSystems/IJRR_Env_Size/TS_[4, 4]_20_51.yaml","../OutputFiles/IJRR_Env_Size/Solution_(True, False, 0.5, False)_[4, 4]_20_51",4,4,"F[0, 20] T(1, green {(IR, 2), (Vis, 2)}) &&  G[20,40] F[0,10] T(1, blue, {(UV, 1), (Mo, 2)}) && F[5,25] T(2,yellow,{(UV,2),(Vis,2)}) && F[3,18] T(2,orange,{(Vis,2)}) && F[20,30] T(2,orange,{(Vis,2)})",20,42.484500885009766
True,False,0.5,True,51,"../TransitionSystems/IJRR_Env_Size/TS_[4, 4]_20_51.yaml","../OutputFiles/IJRR_Env_Size/Solution_(True, False, 0.5, True)_[4, 4]_20_51",4,4,"F[0, 20] T(1, green {(IR, 2), (Vis, 2)}) &&  G[20,40] F[0,10] T(1, blue, {(UV, 1), (Mo, 2)}) && F[5,25] T(2,yellow,{(UV,2),(Vis,2)}) && F[3,18] T(2,orange,{(Vis,2)}) && F[20,30] T(2,orange,{(Vis,2)})",20,42.59154510498047
False,True,0.5,False,51,"../TransitionSystems/IJRR_Env_Size/TS_[4, 4]_20_51.yaml","../OutputFiles/IJRR_Env_Size/Solution_(False, True, 0.5, False)_[4, 4]_20_51",4,4,"F[0, 20] T(1, green {(IR, 2), (Vis, 2)}) &&  G[20,40] F[0,10] T(1, blue, {(UV, 1), (Mo, 2)}) && F[5,25] T(2,yellow,{(UV,2),(Vis,2)}) && F[3,18] T(2,orange,{(Vis,2)}) && F[20,30] T(2,orange,{(Vis,2)})",20,42.37397003173828
True,True,0.5,True,51,"../TransitionSystems/IJRR_Env_Size/TS_[4, 4]_20_51.yaml","../OutputFiles/IJRR_Env_Size/Solution_(True, True, 0.5, True)_[4, 4]_20_51",4,4,"F[0, 20] T(1, green {(IR, 2), (Vis, 2)}) &&  G[20,40] F[0,10] T(1, blue, {(UV, 1), (Mo, 2)}) && F[5,25] T(2,yellow,{(UV,2),(Vis,2)}) && F[3,18] T(2,orange,{(Vis,2)}) && F[20,30] T(2,orange,{(Vis,2)})",20,42.48123288154602
False,False,0.5,False,52,"../TransitionSystems/IJRR_Env_Size/TS_[4, 4]_20_52.yaml","../OutputFiles/IJRR_Env_Size/Solution_(False, False, 0.5, False)_[4, 4]_20_52",4,4,"F[0, 20] T(1, green {(IR, 2), (Vis, 2)}) &&  G[20,40] F[0,10] T(1, blue, {(UV, 1), (Mo, 2)}) && F[5,25] T(2,yellow,{(UV,2),(Vis,2)}) && F[3,18] T(2,orange,{(Vis,2)}) && F[20,30] T(2,orange,{(Vis,2)})",20,2.568002939224243
True,False,0.5,False,52,"../TransitionSystems/IJRR_Env_Size/TS_[4, 4]_20_52.yaml","../OutputFiles/IJRR_Env_Size/Solution_(True, False, 0.5, False)_[4, 4]_20_52",4,4,"F[0, 20] T(1, green {(IR, 2), (Vis, 2)}) &&  G[20,40] F[0,10] T(1, blue, {(UV, 1), (Mo, 2)}) && F[5,25] T(2,yellow,{(UV,2),(Vis,2)}) && F[3,18] T(2,orange,{(Vis,2)}) && F[20,30] T(2,orange,{(Vis,2)})",20,2.472590923309326
True,False,0.5,True,52,"../TransitionSystems/IJRR_Env_Size/TS_[4, 4]_20_52.yaml","../OutputFiles/IJRR_Env_Size/Solution_(True, False, 0.5, True)_[4, 4]_20_52",4,4,"F[0, 20] T(1, green {(IR, 2), (Vis, 2)}) &&  G[20,40] F[0,10] T(1, blue, {(UV, 1), (Mo, 2)}) && F[5,25] T(2,yellow,{(UV,2),(Vis,2)}) && F[3,18] T(2,orange,{(Vis,2)}) && F[20,30] T(2,orange,{(Vis,2)})",20,2.5070760250091553
False,True,0.5,False,52,"../TransitionSystems/IJRR_Env_Size/TS_[4, 4]_20_52.yaml","../OutputFiles/IJRR_Env_Size/Solution_(False, True, 0.5, False)_[4, 4]_20_52",4,4,"F[0, 20] T(1, green {(IR, 2), (Vis, 2)}) &&  G[20,40] F[0,10] T(1, blue, {(UV, 1), (Mo, 2)}) && F[5,25] T(2,yellow,{(UV,2),(Vis,2)}) && F[3,18] T(2,orange,{(Vis,2)}) && F[20,30] T(2,orange,{(Vis,2)})",20,2.452333927154541
True,True,0.5,True,52,"../TransitionSystems/IJRR_Env_Size/TS_[4, 4]_20_52.yaml","../OutputFiles/IJRR_Env_Size/Solution_(True, True, 0.5, True)_[4, 4]_20_52",4,4,"F[0, 20] T(1, green {(IR, 2), (Vis, 2)}) &&  G[20,40] F[0,10] T(1, blue, {(UV, 1), (Mo, 2)}) && F[5,25] T(2,yellow,{(UV,2),(Vis,2)}) && F[3,18] T(2,orange,{(Vis,2)}) && F[20,30] T(2,orange,{(Vis,2)})",20,2.655107021331787
False,False,0.5,False,53,"../TransitionSystems/IJRR_Env_Size/TS_[4, 4]_20_53.yaml","../OutputFiles/IJRR_Env_Size/Solution_(False, False, 0.5, False)_[4, 4]_20_53",4,4,"F[0, 20] T(1, green {(IR, 2), (Vis, 2)}) &&  G[20,40] F[0,10] T(1, blue, {(UV, 1), (Mo, 2)}) && F[5,25] T(2,yellow,{(UV,2),(Vis,2)}) && F[3,18] T(2,orange,{(Vis,2)}) && F[20,30] T(2,orange,{(Vis,2)})",20,17.626190900802612
True,False,0.5,False,53,"../TransitionSystems/IJRR_Env_Size/TS_[4, 4]_20_53.yaml","../OutputFiles/IJRR_Env_Size/Solution_(True, False, 0.5, False)_[4, 4]_20_53",4,4,"F[0, 20] T(1, green {(IR, 2), (Vis, 2)}) &&  G[20,40] F[0,10] T(1, blue, {(UV, 1), (Mo, 2)}) && F[5,25] T(2,yellow,{(UV,2),(Vis,2)}) && F[3,18] T(2,orange,{(Vis,2)}) && F[20,30] T(2,orange,{(Vis,2)})",20,18.097336053848267
True,False,0.5,True,53,"../TransitionSystems/IJRR_Env_Size/TS_[4, 4]_20_53.yaml","../OutputFiles/IJRR_Env_Size/Solution_(True, False, 0.5, True)_[4, 4]_20_53",4,4,"F[0, 20] T(1, green {(IR, 2), (Vis, 2)}) &&  G[20,40] F[0,10] T(1, blue, {(UV, 1), (Mo, 2)}) && F[5,25] T(2,yellow,{(UV,2),(Vis,2)}) && F[3,18] T(2,orange,{(Vis,2)}) && F[20,30] T(2,orange,{(Vis,2)})",20,17.984750986099243
False,True,0.5,False,53,"../TransitionSystems/IJRR_Env_Size/TS_[4, 4]_20_53.yaml","../OutputFiles/IJRR_Env_Size/Solution_(False, True, 0.5, False)_[4, 4]_20_53",4,4,"F[0, 20] T(1, green {(IR, 2), (Vis, 2)}) &&  G[20,40] F[0,10] T(1, blue, {(UV, 1), (Mo, 2)}) && F[5,25] T(2,yellow,{(UV,2),(Vis,2)}) && F[3,18] T(2,orange,{(Vis,2)}) && F[20,30] T(2,orange,{(Vis,2)})",20,17.922050952911377
True,True,0.5,True,53,"../TransitionSystems/IJRR_Env_Size/TS_[4, 4]_20_53.yaml","../OutputFiles/IJRR_Env_Size/Solution_(True, True, 0.5, True)_[4, 4]_20_53",4,4,"F[0, 20] T(1, green {(IR, 2), (Vis, 2)}) &&  G[20,40] F[0,10] T(1, blue, {(UV, 1), (Mo, 2)}) && F[5,25] T(2,yellow,{(UV,2),(Vis,2)}) && F[3,18] T(2,orange,{(Vis,2)}) && F[20,30] T(2,orange,{(Vis,2)})",20,18.02859902381897
False,False,0.5,False,54,"../TransitionSystems/IJRR_Env_Size/TS_[4, 4]_20_54.yaml","../OutputFiles/IJRR_Env_Size/Solution_(False, False, 0.5, False)_[4, 4]_20_54",4,4,"F[0, 20] T(1, green {(IR, 2), (Vis, 2)}) &&  G[20,40] F[0,10] T(1, blue, {(UV, 1), (Mo, 2)}) && F[5,25] T(2,yellow,{(UV,2),(Vis,2)}) && F[3,18] T(2,orange,{(Vis,2)}) && F[20,30] T(2,orange,{(Vis,2)})",20,70.35806679725647
True,False,0.5,False,54,"../TransitionSystems/IJRR_Env_Size/TS_[4, 4]_20_54.yaml","../OutputFiles/IJRR_Env_Size/Solution_(True, False, 0.5, False)_[4, 4]_20_54",4,4,"F[0, 20] T(1, green {(IR, 2), (Vis, 2)}) &&  G[20,40] F[0,10] T(1, blue, {(UV, 1), (Mo, 2)}) && F[5,25] T(2,yellow,{(UV,2),(Vis,2)}) && F[3,18] T(2,orange,{(Vis,2)}) && F[20,30] T(2,orange,{(Vis,2)})",20,71.15454602241516
True,False,0.5,True,54,"../TransitionSystems/IJRR_Env_Size/TS_[4, 4]_20_54.yaml","../OutputFiles/IJRR_Env_Size/Solution_(True, False, 0.5, True)_[4, 4]_20_54",4,4,"F[0, 20] T(1, green {(IR, 2), (Vis, 2)}) &&  G[20,40] F[0,10] T(1, blue, {(UV, 1), (Mo, 2)}) && F[5,25] T(2,yellow,{(UV,2),(Vis,2)}) && F[3,18] T(2,orange,{(Vis,2)}) && F[20,30] T(2,orange,{(Vis,2)})",20,70.50199794769287
False,True,0.5,False,54,"../TransitionSystems/IJRR_Env_Size/TS_[4, 4]_20_54.yaml","../OutputFiles/IJRR_Env_Size/Solution_(False, True, 0.5, False)_[4, 4]_20_54",4,4,"F[0, 20] T(1, green {(IR, 2), (Vis, 2)}) &&  G[20,40] F[0,10] T(1, blue, {(UV, 1), (Mo, 2)}) && F[5,25] T(2,yellow,{(UV,2),(Vis,2)}) && F[3,18] T(2,orange,{(Vis,2)}) && F[20,30] T(2,orange,{(Vis,2)})",20,70.36011505126953
True,True,0.5,True,54,"../TransitionSystems/IJRR_Env_Size/TS_[4, 4]_20_54.yaml","../OutputFiles/IJRR_Env_Size/Solution_(True, True, 0.5, True)_[4, 4]_20_54",4,4,"F[0, 20] T(1, green {(IR, 2), (Vis, 2)}) &&  G[20,40] F[0,10] T(1, blue, {(UV, 1), (Mo, 2)}) && F[5,25] T(2,yellow,{(UV,2),(Vis,2)}) && F[3,18] T(2,orange,{(Vis,2)}) && F[20,30] T(2,orange,{(Vis,2)})",20,70.68585085868835
False,False,0.5,False,55,"../TransitionSystems/IJRR_Env_Size/TS_[4, 4]_20_55.yaml","../OutputFiles/IJRR_Env_Size/Solution_(False, False, 0.5, False)_[4, 4]_20_55",4,4,"F[0, 20] T(1, green {(IR, 2), (Vis, 2)}) &&  G[20,40] F[0,10] T(1, blue, {(UV, 1), (Mo, 2)}) && F[5,25] T(2,yellow,{(UV,2),(Vis,2)}) && F[3,18] T(2,orange,{(Vis,2)}) && F[20,30] T(2,orange,{(Vis,2)})",20,58.45958709716797
True,False,0.5,False,55,"../TransitionSystems/IJRR_Env_Size/TS_[4, 4]_20_55.yaml","../OutputFiles/IJRR_Env_Size/Solution_(True, False, 0.5, False)_[4, 4]_20_55",4,4,"F[0, 20] T(1, green {(IR, 2), (Vis, 2)}) &&  G[20,40] F[0,10] T(1, blue, {(UV, 1), (Mo, 2)}) && F[5,25] T(2,yellow,{(UV,2),(Vis,2)}) && F[3,18] T(2,orange,{(Vis,2)}) && F[20,30] T(2,orange,{(Vis,2)})",20,58.23013401031494
True,False,0.5,True,55,"../TransitionSystems/IJRR_Env_Size/TS_[4, 4]_20_55.yaml","../OutputFiles/IJRR_Env_Size/Solution_(True, False, 0.5, True)_[4, 4]_20_55",4,4,"F[0, 20] T(1, green {(IR, 2), (Vis, 2)}) &&  G[20,40] F[0,10] T(1, blue, {(UV, 1), (Mo, 2)}) && F[5,25] T(2,yellow,{(UV,2),(Vis,2)}) && F[3,18] T(2,orange,{(Vis,2)}) && F[20,30] T(2,orange,{(Vis,2)})",20,58.23875594139099
False,True,0.5,False,55,"../TransitionSystems/IJRR_Env_Size/TS_[4, 4]_20_55.yaml","../OutputFiles/IJRR_Env_Size/Solution_(False, True, 0.5, False)_[4, 4]_20_55",4,4,"F[0, 20] T(1, green {(IR, 2), (Vis, 2)}) &&  G[20,40] F[0,10] T(1, blue, {(UV, 1), (Mo, 2)}) && F[5,25] T(2,yellow,{(UV,2),(Vis,2)}) && F[3,18] T(2,orange,{(Vis,2)}) && F[20,30] T(2,orange,{(Vis,2)})",20,57.920588970184326
True,True,0.5,True,55,"../TransitionSystems/IJRR_Env_Size/TS_[4, 4]_20_55.yaml","../OutputFiles/IJRR_Env_Size/Solution_(True, True, 0.5, True)_[4, 4]_20_55",4,4,"F[0, 20] T(1, green {(IR, 2), (Vis, 2)}) &&  G[20,40] F[0,10] T(1, blue, {(UV, 1), (Mo, 2)}) && F[5,25] T(2,yellow,{(UV,2),(Vis,2)}) && F[3,18] T(2,orange,{(Vis,2)}) && F[20,30] T(2,orange,{(Vis,2)})",20,58.290783166885376
False,False,0.5,False,50,"../TransitionSystems/IJRR_Env_Size/TS_[4, 5]_20_50.yaml","../OutputFiles/IJRR_Env_Size/Solution_(False, False, 0.5, False)_[4, 5]_20_50",4,5,"F[0, 20] T(1, green {(IR, 2), (Vis, 2)}) &&  G[20,40] F[0,10] T(1, blue, {(UV, 1), (Mo, 2)}) && F[5,25] T(2,yellow,{(UV,2),(Vis,2)}) && F[3,18] T(2,orange,{(Vis,2)}) && F[20,30] T(2,orange,{(Vis,2)})",20,26.19477915763855
True,False,0.5,False,50,"../TransitionSystems/IJRR_Env_Size/TS_[4, 5]_20_50.yaml","../OutputFiles/IJRR_Env_Size/Solution_(True, False, 0.5, False)_[4, 5]_20_50",4,5,"F[0, 20] T(1, green {(IR, 2), (Vis, 2)}) &&  G[20,40] F[0,10] T(1, blue, {(UV, 1), (Mo, 2)}) && F[5,25] T(2,yellow,{(UV,2),(Vis,2)}) && F[3,18] T(2,orange,{(Vis,2)}) && F[20,30] T(2,orange,{(Vis,2)})",20,26.16106390953064
True,False,0.5,True,50,"../TransitionSystems/IJRR_Env_Size/TS_[4, 5]_20_50.yaml","../OutputFiles/IJRR_Env_Size/Solution_(True, False, 0.5, True)_[4, 5]_20_50",4,5,"F[0, 20] T(1, green {(IR, 2), (Vis, 2)}) &&  G[20,40] F[0,10] T(1, blue, {(UV, 1), (Mo, 2)}) && F[5,25] T(2,yellow,{(UV,2),(Vis,2)}) && F[3,18] T(2,orange,{(Vis,2)}) && F[20,30] T(2,orange,{(Vis,2)})",20,25.857067108154297
False,True,0.5,False,50,"../TransitionSystems/IJRR_Env_Size/TS_[4, 5]_20_50.yaml","../OutputFiles/IJRR_Env_Size/Solution_(False, True, 0.5, False)_[4, 5]_20_50",4,5,"F[0, 20] T(1, green {(IR, 2), (Vis, 2)}) &&  G[20,40] F[0,10] T(1, blue, {(UV, 1), (Mo, 2)}) && F[5,25] T(2,yellow,{(UV,2),(Vis,2)}) && F[3,18] T(2,orange,{(Vis,2)}) && F[20,30] T(2,orange,{(Vis,2)})",20,26.27411413192749
True,True,0.5,True,50,"../TransitionSystems/IJRR_Env_Size/TS_[4, 5]_20_50.yaml","../OutputFiles/IJRR_Env_Size/Solution_(True, True, 0.5, True)_[4, 5]_20_50",4,5,"F[0, 20] T(1, green {(IR, 2), (Vis, 2)}) &&  G[20,40] F[0,10] T(1, blue, {(UV, 1), (Mo, 2)}) && F[5,25] T(2,yellow,{(UV,2),(Vis,2)}) && F[3,18] T(2,orange,{(Vis,2)}) && F[20,30] T(2,orange,{(Vis,2)})",20,26.27292513847351
False,False,0.5,False,51,"../TransitionSystems/IJRR_Env_Size/TS_[4, 5]_20_51.yaml","../OutputFiles/IJRR_Env_Size/Solution_(False, False, 0.5, False)_[4, 5]_20_51",4,5,"F[0, 20] T(1, green {(IR, 2), (Vis, 2)}) &&  G[20,40] F[0,10] T(1, blue, {(UV, 1), (Mo, 2)}) && F[5,25] T(2,yellow,{(UV,2),(Vis,2)}) && F[3,18] T(2,orange,{(Vis,2)}) && F[20,30] T(2,orange,{(Vis,2)})",20,36.75657296180725
True,False,0.5,False,51,"../TransitionSystems/IJRR_Env_Size/TS_[4, 5]_20_51.yaml","../OutputFiles/IJRR_Env_Size/Solution_(True, False, 0.5, False)_[4, 5]_20_51",4,5,"F[0, 20] T(1, green {(IR, 2), (Vis, 2)}) &&  G[20,40] F[0,10] T(1, blue, {(UV, 1), (Mo, 2)}) && F[5,25] T(2,yellow,{(UV,2),(Vis,2)}) && F[3,18] T(2,orange,{(Vis,2)}) && F[20,30] T(2,orange,{(Vis,2)})",20,37.02091097831726
True,False,0.5,True,51,"../TransitionSystems/IJRR_Env_Size/TS_[4, 5]_20_51.yaml","../OutputFiles/IJRR_Env_Size/Solution_(True, False, 0.5, True)_[4, 5]_20_51",4,5,"F[0, 20] T(1, green {(IR, 2), (Vis, 2)}) &&  G[20,40] F[0,10] T(1, blue, {(UV, 1), (Mo, 2)}) && F[5,25] T(2,yellow,{(UV,2),(Vis,2)}) && F[3,18] T(2,orange,{(Vis,2)}) && F[20,30] T(2,orange,{(Vis,2)})",20,36.78135299682617
False,True,0.5,False,51,"../TransitionSystems/IJRR_Env_Size/TS_[4, 5]_20_51.yaml","../OutputFiles/IJRR_Env_Size/Solution_(False, True, 0.5, False)_[4, 5]_20_51",4,5,"F[0, 20] T(1, green {(IR, 2), (Vis, 2)}) &&  G[20,40] F[0,10] T(1, blue, {(UV, 1), (Mo, 2)}) && F[5,25] T(2,yellow,{(UV,2),(Vis,2)}) && F[3,18] T(2,orange,{(Vis,2)}) && F[20,30] T(2,orange,{(Vis,2)})",20,36.86046600341797
True,True,0.5,True,51,"../TransitionSystems/IJRR_Env_Size/TS_[4, 5]_20_51.yaml","../OutputFiles/IJRR_Env_Size/Solution_(True, True, 0.5, True)_[4, 5]_20_51",4,5,"F[0, 20] T(1, green {(IR, 2), (Vis, 2)}) &&  G[20,40] F[0,10] T(1, blue, {(UV, 1), (Mo, 2)}) && F[5,25] T(2,yellow,{(UV,2),(Vis,2)}) && F[3,18] T(2,orange,{(Vis,2)}) && F[20,30] T(2,orange,{(Vis,2)})",20,37.182920932769775
False,False,0.5,False,52,"../TransitionSystems/IJRR_Env_Size/TS_[4, 5]_20_52.yaml","../OutputFiles/IJRR_Env_Size/Solution_(False, False, 0.5, False)_[4, 5]_20_52",4,5,"F[0, 20] T(1, green {(IR, 2), (Vis, 2)}) &&  G[20,40] F[0,10] T(1, blue, {(UV, 1), (Mo, 2)}) && F[5,25] T(2,yellow,{(UV,2),(Vis,2)}) && F[3,18] T(2,orange,{(Vis,2)}) && F[20,30] T(2,orange,{(Vis,2)})",20,62.17870593070984
True,False,0.5,False,52,"../TransitionSystems/IJRR_Env_Size/TS_[4, 5]_20_52.yaml","../OutputFiles/IJRR_Env_Size/Solution_(True, False, 0.5, False)_[4, 5]_20_52",4,5,"F[0, 20] T(1, green {(IR, 2), (Vis, 2)}) &&  G[20,40] F[0,10] T(1, blue, {(UV, 1), (Mo, 2)}) && F[5,25] T(2,yellow,{(UV,2),(Vis,2)}) && F[3,18] T(2,orange,{(Vis,2)}) && F[20,30] T(2,orange,{(Vis,2)})",20,62.12487292289734
True,False,0.5,True,52,"../TransitionSystems/IJRR_Env_Size/TS_[4, 5]_20_52.yaml","../OutputFiles/IJRR_Env_Size/Solution_(True, False, 0.5, True)_[4, 5]_20_52",4,5,"F[0, 20] T(1, green {(IR, 2), (Vis, 2)}) &&  G[20,40] F[0,10] T(1, blue, {(UV, 1), (Mo, 2)}) && F[5,25] T(2,yellow,{(UV,2),(Vis,2)}) && F[3,18] T(2,orange,{(Vis,2)}) && F[20,30] T(2,orange,{(Vis,2)})",20,61.90061092376709
False,True,0.5,False,52,"../TransitionSystems/IJRR_Env_Size/TS_[4, 5]_20_52.yaml","../OutputFiles/IJRR_Env_Size/Solution_(False, True, 0.5, False)_[4, 5]_20_52",4,5,"F[0, 20] T(1, green {(IR, 2), (Vis, 2)}) &&  G[20,40] F[0,10] T(1, blue, {(UV, 1), (Mo, 2)}) && F[5,25] T(2,yellow,{(UV,2),(Vis,2)}) && F[3,18] T(2,orange,{(Vis,2)}) && F[20,30] T(2,orange,{(Vis,2)})",20,61.899802923202515
True,True,0.5,True,52,"../TransitionSystems/IJRR_Env_Size/TS_[4, 5]_20_52.yaml","../OutputFiles/IJRR_Env_Size/Solution_(True, True, 0.5, True)_[4, 5]_20_52",4,5,"F[0, 20] T(1, green {(IR, 2), (Vis, 2)}) &&  G[20,40] F[0,10] T(1, blue, {(UV, 1), (Mo, 2)}) && F[5,25] T(2,yellow,{(UV,2),(Vis,2)}) && F[3,18] T(2,orange,{(Vis,2)}) && F[20,30] T(2,orange,{(Vis,2)})",20,62.450923919677734
False,False,0.5,False,53,"../TransitionSystems/IJRR_Env_Size/TS_[4, 5]_20_53.yaml","../OutputFiles/IJRR_Env_Size/Solution_(False, False, 0.5, False)_[4, 5]_20_53",4,5,"F[0, 20] T(1, green {(IR, 2), (Vis, 2)}) &&  G[20,40] F[0,10] T(1, blue, {(UV, 1), (Mo, 2)}) && F[5,25] T(2,yellow,{(UV,2),(Vis,2)}) && F[3,18] T(2,orange,{(Vis,2)}) && F[20,30] T(2,orange,{(Vis,2)})",20,600.8449110984802
True,False,0.5,False,53,"../TransitionSystems/IJRR_Env_Size/TS_[4, 5]_20_53.yaml","../OutputFiles/IJRR_Env_Size/Solution_(True, False, 0.5, False)_[4, 5]_20_53",4,5,"F[0, 20] T(1, green {(IR, 2), (Vis, 2)}) &&  G[20,40] F[0,10] T(1, blue, {(UV, 1), (Mo, 2)}) && F[5,25] T(2,yellow,{(UV,2),(Vis,2)}) && F[3,18] T(2,orange,{(Vis,2)}) && F[20,30] T(2,orange,{(Vis,2)})",20,601.1239500045776
True,False,0.5,True,53,"../TransitionSystems/IJRR_Env_Size/TS_[4, 5]_20_53.yaml","../OutputFiles/IJRR_Env_Size/Solution_(True, False, 0.5, True)_[4, 5]_20_53",4,5,"F[0, 20] T(1, green {(IR, 2), (Vis, 2)}) &&  G[20,40] F[0,10] T(1, blue, {(UV, 1), (Mo, 2)}) && F[5,25] T(2,yellow,{(UV,2),(Vis,2)}) && F[3,18] T(2,orange,{(Vis,2)}) && F[20,30] T(2,orange,{(Vis,2)})",20,601.0606439113617
False,True,0.5,False,53,"../TransitionSystems/IJRR_Env_Size/TS_[4, 5]_20_53.yaml","../OutputFiles/IJRR_Env_Size/Solution_(False, True, 0.5, False)_[4, 5]_20_53",4,5,"F[0, 20] T(1, green {(IR, 2), (Vis, 2)}) &&  G[20,40] F[0,10] T(1, blue, {(UV, 1), (Mo, 2)}) && F[5,25] T(2,yellow,{(UV,2),(Vis,2)}) && F[3,18] T(2,orange,{(Vis,2)}) && F[20,30] T(2,orange,{(Vis,2)})",20,600.760143995285
True,True,0.5,True,53,"../TransitionSystems/IJRR_Env_Size/TS_[4, 5]_20_53.yaml","../OutputFiles/IJRR_Env_Size/Solution_(True, True, 0.5, True)_[4, 5]_20_53",4,5,"F[0, 20] T(1, green {(IR, 2), (Vis, 2)}) &&  G[20,40] F[0,10] T(1, blue, {(UV, 1), (Mo, 2)}) && F[5,25] T(2,yellow,{(UV,2),(Vis,2)}) && F[3,18] T(2,orange,{(Vis,2)}) && F[20,30] T(2,orange,{(Vis,2)})",20,600.8461811542511
False,False,0.5,False,54,"../TransitionSystems/IJRR_Env_Size/TS_[4, 5]_20_54.yaml","../OutputFiles/IJRR_Env_Size/Solution_(False, False, 0.5, False)_[4, 5]_20_54",4,5,"F[0, 20] T(1, green {(IR, 2), (Vis, 2)}) &&  G[20,40] F[0,10] T(1, blue, {(UV, 1), (Mo, 2)}) && F[5,25] T(2,yellow,{(UV,2),(Vis,2)}) && F[3,18] T(2,orange,{(Vis,2)}) && F[20,30] T(2,orange,{(Vis,2)})",20,27.58884286880493
True,False,0.5,False,54,"../TransitionSystems/IJRR_Env_Size/TS_[4, 5]_20_54.yaml","../OutputFiles/IJRR_Env_Size/Solution_(True, False, 0.5, False)_[4, 5]_20_54",4,5,"F[0, 20] T(1, green {(IR, 2), (Vis, 2)}) &&  G[20,40] F[0,10] T(1, blue, {(UV, 1), (Mo, 2)}) && F[5,25] T(2,yellow,{(UV,2),(Vis,2)}) && F[3,18] T(2,orange,{(Vis,2)}) && F[20,30] T(2,orange,{(Vis,2)})",20,27.296224117279053
True,False,0.5,True,54,"../TransitionSystems/IJRR_Env_Size/TS_[4, 5]_20_54.yaml","../OutputFiles/IJRR_Env_Size/Solution_(True, False, 0.5, True)_[4, 5]_20_54",4,5,"F[0, 20] T(1, green {(IR, 2), (Vis, 2)}) &&  G[20,40] F[0,10] T(1, blue, {(UV, 1), (Mo, 2)}) && F[5,25] T(2,yellow,{(UV,2),(Vis,2)}) && F[3,18] T(2,orange,{(Vis,2)}) && F[20,30] T(2,orange,{(Vis,2)})",20,27.040716886520386
False,True,0.5,False,54,"../TransitionSystems/IJRR_Env_Size/TS_[4, 5]_20_54.yaml","../OutputFiles/IJRR_Env_Size/Solution_(False, True, 0.5, False)_[4, 5]_20_54",4,5,"F[0, 20] T(1, green {(IR, 2), (Vis, 2)}) &&  G[20,40] F[0,10] T(1, blue, {(UV, 1), (Mo, 2)}) && F[5,25] T(2,yellow,{(UV,2),(Vis,2)}) && F[3,18] T(2,orange,{(Vis,2)}) && F[20,30] T(2,orange,{(Vis,2)})",20,27.254941940307617
True,True,0.5,True,54,"../TransitionSystems/IJRR_Env_Size/TS_[4, 5]_20_54.yaml","../OutputFiles/IJRR_Env_Size/Solution_(True, True, 0.5, True)_[4, 5]_20_54",4,5,"F[0, 20] T(1, green {(IR, 2), (Vis, 2)}) &&  G[20,40] F[0,10] T(1, blue, {(UV, 1), (Mo, 2)}) && F[5,25] T(2,yellow,{(UV,2),(Vis,2)}) && F[3,18] T(2,orange,{(Vis,2)}) && F[20,30] T(2,orange,{(Vis,2)})",20,27.164515018463135
False,False,0.5,False,55,"../TransitionSystems/IJRR_Env_Size/TS_[4, 5]_20_55.yaml","../OutputFiles/IJRR_Env_Size/Solution_(False, False, 0.5, False)_[4, 5]_20_55",4,5,"F[0, 20] T(1, green {(IR, 2), (Vis, 2)}) &&  G[20,40] F[0,10] T(1, blue, {(UV, 1), (Mo, 2)}) && F[5,25] T(2,yellow,{(UV,2),(Vis,2)}) && F[3,18] T(2,orange,{(Vis,2)}) && F[20,30] T(2,orange,{(Vis,2)})",20,156.93641686439514
True,False,0.5,False,55,"../TransitionSystems/IJRR_Env_Size/TS_[4, 5]_20_55.yaml","../OutputFiles/IJRR_Env_Size/Solution_(True, False, 0.5, False)_[4, 5]_20_55",4,5,"F[0, 20] T(1, green {(IR, 2), (Vis, 2)}) &&  G[20,40] F[0,10] T(1, blue, {(UV, 1), (Mo, 2)}) && F[5,25] T(2,yellow,{(UV,2),(Vis,2)}) && F[3,18] T(2,orange,{(Vis,2)}) && F[20,30] T(2,orange,{(Vis,2)})",20,157.32257604599
True,False,0.5,True,55,"../TransitionSystems/IJRR_Env_Size/TS_[4, 5]_20_55.yaml","../OutputFiles/IJRR_Env_Size/Solution_(True, False, 0.5, True)_[4, 5]_20_55",4,5,"F[0, 20] T(1, green {(IR, 2), (Vis, 2)}) &&  G[20,40] F[0,10] T(1, blue, {(UV, 1), (Mo, 2)}) && F[5,25] T(2,yellow,{(UV,2),(Vis,2)}) && F[3,18] T(2,orange,{(Vis,2)}) && F[20,30] T(2,orange,{(Vis,2)})",20,156.78691816329956
False,True,0.5,False,55,"../TransitionSystems/IJRR_Env_Size/TS_[4, 5]_20_55.yaml","../OutputFiles/IJRR_Env_Size/Solution_(False, True, 0.5, False)_[4, 5]_20_55",4,5,"F[0, 20] T(1, green {(IR, 2), (Vis, 2)}) &&  G[20,40] F[0,10] T(1, blue, {(UV, 1), (Mo, 2)}) && F[5,25] T(2,yellow,{(UV,2),(Vis,2)}) && F[3,18] T(2,orange,{(Vis,2)}) && F[20,30] T(2,orange,{(Vis,2)})",20,157.46045804023743
True,True,0.5,True,55,"../TransitionSystems/IJRR_Env_Size/TS_[4, 5]_20_55.yaml","../OutputFiles/IJRR_Env_Size/Solution_(True, True, 0.5, True)_[4, 5]_20_55",4,5,"F[0, 20] T(1, green {(IR, 2), (Vis, 2)}) &&  G[20,40] F[0,10] T(1, blue, {(UV, 1), (Mo, 2)}) && F[5,25] T(2,yellow,{(UV,2),(Vis,2)}) && F[3,18] T(2,orange,{(Vis,2)}) && F[20,30] T(2,orange,{(Vis,2)})",20,156.78525400161743
False,False,0.5,False,56,"../TransitionSystems/IJRR_Env_Size/TS_[4, 5]_20_56.yaml","../OutputFiles/IJRR_Env_Size/Solution_(False, False, 0.5, False)_[4, 5]_20_56",4,5,"F[0, 20] T(1, green {(IR, 2), (Vis, 2)}) &&  G[20,40] F[0,10] T(1, blue, {(UV, 1), (Mo, 2)}) && F[5,25] T(2,yellow,{(UV,2),(Vis,2)}) && F[3,18] T(2,orange,{(Vis,2)}) && F[20,30] T(2,orange,{(Vis,2)})",20,600.9727890491486
True,False,0.5,False,56,"../TransitionSystems/IJRR_Env_Size/TS_[4, 5]_20_56.yaml","../OutputFiles/IJRR_Env_Size/Solution_(True, False, 0.5, False)_[4, 5]_20_56",4,5,"F[0, 20] T(1, green {(IR, 2), (Vis, 2)}) &&  G[20,40] F[0,10] T(1, blue, {(UV, 1), (Mo, 2)}) && F[5,25] T(2,yellow,{(UV,2),(Vis,2)}) && F[3,18] T(2,orange,{(Vis,2)}) && F[20,30] T(2,orange,{(Vis,2)})",20,600.946967124939
True,False,0.5,True,56,"../TransitionSystems/IJRR_Env_Size/TS_[4, 5]_20_56.yaml","../OutputFiles/IJRR_Env_Size/Solution_(True, False, 0.5, True)_[4, 5]_20_56",4,5,"F[0, 20] T(1, green {(IR, 2), (Vis, 2)}) &&  G[20,40] F[0,10] T(1, blue, {(UV, 1), (Mo, 2)}) && F[5,25] T(2,yellow,{(UV,2),(Vis,2)}) && F[3,18] T(2,orange,{(Vis,2)}) && F[20,30] T(2,orange,{(Vis,2)})",20,600.8763499259949
False,True,0.5,False,56,"../TransitionSystems/IJRR_Env_Size/TS_[4, 5]_20_56.yaml","../OutputFiles/IJRR_Env_Size/Solution_(False, True, 0.5, False)_[4, 5]_20_56",4,5,"F[0, 20] T(1, green {(IR, 2), (Vis, 2)}) &&  G[20,40] F[0,10] T(1, blue, {(UV, 1), (Mo, 2)}) && F[5,25] T(2,yellow,{(UV,2),(Vis,2)}) && F[3,18] T(2,orange,{(Vis,2)}) && F[20,30] T(2,orange,{(Vis,2)})",20,600.8346061706543
True,True,0.5,True,56,"../TransitionSystems/IJRR_Env_Size/TS_[4, 5]_20_56.yaml","../OutputFiles/IJRR_Env_Size/Solution_(True, True, 0.5, True)_[4, 5]_20_56",4,5,"F[0, 20] T(1, green {(IR, 2), (Vis, 2)}) &&  G[20,40] F[0,10] T(1, blue, {(UV, 1), (Mo, 2)}) && F[5,25] T(2,yellow,{(UV,2),(Vis,2)}) && F[3,18] T(2,orange,{(Vis,2)}) && F[20,30] T(2,orange,{(Vis,2)})",20,600.8200960159302
False,False,0.5,False,57,"../TransitionSystems/IJRR_Env_Size/TS_[4, 5]_20_57.yaml","../OutputFiles/IJRR_Env_Size/Solution_(False, False, 0.5, False)_[4, 5]_20_57",4,5,"F[0, 20] T(1, green {(IR, 2), (Vis, 2)}) &&  G[20,40] F[0,10] T(1, blue, {(UV, 1), (Mo, 2)}) && F[5,25] T(2,yellow,{(UV,2),(Vis,2)}) && F[3,18] T(2,orange,{(Vis,2)}) && F[20,30] T(2,orange,{(Vis,2)})",20,600.802402973175
True,False,0.5,False,57,"../TransitionSystems/IJRR_Env_Size/TS_[4, 5]_20_57.yaml","../OutputFiles/IJRR_Env_Size/Solution_(True, False, 0.5, False)_[4, 5]_20_57",4,5,"F[0, 20] T(1, green {(IR, 2), (Vis, 2)}) &&  G[20,40] F[0,10] T(1, blue, {(UV, 1), (Mo, 2)}) && F[5,25] T(2,yellow,{(UV,2),(Vis,2)}) && F[3,18] T(2,orange,{(Vis,2)}) && F[20,30] T(2,orange,{(Vis,2)})",20,600.692850112915
True,False,0.5,True,57,"../TransitionSystems/IJRR_Env_Size/TS_[4, 5]_20_57.yaml","../OutputFiles/IJRR_Env_Size/Solution_(True, False, 0.5, True)_[4, 5]_20_57",4,5,"F[0, 20] T(1, green {(IR, 2), (Vis, 2)}) &&  G[20,40] F[0,10] T(1, blue, {(UV, 1), (Mo, 2)}) && F[5,25] T(2,yellow,{(UV,2),(Vis,2)}) && F[3,18] T(2,orange,{(Vis,2)}) && F[20,30] T(2,orange,{(Vis,2)})",20,600.7624809741974
False,True,0.5,False,57,"../TransitionSystems/IJRR_Env_Size/TS_[4, 5]_20_57.yaml","../OutputFiles/IJRR_Env_Size/Solution_(False, True, 0.5, False)_[4, 5]_20_57",4,5,"F[0, 20] T(1, green {(IR, 2), (Vis, 2)}) &&  G[20,40] F[0,10] T(1, blue, {(UV, 1), (Mo, 2)}) && F[5,25] T(2,yellow,{(UV,2),(Vis,2)}) && F[3,18] T(2,orange,{(Vis,2)}) && F[20,30] T(2,orange,{(Vis,2)})",20,600.7197420597076
True,True,0.5,True,57,"../TransitionSystems/IJRR_Env_Size/TS_[4, 5]_20_57.yaml","../OutputFiles/IJRR_Env_Size/Solution_(True, True, 0.5, True)_[4, 5]_20_57",4,5,"F[0, 20] T(1, green {(IR, 2), (Vis, 2)}) &&  G[20,40] F[0,10] T(1, blue, {(UV, 1), (Mo, 2)}) && F[5,25] T(2,yellow,{(UV,2),(Vis,2)}) && F[3,18] T(2,orange,{(Vis,2)}) && F[20,30] T(2,orange,{(Vis,2)})",20,600.7279620170593
False,False,0.5,False,58,"../TransitionSystems/IJRR_Env_Size/TS_[4, 5]_20_58.yaml","../OutputFiles/IJRR_Env_Size/Solution_(False, False, 0.5, False)_[4, 5]_20_58",4,5,"F[0, 20] T(1, green {(IR, 2), (Vis, 2)}) &&  G[20,40] F[0,10] T(1, blue, {(UV, 1), (Mo, 2)}) && F[5,25] T(2,yellow,{(UV,2),(Vis,2)}) && F[3,18] T(2,orange,{(Vis,2)}) && F[20,30] T(2,orange,{(Vis,2)})",20,600.8125128746033
True,False,0.5,False,58,"../TransitionSystems/IJRR_Env_Size/TS_[4, 5]_20_58.yaml","../OutputFiles/IJRR_Env_Size/Solution_(True, False, 0.5, False)_[4, 5]_20_58",4,5,"F[0, 20] T(1, green {(IR, 2), (Vis, 2)}) &&  G[20,40] F[0,10] T(1, blue, {(UV, 1), (Mo, 2)}) && F[5,25] T(2,yellow,{(UV,2),(Vis,2)}) && F[3,18] T(2,orange,{(Vis,2)}) && F[20,30] T(2,orange,{(Vis,2)})",20,600.8514258861542
True,False,0.5,True,58,"../TransitionSystems/IJRR_Env_Size/TS_[4, 5]_20_58.yaml","../OutputFiles/IJRR_Env_Size/Solution_(True, False, 0.5, True)_[4, 5]_20_58",4,5,"F[0, 20] T(1, green {(IR, 2), (Vis, 2)}) &&  G[20,40] F[0,10] T(1, blue, {(UV, 1), (Mo, 2)}) && F[5,25] T(2,yellow,{(UV,2),(Vis,2)}) && F[3,18] T(2,orange,{(Vis,2)}) && F[20,30] T(2,orange,{(Vis,2)})",20,600.9029281139374
False,True,0.5,False,58,"../TransitionSystems/IJRR_Env_Size/TS_[4, 5]_20_58.yaml","../OutputFiles/IJRR_Env_Size/Solution_(False, True, 0.5, False)_[4, 5]_20_58",4,5,"F[0, 20] T(1, green {(IR, 2), (Vis, 2)}) &&  G[20,40] F[0,10] T(1, blue, {(UV, 1), (Mo, 2)}) && F[5,25] T(2,yellow,{(UV,2),(Vis,2)}) && F[3,18] T(2,orange,{(Vis,2)}) && F[20,30] T(2,orange,{(Vis,2)})",20,600.9148540496826
True,True,0.5,True,58,"../TransitionSystems/IJRR_Env_Size/TS_[4, 5]_20_58.yaml","../OutputFiles/IJRR_Env_Size/Solution_(True, True, 0.5, True)_[4, 5]_20_58",4,5,"F[0, 20] T(1, green {(IR, 2), (Vis, 2)}) &&  G[20,40] F[0,10] T(1, blue, {(UV, 1), (Mo, 2)}) && F[5,25] T(2,yellow,{(UV,2),(Vis,2)}) && F[3,18] T(2,orange,{(Vis,2)}) && F[20,30] T(2,orange,{(Vis,2)})",20,600.9972989559174
False,False,0.5,False,50,"../TransitionSystems/IJRR_Env_Size/TS_[5, 5]_20_50.yaml","../OutputFiles/IJRR_Env_Size/Solution_(False, False, 0.5, False)_[5, 5]_20_50",5,5,"F[0, 20] T(1, green {(IR, 2), (Vis, 2)}) &&  G[20,40] F[0,10] T(1, blue, {(UV, 1), (Mo, 2)}) && F[5,25] T(2,yellow,{(UV,2),(Vis,2)}) && F[3,18] T(2,orange,{(Vis,2)}) && F[20,30] T(2,orange,{(Vis,2)})",20,600.9391660690308
True,False,0.5,False,50,"../TransitionSystems/IJRR_Env_Size/TS_[5, 5]_20_50.yaml","../OutputFiles/IJRR_Env_Size/Solution_(True, False, 0.5, False)_[5, 5]_20_50",5,5,"F[0, 20] T(1, green {(IR, 2), (Vis, 2)}) &&  G[20,40] F[0,10] T(1, blue, {(UV, 1), (Mo, 2)}) && F[5,25] T(2,yellow,{(UV,2),(Vis,2)}) && F[3,18] T(2,orange,{(Vis,2)}) && F[20,30] T(2,orange,{(Vis,2)})",20,600.8422870635986
True,False,0.5,True,50,"../TransitionSystems/IJRR_Env_Size/TS_[5, 5]_20_50.yaml","../OutputFiles/IJRR_Env_Size/Solution_(True, False, 0.5, True)_[5, 5]_20_50",5,5,"F[0, 20] T(1, green {(IR, 2), (Vis, 2)}) &&  G[20,40] F[0,10] T(1, blue, {(UV, 1), (Mo, 2)}) && F[5,25] T(2,yellow,{(UV,2),(Vis,2)}) && F[3,18] T(2,orange,{(Vis,2)}) && F[20,30] T(2,orange,{(Vis,2)})",20,600.9495260715485
False,True,0.5,False,50,"../TransitionSystems/IJRR_Env_Size/TS_[5, 5]_20_50.yaml","../OutputFiles/IJRR_Env_Size/Solution_(False, True, 0.5, False)_[5, 5]_20_50",5,5,"F[0, 20] T(1, green {(IR, 2), (Vis, 2)}) &&  G[20,40] F[0,10] T(1, blue, {(UV, 1), (Mo, 2)}) && F[5,25] T(2,yellow,{(UV,2),(Vis,2)}) && F[3,18] T(2,orange,{(Vis,2)}) && F[20,30] T(2,orange,{(Vis,2)})",20,600.810213804245
True,True,0.5,True,50,"../TransitionSystems/IJRR_Env_Size/TS_[5, 5]_20_50.yaml","../OutputFiles/IJRR_Env_Size/Solution_(True, True, 0.5, True)_[5, 5]_20_50",5,5,"F[0, 20] T(1, green {(IR, 2), (Vis, 2)}) &&  G[20,40] F[0,10] T(1, blue, {(UV, 1), (Mo, 2)}) && F[5,25] T(2,yellow,{(UV,2),(Vis,2)}) && F[3,18] T(2,orange,{(Vis,2)}) && F[20,30] T(2,orange,{(Vis,2)})",20,600.9500298500061
False,False,0.5,False,51,"../TransitionSystems/IJRR_Env_Size/TS_[5, 5]_20_51.yaml","../OutputFiles/IJRR_Env_Size/Solution_(False, False, 0.5, False)_[5, 5]_20_51",5,5,"F[0, 20] T(1, green {(IR, 2), (Vis, 2)}) &&  G[20,40] F[0,10] T(1, blue, {(UV, 1), (Mo, 2)}) && F[5,25] T(2,yellow,{(UV,2),(Vis,2)}) && F[3,18] T(2,orange,{(Vis,2)}) && F[20,30] T(2,orange,{(Vis,2)})",20,18.494685888290405
True,False,0.5,False,51,"../TransitionSystems/IJRR_Env_Size/TS_[5, 5]_20_51.yaml","../OutputFiles/IJRR_Env_Size/Solution_(True, False, 0.5, False)_[5, 5]_20_51",5,5,"F[0, 20] T(1, green {(IR, 2), (Vis, 2)}) &&  G[20,40] F[0,10] T(1, blue, {(UV, 1), (Mo, 2)}) && F[5,25] T(2,yellow,{(UV,2),(Vis,2)}) && F[3,18] T(2,orange,{(Vis,2)}) && F[20,30] T(2,orange,{(Vis,2)})",20,18.32250690460205
True,False,0.5,True,51,"../TransitionSystems/IJRR_Env_Size/TS_[5, 5]_20_51.yaml","../OutputFiles/IJRR_Env_Size/Solution_(True, False, 0.5, True)_[5, 5]_20_51",5,5,"F[0, 20] T(1, green {(IR, 2), (Vis, 2)}) &&  G[20,40] F[0,10] T(1, blue, {(UV, 1), (Mo, 2)}) && F[5,25] T(2,yellow,{(UV,2),(Vis,2)}) && F[3,18] T(2,orange,{(Vis,2)}) && F[20,30] T(2,orange,{(Vis,2)})",20,18.058549165725708
False,True,0.5,False,51,"../TransitionSystems/IJRR_Env_Size/TS_[5, 5]_20_51.yaml","../OutputFiles/IJRR_Env_Size/Solution_(False, True, 0.5, False)_[5, 5]_20_51",5,5,"F[0, 20] T(1, green {(IR, 2), (Vis, 2)}) &&  G[20,40] F[0,10] T(1, blue, {(UV, 1), (Mo, 2)}) && F[5,25] T(2,yellow,{(UV,2),(Vis,2)}) && F[3,18] T(2,orange,{(Vis,2)}) && F[20,30] T(2,orange,{(Vis,2)})",20,18.33703088760376
True,True,0.5,True,51,"../TransitionSystems/IJRR_Env_Size/TS_[5, 5]_20_51.yaml","../OutputFiles/IJRR_Env_Size/Solution_(True, True, 0.5, True)_[5, 5]_20_51",5,5,"F[0, 20] T(1, green {(IR, 2), (Vis, 2)}) &&  G[20,40] F[0,10] T(1, blue, {(UV, 1), (Mo, 2)}) && F[5,25] T(2,yellow,{(UV,2),(Vis,2)}) && F[3,18] T(2,orange,{(Vis,2)}) && F[20,30] T(2,orange,{(Vis,2)})",20,17.992679834365845
False,False,0.5,False,52,"../TransitionSystems/IJRR_Env_Size/TS_[5, 5]_20_52.yaml","../OutputFiles/IJRR_Env_Size/Solution_(False, False, 0.5, False)_[5, 5]_20_52",5,5,"F[0, 20] T(1, green {(IR, 2), (Vis, 2)}) &&  G[20,40] F[0,10] T(1, blue, {(UV, 1), (Mo, 2)}) && F[5,25] T(2,yellow,{(UV,2),(Vis,2)}) && F[3,18] T(2,orange,{(Vis,2)}) && F[20,30] T(2,orange,{(Vis,2)})",20,19.49610996246338
True,False,0.5,False,52,"../TransitionSystems/IJRR_Env_Size/TS_[5, 5]_20_52.yaml","../OutputFiles/IJRR_Env_Size/Solution_(True, False, 0.5, False)_[5, 5]_20_52",5,5,"F[0, 20] T(1, green {(IR, 2), (Vis, 2)}) &&  G[20,40] F[0,10] T(1, blue, {(UV, 1), (Mo, 2)}) && F[5,25] T(2,yellow,{(UV,2),(Vis,2)}) && F[3,18] T(2,orange,{(Vis,2)}) && F[20,30] T(2,orange,{(Vis,2)})",20,19.612664937973022
True,False,0.5,True,52,"../TransitionSystems/IJRR_Env_Size/TS_[5, 5]_20_52.yaml","../OutputFiles/IJRR_Env_Size/Solution_(True, False, 0.5, True)_[5, 5]_20_52",5,5,"F[0, 20] T(1, green {(IR, 2), (Vis, 2)}) &&  G[20,40] F[0,10] T(1, blue, {(UV, 1), (Mo, 2)}) && F[5,25] T(2,yellow,{(UV,2),(Vis,2)}) && F[3,18] T(2,orange,{(Vis,2)}) && F[20,30] T(2,orange,{(Vis,2)})",20,23.656028985977173
False,True,0.5,False,52,"../TransitionSystems/IJRR_Env_Size/TS_[5, 5]_20_52.yaml","../OutputFiles/IJRR_Env_Size/Solution_(False, True, 0.5, False)_[5, 5]_20_52",5,5,"F[0, 20] T(1, green {(IR, 2), (Vis, 2)}) &&  G[20,40] F[0,10] T(1, blue, {(UV, 1), (Mo, 2)}) && F[5,25] T(2,yellow,{(UV,2),(Vis,2)}) && F[3,18] T(2,orange,{(Vis,2)}) && F[20,30] T(2,orange,{(Vis,2)})",20,25.05375599861145
True,True,0.5,True,52,"../TransitionSystems/IJRR_Env_Size/TS_[5, 5]_20_52.yaml","../OutputFiles/IJRR_Env_Size/Solution_(True, True, 0.5, True)_[5, 5]_20_52",5,5,"F[0, 20] T(1, green {(IR, 2), (Vis, 2)}) &&  G[20,40] F[0,10] T(1, blue, {(UV, 1), (Mo, 2)}) && F[5,25] T(2,yellow,{(UV,2),(Vis,2)}) && F[3,18] T(2,orange,{(Vis,2)}) && F[20,30] T(2,orange,{(Vis,2)})",20,25.018659114837646
False,False,0.5,False,53,"../TransitionSystems/IJRR_Env_Size/TS_[5, 5]_20_53.yaml","../OutputFiles/IJRR_Env_Size/Solution_(False, False, 0.5, False)_[5, 5]_20_53",5,5,"F[0, 20] T(1, green {(IR, 2), (Vis, 2)}) &&  G[20,40] F[0,10] T(1, blue, {(UV, 1), (Mo, 2)}) && F[5,25] T(2,yellow,{(UV,2),(Vis,2)}) && F[3,18] T(2,orange,{(Vis,2)}) && F[20,30] T(2,orange,{(Vis,2)})",20,600.8452229499817
True,False,0.5,False,53,"../TransitionSystems/IJRR_Env_Size/TS_[5, 5]_20_53.yaml","../OutputFiles/IJRR_Env_Size/Solution_(True, False, 0.5, False)_[5, 5]_20_53",5,5,"F[0, 20] T(1, green {(IR, 2), (Vis, 2)}) &&  G[20,40] F[0,10] T(1, blue, {(UV, 1), (Mo, 2)}) && F[5,25] T(2,yellow,{(UV,2),(Vis,2)}) && F[3,18] T(2,orange,{(Vis,2)}) && F[20,30] T(2,orange,{(Vis,2)})",20,600.8149900436401
True,False,0.5,True,53,"../TransitionSystems/IJRR_Env_Size/TS_[5, 5]_20_53.yaml","../OutputFiles/IJRR_Env_Size/Solution_(True, False, 0.5, True)_[5, 5]_20_53",5,5,"F[0, 20] T(1, green {(IR, 2), (Vis, 2)}) &&  G[20,40] F[0,10] T(1, blue, {(UV, 1), (Mo, 2)}) && F[5,25] T(2,yellow,{(UV,2),(Vis,2)}) && F[3,18] T(2,orange,{(Vis,2)}) && F[20,30] T(2,orange,{(Vis,2)})",20,600.774708032608
False,True,0.5,False,53,"../TransitionSystems/IJRR_Env_Size/TS_[5, 5]_20_53.yaml","../OutputFiles/IJRR_Env_Size/Solution_(False, True, 0.5, False)_[5, 5]_20_53",5,5,"F[0, 20] T(1, green {(IR, 2), (Vis, 2)}) &&  G[20,40] F[0,10] T(1, blue, {(UV, 1), (Mo, 2)}) && F[5,25] T(2,yellow,{(UV,2),(Vis,2)}) && F[3,18] T(2,orange,{(Vis,2)}) && F[20,30] T(2,orange,{(Vis,2)})",20,600.8139340877533
True,True,0.5,True,53,"../TransitionSystems/IJRR_Env_Size/TS_[5, 5]_20_53.yaml","../OutputFiles/IJRR_Env_Size/Solution_(True, True, 0.5, True)_[5, 5]_20_53",5,5,"F[0, 20] T(1, green {(IR, 2), (Vis, 2)}) &&  G[20,40] F[0,10] T(1, blue, {(UV, 1), (Mo, 2)}) && F[5,25] T(2,yellow,{(UV,2),(Vis,2)}) && F[3,18] T(2,orange,{(Vis,2)}) && F[20,30] T(2,orange,{(Vis,2)})",20,601.122640132904
False,False,0.5,False,54,"../TransitionSystems/IJRR_Env_Size/TS_[5, 5]_20_54.yaml","../OutputFiles/IJRR_Env_Size/Solution_(False, False, 0.5, False)_[5, 5]_20_54",5,5,"F[0, 20] T(1, green {(IR, 2), (Vis, 2)}) &&  G[20,40] F[0,10] T(1, blue, {(UV, 1), (Mo, 2)}) && F[5,25] T(2,yellow,{(UV,2),(Vis,2)}) && F[3,18] T(2,orange,{(Vis,2)}) && F[20,30] T(2,orange,{(Vis,2)})",20,207.20735096931458
True,False,0.5,False,54,"../TransitionSystems/IJRR_Env_Size/TS_[5, 5]_20_54.yaml","../OutputFiles/IJRR_Env_Size/Solution_(True, False, 0.5, False)_[5, 5]_20_54",5,5,"F[0, 20] T(1, green {(IR, 2), (Vis, 2)}) &&  G[20,40] F[0,10] T(1, blue, {(UV, 1), (Mo, 2)}) && F[5,25] T(2,yellow,{(UV,2),(Vis,2)}) && F[3,18] T(2,orange,{(Vis,2)}) && F[20,30] T(2,orange,{(Vis,2)})",20,207.52199292182922
True,False,0.5,True,54,"../TransitionSystems/IJRR_Env_Size/TS_[5, 5]_20_54.yaml","../OutputFiles/IJRR_Env_Size/Solution_(True, False, 0.5, True)_[5, 5]_20_54",5,5,"F[0, 20] T(1, green {(IR, 2), (Vis, 2)}) &&  G[20,40] F[0,10] T(1, blue, {(UV, 1), (Mo, 2)}) && F[5,25] T(2,yellow,{(UV,2),(Vis,2)}) && F[3,18] T(2,orange,{(Vis,2)}) && F[20,30] T(2,orange,{(Vis,2)})",20,207.47010588645935
False,True,0.5,False,54,"../TransitionSystems/IJRR_Env_Size/TS_[5, 5]_20_54.yaml","../OutputFiles/IJRR_Env_Size/Solution_(False, True, 0.5, False)_[5, 5]_20_54",5,5,"F[0, 20] T(1, green {(IR, 2), (Vis, 2)}) &&  G[20,40] F[0,10] T(1, blue, {(UV, 1), (Mo, 2)}) && F[5,25] T(2,yellow,{(UV,2),(Vis,2)}) && F[3,18] T(2,orange,{(Vis,2)}) && F[20,30] T(2,orange,{(Vis,2)})",20,206.93445014953613
True,True,0.5,True,54,"../TransitionSystems/IJRR_Env_Size/TS_[5, 5]_20_54.yaml","../OutputFiles/IJRR_Env_Size/Solution_(True, True, 0.5, True)_[5, 5]_20_54",5,5,"F[0, 20] T(1, green {(IR, 2), (Vis, 2)}) &&  G[20,40] F[0,10] T(1, blue, {(UV, 1), (Mo, 2)}) && F[5,25] T(2,yellow,{(UV,2),(Vis,2)}) && F[3,18] T(2,orange,{(Vis,2)}) && F[20,30] T(2,orange,{(Vis,2)})",20,207.37603306770325
False,False,0.5,False,55,"../TransitionSystems/IJRR_Env_Size/TS_[5, 5]_20_55.yaml","../OutputFiles/IJRR_Env_Size/Solution_(False, False, 0.5, False)_[5, 5]_20_55",5,5,"F[0, 20] T(1, green {(IR, 2), (Vis, 2)}) &&  G[20,40] F[0,10] T(1, blue, {(UV, 1), (Mo, 2)}) && F[5,25] T(2,yellow,{(UV,2),(Vis,2)}) && F[3,18] T(2,orange,{(Vis,2)}) && F[20,30] T(2,orange,{(Vis,2)})",20,600.9890010356903
True,False,0.5,False,55,"../TransitionSystems/IJRR_Env_Size/TS_[5, 5]_20_55.yaml","../OutputFiles/IJRR_Env_Size/Solution_(True, False, 0.5, False)_[5, 5]_20_55",5,5,"F[0, 20] T(1, green {(IR, 2), (Vis, 2)}) &&  G[20,40] F[0,10] T(1, blue, {(UV, 1), (Mo, 2)}) && F[5,25] T(2,yellow,{(UV,2),(Vis,2)}) && F[3,18] T(2,orange,{(Vis,2)}) && F[20,30] T(2,orange,{(Vis,2)})",20,600.9659569263458
True,False,0.5,True,55,"../TransitionSystems/IJRR_Env_Size/TS_[5, 5]_20_55.yaml","../OutputFiles/IJRR_Env_Size/Solution_(True, False, 0.5, True)_[5, 5]_20_55",5,5,"F[0, 20] T(1, green {(IR, 2), (Vis, 2)}) &&  G[20,40] F[0,10] T(1, blue, {(UV, 1), (Mo, 2)}) && F[5,25] T(2,yellow,{(UV,2),(Vis,2)}) && F[3,18] T(2,orange,{(Vis,2)}) && F[20,30] T(2,orange,{(Vis,2)})",20,600.99804520607
False,True,0.5,False,55,"../TransitionSystems/IJRR_Env_Size/TS_[5, 5]_20_55.yaml","../OutputFiles/IJRR_Env_Size/Solution_(False, True, 0.5, False)_[5, 5]_20_55",5,5,"F[0, 20] T(1, green {(IR, 2), (Vis, 2)}) &&  G[20,40] F[0,10] T(1, blue, {(UV, 1), (Mo, 2)}) && F[5,25] T(2,yellow,{(UV,2),(Vis,2)}) && F[3,18] T(2,orange,{(Vis,2)}) && F[20,30] T(2,orange,{(Vis,2)})",20,600.9811940193176
True,True,0.5,True,55,"../TransitionSystems/IJRR_Env_Size/TS_[5, 5]_20_55.yaml","../OutputFiles/IJRR_Env_Size/Solution_(True, True, 0.5, True)_[5, 5]_20_55",5,5,"F[0, 20] T(1, green {(IR, 2), (Vis, 2)}) &&  G[20,40] F[0,10] T(1, blue, {(UV, 1), (Mo, 2)}) && F[5,25] T(2,yellow,{(UV,2),(Vis,2)}) && F[3,18] T(2,orange,{(Vis,2)}) && F[20,30] T(2,orange,{(Vis,2)})",20,60