Robust,Regularize,Alpha,Upper Bound,Trial Number,TS Filename,Solution Filename,Xdim,Ydim,Formula,Agents,Run Time (s),Linear Constraints,Variables,Objective Value,Robustness,Normalized Travel Time
True,False,0.5,False,2,../TransitionSystems/AAAI/TS_25_10_2.yaml,"../OutputFiles/AAAI/Solution_(True, False, 0.5, False)_[5, 5]_10_2",5,5,"F[0,10](T(3,A,{(C1,2)}) || T(3,B,{(C1,2),(C2,2)})) && F[20,40](T(3,C,{(C2,1)}) U[5,10] (T(3, A, {(C1, 1),(C2,1)}) && T(3,B,{(C1,1),(C2,1)})))",10,36.306401014328,15489,25257,0.0,-0.0,0.15471698113207547
True,False,0.5,False,4,../TransitionSystems/AAAI/TS_25_10_4.yaml,"../OutputFiles/AAAI/Solution_(True, False, 0.5, False)_[5, 5]_10_4",5,5,"F[0,10](T(3,A,{(C1,2)}) || T(3,B,{(C1,2),(C2,2)})) && F[20,40](T(3,C,{(C2,1)}) U[5,10] (T(3, A, {(C1, 1),(C2,1)}) && T(3,B,{(C1,1),(C2,1)})))",10,16.765258073806763,15561,25281,0.0,-0.0,0.11509433962264151
True,False,0.5,False,5,../TransitionSystems/AAAI/TS_25_10_5.yaml,"../OutputFiles/AAAI/Solution_(True, False, 0.5, False)_[5, 5]_10_5",5,5,"F[0,10](T(3,A,{(C1,2)}) || T(3,B,{(C1,2),(C2,2)})) && F[20,40](T(3,C,{(C2,1)}) U[5,10] (T(3, A, {(C1, 1),(C2,1)}) && T(3,B,{(C1,1),(C2,1)})))",10,53.74263405799866,15171,25151,0.0,-0.0,0.06886792452830189
True,False,0.5,False,6,../TransitionSystems/AAAI/TS_25_10_6.yaml,"../OutputFiles/AAAI/Solution_(True, False, 0.5, False)_[5, 5]_10_6",5,5,"F[0,10](T(3,A,{(C1,2)}) || T(3,B,{(C1,2),(C2,2)})) && F[20,40](T(3,C,{(C2,1)}) U[5,10] (T(3, A, {(C1, 1),(C2,1)}) && T(3,B,{(C1,1),(C2,1)})))",10,112.02248620986938,15489,25257,0.0,-0.0,0.14056603773584905
True,False,0.5,False,7,../TransitionSystems/AAAI/TS_25_10_7.yaml,"../OutputFiles/AAAI/Solution_(True, False, 0.5, False)_[5, 5]_10_7",5,5,"F[0,10](T(3,A,{(C1,2)}) || T(3,B,{(C1,2),(C2,2)})) && F[20,40](T(3,C,{(C2,1)}) U[5,10] (T(3, A, {(C1, 1),(C2,1)}) && T(3,B,{(C1,1),(C2,1)})))",10,14.133574962615967,15903,25395,0.0,-0.0,0.12547169811320755
True,False,0.5,False,8,../TransitionSystems/AAAI/TS_25_10_8.yaml,"../OutputFiles/AAAI/Solution_(True, False, 0.5, False)_[5, 5]_10_8",5,5,"F[0,10](T(3,A,{(C1,2)}) || T(3,B,{(C1,2),(C2,2)})) && F[20,40](T(3,C,{(C2,1)}) U[5,10] (T(3, A, {(C1, 1),(C2,1)}) && T(3,B,{(C1,1),(C2,1)})))",10,3.847174882888794,15387,25223,0.0,-0.0,0.13962264150943396
True,False,0.5,False,9,../TransitionSystems/AAAI/TS_25_10_9.yaml,"../OutputFiles/AAAI/Solution_(True, False, 0.5, False)_[5, 5]_10_9",5,5,"F[0,10](T(3,A,{(C1,2)}) || T(3,B,{(C1,2),(C2,2)})) && F[20,40](T(3,C,{(C2,1)}) U[5,10] (T(3, A, {(C1, 1),(C2,1)}) && T(3,B,{(C1,1),(C2,1)})))",10,29.2603120803833,15807,25363,0.0,-0.0,0.15
True,False,0.5,False,12,../TransitionSystems/AAAI/TS_25_10_12.yaml,"../OutputFiles/AAAI/Solution_(True, False, 0.5, False)_[5, 5]_10_12",5,5,"F[0,10](T(3,A,{(C1,2)}) || T(3,B,{(C1,2),(C2,2)})) && F[20,40](T(3,C,{(C2,1)}) U[5,10] (T(3, A, {(C1, 1),(C2,1)}) && T(3,B,{(C1,1),(C2,1)})))",10,16.03053903579712,15663,25315,0.0,0.0,0.11509433962264151
True,False,0.5,False,13,../TransitionSystems/AAAI/TS_25_10_13.yaml,"../OutputFiles/AAAI/Solution_(True, False, 0.5, False)_[5, 5]_10_13",5,5,"F[0,10](T(3,A,{(C1,2)}) || T(3,B,{(C1,2),(C2,2)})) && F[20,40](T(3,C,{(C2,1)}) U[5,10] (T(3, A, {(C1, 1),(C2,1)}) && T(3,B,{(C1,1),(C2,1)})))",10,127.66031289100647,15603,25295,0.0,0.0,0.2037735849056604
True,False,0.5,False,14,../TransitionSystems/AAAI/TS_25_10_14.yaml,"../OutputFiles/AAAI/Solution_(True, False, 0.5, False)_[5, 5]_10_14",5,5,"F[0,10](T(3,A,{(C1,2)}) || T(3,B,{(C1,2),(C2,2)})) && F[20,40](T(3,C,{(C2,1)}) U[5,10] (T(3, A, {(C1, 1),(C2,1)}) && T(3,B,{(C1,1),(C2,1)})))",10,27.042323112487793,15345,25209,0.0,-0.0,0.14056603773584905
True,False,0.5,False,18,../TransitionSystems/AAAI/TS_25_10_18.yaml,"../OutputFiles/AAAI/Solution_(True, False, 0.5, False)_[5, 5]_10_18",5,5,"F[0,10](T(3,A,{(C1,2)}) || T(3,B,{(C1,2),(C2,2)})) && F[20,40](T(3,C,{(C2,1)}) U[5,10] (T(3, A, {(C1, 1),(C2,1)}) && T(3,B,{(C1,1),(C2,1)})))",10,33.1329710483551,15447,25243,0.0,0.0,0.20943396226415092
True,False,0.5,False,19,../TransitionSystems/AAAI/TS_25_10_19.yaml,"../OutputFiles/AAAI/Solution_(True, False, 0.5, False)_[5, 5]_10_19",5,5,"F[0,10](T(3,A,{(C1,2)}) || T(3,B,{(C1,2),(C2,2)})) && F[20,40](T(3,C,{(C2,1)}) U[5,10] (T(3, A, {(C1, 1),(C2,1)}) && T(3,B,{(C1,1),(C2,1)})))",10,31.19914484024048,15633,25305,0.0,-0.0,0.07924528301886793
True,False,0.5,False,20,../TransitionSystems/AAAI/TS_25_10_20.yaml,"../OutputFiles/AAAI/Solution_(True, False, 0.5, False)_[5, 5]_10_20",5,5,"F[0,10](T(3,A,{(C1,2)}) || T(3,B,{(C1,2),(C2,2)})) && F[20,40](T(3,C,{(C2,1)}) U[5,10] (T(3, A, {(C1, 1),(C2,1)}) && T(3,B,{(C1,1),(C2,1)})))",10,88.96732783317566,15447,25243,0.0,-0.0,0.14528301886792452
True,False,0.5,False,23,../TransitionSystems/AAAI/TS_25_10_23.yaml,"../OutputFiles/AAAI/Solution_(True, False, 0.5, False)_[5, 5]_10_23",5,5,"F[0,10](T(3,A,{(C1,2)}) || T(3,B,{(C1,2),(C2,2)})) && F[20,40](T(3,C,{(C2,1)}) U[5,10] (T(3, A, {(C1, 1),(C2,1)}) && T(3,B,{(C1,1),(C2,1)})))",10,19.63775897026062,15387,25223,0.0,-0.0,0.10754716981132076
True,False,0.5,False,24,../TransitionSystems/AAAI/TS_25_10_24.yaml,"../OutputFiles/AAAI/Solution_(True, False, 0.5, False)_[5, 5]_10_24",5,5,"F[0,10](T(3,A,{(C1,2)}) || T(3,B,{(C1,2),(C2,2)})) && F[20,40](T(3,C,{(C2,1)}) U[5,10] (T(3, A, {(C1, 1),(C2,1)}) && T(3,B,{(C1,1),(C2,1)})))",10,40.350592851638794,15015,25099,0.0,-0.0,0.12924528301886795
True,False,0.5,False,25,../TransitionSystems/AAAI/TS_25_10_25.yaml,"../OutputFiles/AAAI/Solution_(True, False, 0.5, False)_[5, 5]_10_25",5,5,"F[0,10](T(3,A,{(C1,2)}) || T(3,B,{(C1,2),(C2,2)})) && F[20,40](T(3,C,{(C2,1)}) U[5,10] (T(3, A, {(C1, 1),(C2,1)}) && T(3,B,{(C1,1),(C2,1)})))",10,62.6425199508667,15117,25133,0.0,-0.0,0.09339622641509433
True,False,0.5,False,26,../TransitionSystems/AAAI/TS_25_10_26.yaml,"../OutputFiles/AAAI/Solution_(True, False, 0.5, False)_[5, 5]_10_26",5,5,"F[0,10](T(3,A,{(C1,2)}) || T(3,B,{(C1,2),(C2,2)})) && F[20,40](T(3,C,{(C2,1)}) U[5,10] (T(3, A, {(C1, 1),(C2,1)}) && T(3,B,{(C1,1),(C2,1)})))",10,49.76717805862427,14913,25065,-1.0,1.0,0.19999999999999998
True,False,0.5,False,27,../TransitionSystems/AAAI/TS_25_10_27.yaml,"../OutputFiles/AAAI/Solution_(True, False, 0.5, False)_[5, 5]_10_27",5,5,"F[0,10](T(3,A,{(C1,2)}) || T(3,B,{(C1,2),(C2,2)})) && F[20,40](T(3,C,{(C2,1)}) U[5,10] (T(3, A, {(C1, 1),(C2,1)}) && T(3,B,{(C1,1),(C2,1)})))",10,29.407371997833252,15171,25151,0.0,-0.0,0.12547169811320752
True,False,0.5,False,29,../TransitionSystems/AAAI/TS_25_10_29.yaml,"../OutputFiles/AAAI/Solution_(True, False, 0.5, False)_[5, 5]_10_29",5,5,"F[0,10](T(3,A,{(C1,2)}) || T(3,B,{(C1,2),(C2,2)})) && F[20,40](T(3,C,{(C2,1)}) U[5,10] (T(3, A, {(C1, 1),(C2,1)}) && T(3,B,{(C1,1),(C2,1)})))",10,6.296765089035034,15645,25309,0.0,0.0,0.11037735849056604
True,False,0.5,False,30,../TransitionSystems/AAAI/TS_25_10_30.yaml,"../OutputFiles/AAAI/Solution_(True, False, 0.5, False)_[5, 5]_10_30",5,5,"F[0,10](T(3,A,{(C1,2)}) || T(3,B,{(C1,2),(C2,2)})) && F[20,40](T(3,C,{(C2,1)}) U[5,10] (T(3, A, {(C1, 1),(C2,1)}) && T(3,B,{(C1,1),(C2,1)})))",10,53.60264801979065,15273,25185,0.0,-0.0,0.0858490566037736
True,False,0.5,False,32,../TransitionSystems/AAAI/TS_25_10_32.yaml,"../OutputFiles/AAAI/Solution_(True, False, 0.5, False)_[5, 5]_10_32",5,5,"F[0,10](T(3,A,{(C1,2)}) || T(3,B,{(C1,2),(C2,2)})) && F[20,40](T(3,C,{(C2,1)}) U[5,10] (T(3, A, {(C1, 1),(C2,1)}) && T(3,B,{(C1,1),(C2,1)})))",10,10.78225302696228,15489,25257,0.0,-0.0,0.14245283018867924
True,False,0.5,False,33,../TransitionSystems/AAAI/TS_25_10_33.yaml,"../OutputFiles/AAAI/Solution_(True, False, 0.5, False)_[5, 5]_10_33",5,5,"F[0,10](T(3,A,{(C1,2)}) || T(3,B,{(C1,2),(C2,2)})) && F[20,40](T(3,C,{(C2,1)}) U[5,10] (T(3, A, {(C1, 1),(C2,1)}) && T(3,B,{(C1,1),(C2,1)})))",10,21.959167003631592,15387,25223,0.0,-0.0,0.12358490566037736
True,False,0.5,False,34,../TransitionSystems/AAAI/TS_25_10_34.yaml,"../OutputFiles/AAAI/Solution_(True, False, 0.5, False)_[5, 5]_10_34",5,5,"F[0,10](T(3,A,{(C1,2)}) || T(3,B,{(C1,2),(C2,2)})) && F[20,40](T(3,C,{(C2,1)}) U[5,10] (T(3, A, {(C1, 1),(C2,1)}) && T(3,B,{(C1,1),(C2,1)})))",10,34.61289596557617,15921,25401,0.0,0.0,0.09528301886792453
True,False,0.5,False,36,../TransitionSystems/AAAI/TS_25_10_36.yaml,"../OutputFiles/AAAI/Solution_(True, False, 0.5, False)_[5, 5]_10_36",5,5,"F[0,10](T(3,A,{(C1,2)}) || T(3,B,{(C1,2),(C2,2)})) && F[20,40](T(3,C,{(C2,1)}) U[5,10] (T(3, A, {(C1, 1),(C2,1)}) && T(3,B,{(C1,1),(C2,1)})))",10,66.97708988189697,15447,25243,0.0,-0.0,0.10943396226415095
True,False,0.5,False,37,../TransitionSystems/AAAI/TS_25_10_37.yaml,"../OutputFiles/AAAI/Solution_(True, False, 0.5, False)_[5, 5]_10_37",5,5,"F[0,10](T(3,A,{(C1,2)}) || T(3,B,{(C1,2),(C2,2)})) && F[20,40](T(3,C,{(C2,1)}) U[5,10] (T(3, A, {(C1, 1),(C2,1)}) && T(3,B,{(C1,1),(C2,1)})))",10,26.213091135025024,15273,25185,0.0,0.0,0.14150943396226415
True,False,0.5,False,38,../TransitionSystems/AAAI/TS_25_10_38.yaml,"../OutputFiles/AAAI/Solution_(True, False, 0.5, False)_[5, 5]_10_38",5,5,"F[0,10](T(3,A,{(C1,2)}) || T(3,B,{(C1,2),(C2,2)})) && F[20,40](T(3,C,{(C2,1)}) U[5,10] (T(3, A, {(C1, 1),(C2,1)}) && T(3,B,{(C1,1),(C2,1)})))",10,59.75808095932007,15171,25151,0.0,-0.0,0.17358490566037735
True,False,0.5,False,39,../TransitionSystems/AAAI/TS_25_10_39.yaml,"../OutputFiles/AAAI/Solution_(True, False, 0.5, False)_[5, 5]_10_39",5,5,"F[0,10](T(3,A,{(C1,2)}) || T(3,B,{(C1,2),(C2,2)})) && F[20,40](T(3,C,{(C2,1)}) U[5,10] (T(3, A, {(C1, 1),(C2,1)}) && T(3,B,{(C1,1),(C2,1)})))",10,55.850504875183105,15231,25171,0.0,-0.0,0.180188679245283
True,False,0.5,False,40,../TransitionSystems/AAAI/TS_25_10_40.yaml,"../OutputFiles/AAAI/Solution_(True, False, 0.5, False)_[5, 5]_10_40",5,5,"F[0,10](T(3,A,{(C1,2)}) || T(3,B,{(C1,2),(C2,2)})) && F[20,40](T(3,C,{(C2,1)}) U[5,10] (T(3, A, {(C1, 1),(C2,1)}) && T(3,B,{(C1,1),(C2,1)})))",10,26.9387629032135,15489,25257,0.0,-0.0,0.11132075471698114
True,False,0.5,False,42,../TransitionSystems/AAAI/TS_25_10_42.yaml,"../OutputFiles/AAAI/Solution_(True, False, 0.5, False)_[5, 5]_10_42",5,5,"F[0,10](T(3,A,{(C1,2)}) || T(3,B,{(C1,2),(C2,2)})) && F[20,40](T(3,C,{(C2,1)}) U[5,10] (T(3, A, {(C1, 1),(C2,1)}) && T(3,B,{(C1,1),(C2,1)})))",10,54.52436184883118,15387,25223,0.0,-0.0,0.10566037735849057
True,False,0.5,False,44,../TransitionSystems/AAAI/TS_25_10_44.yaml,"../OutputFiles/AAAI/Solution_(True, False, 0.5, False)_[5, 5]_10_44",5,5,"F[0,10](T(3,A,{(C1,2)}) || T(3,B,{(C1,2),(C2,2)})) && F[20,40](T(3,C,{(C2,1)}) U[5,10] (T(3, A, {(C1, 1),(C2,1)}) && T(3,B,{(C1,1),(C2,1)})))",10,55.45220708847046,15117,25133,0.0,-0.0,0.1037735849056604
True,False,0.5,False,45,../TransitionSystems/AAAI/TS_25_10_45.yaml,"../OutputFiles/AAAI/Solution_(True, False, 0.5, False)_[5, 5]_10_45",5,5,"F[0,10](T(3,A,{(C1,2)}) || T(3,B,{(C1,2),(C2,2)})) && F[20,40](T(3,C,{(C2,1)}) U[5,10] (T(3, A, {(C1, 1),(C2,1)}) && T(3,B,{(C1,1),(C2,1)})))",10,50.513553857803345,15489,25257,0.0,-0.0,0.1556603773584906
True,False,0.5,False,47,../TransitionSystems/AAAI/TS_25_10_47.yaml,"../OutputFiles/AAAI/Solution_(True, False, 0.5, False)_[5, 5]_10_47",5,5,"F[0,10](T(3,A,{(C1,2)}) || T(3,B,{(C1,2),(C2,2)})) && F[20,40](T(3,C,{(C2,1)}) U[5,10] (T(3, A, {(C1, 1),(C2,1)}) && T(3,B,{(C1,1),(C2,1)})))",10,52.04536294937134,15489,25257,0.0,0.0,0.1179245283018868
True,False,0.5,False,49,../TransitionSystems/AAAI/TS_25_10_49.yaml,"../OutputFiles/AAAI/Solution_(True, False, 0.5, False)_[5, 5]_10_49",5,5,"F[0,10](T(3,A,{(C1,2)}) || T(3,B,{(C1,2),(C2,2)})) && F[20,40](T(3,C,{(C2,1)}) U[5,10] (T(3, A, {(C1, 1),(C2,1)}) && T(3,B,{(C1,1),(C2,1)})))",10,54.36878490447998,15171,25151,0.0,-0.0,0.13584905660377358
True,False,0.5,False,50,../TransitionSystems/AAAI/TS_25_10_50.yaml,"../OutputFiles/AAAI/Solution_(True, False, 0.5, False)_[5, 5]_10_50",5,5,"F[0,10](T(3,A,{(C1,2)}) || T(3,B,{(C1,2),(C2,2)})) && F[20,40](T(3,C,{(C2,1)}) U[5,10] (T(3, A, {(C1, 1),(C2,1)}) && T(3,B,{(C1,1),(C2,1)})))",10,23.682185888290405,15015,25099,0.0,-0.0,0.05660377358490566
True,False,0.5,False,51,../TransitionSystems/AAAI/TS_25_10_51.yaml,"../OutputFiles/AAAI/Solution_(True, False, 0.5, False)_[5, 5]_10_51",5,5,"F[0,10](T(3,A,{(C1,2)}) || T(3,B,{(C1,2),(C2,2)})) && F[20,40](T(3,C,{(C2,1)}) U[5,10] (T(3, A, {(C1, 1),(C2,1)}) && T(3,B,{(C1,1),(C2,1)})))",10,5.962132930755615,15603,25295,0.0,-0.0,0.20849056603773586
True,False,0.5,False,52,../TransitionSystems/AAAI/TS_25_10_52.yaml,"../OutputFiles/AAAI/Solution_(True, False, 0.5, False)_[5, 5]_10_52",5,5,"F[0,10](T(3,A,{(C1,2)}) || T(3,B,{(C1,2),(C2,2)})) && F[20,40](T(3,C,{(C2,1)}) U[5,10] (T(3, A, {(C1, 1),(C2,1)}) && T(3,B,{(C1,1),(C2,1)})))",10,36.608689069747925,15645,25309,0.0,-0.0,0.11320754716981132
True,False,0.5,False,53,../TransitionSystems/AAAI/TS_25_10_53.yaml,"../OutputFiles/AAAI/Solution_(True, False, 0.5, False)_[5, 5]_10_53",5,5,"F[0,10](T(3,A,{(C1,2)}) || T(3,B,{(C1,2),(C2,2)})) && F[20,40](T(3,C,{(C2,1)}) U[5,10] (T(3, A, {(C1, 1),(C2,1)}) && T(3,B,{(C1,1),(C2,1)})))",10,14.2307608127594,15231,25171,0.0,-0.0,0.19150943396226416
True,False,0.5,False,54,../TransitionSystems/AAAI/TS_25_10_54.yaml,"../OutputFiles/AAAI/Solution_(True, False, 0.5, False)_[5, 5]_10_54",5,5,"F[0,10](T(3,A,{(C1,2)}) || T(3,B,{(C1,2),(C2,2)})) && F[20,40](T(3,C,{(C2,1)}) U[5,10] (T(3, A, {(C1, 1),(C2,1)}) && T(3,B,{(C1,1),(C2,1)})))",10,21.28647208213806,15345,25209,0.0,-0.0,0.18962264150943398
True,False,0.5,False,56,../TransitionSystems/AAAI/TS_25_10_56.yaml,"../OutputFiles/AAAI/Solution_(True, False, 0.5, False)_[5, 5]_10_56",5,5,"F[0,10](T(3,A,{(C1,2)}) || T(3,B,{(C1,2),(C2,2)})) && F[20,40](T(3,C,{(C2,1)}) U[5,10] (T(3, A, {(C1, 1),(C2,1)}) && T(3,B,{(C1,1),(C2,1)})))",10,49.17213201522827,15429,25237,0.0,-0.0,0.12641509433962272
True,False,0.5,False,57,../TransitionSystems/AAAI/TS_25_10_57.yaml,"../OutputFiles/AAAI/Solution_(True, False, 0.5, False)_[5, 5]_10_57",5,5,"F[0,10](T(3,A,{(C1,2)}) || T(3,B,{(C1,2),(C2,2)})) && F[20,40](T(3,C,{(C2,1)}) U[5,10] (T(3, A, {(C1, 1),(C2,1)}) && T(3,B,{(C1,1),(C2,1)})))",10,37.28326487541199,15531,25271,0.0,-0.0,0.12735849056603774
True,False,0.5,False,58,../TransitionSystems/AAAI/TS_25_10_58.yaml,"../OutputFiles/AAAI/Solution_(True, False, 0.5, False)_[5, 5]_10_58",5,5,"F[0,10](T(3,A,{(C1,2)}) || T(3,B,{(C1,2),(C2,2)})) && F[20,40](T(3,C,{(C2,1)}) U[5,10] (T(3, A, {(C1, 1),(C2,1)}) && T(3,B,{(C1,1),(C2,1)})))",10,10.495974063873291,15387,25223,0.0,-0.0,0.17735849056603772
True,False,0.5,False,59,../TransitionSystems/AAAI/TS_25_10_59.yaml,"../OutputFiles/AAAI/Solution_(True, False, 0.5, False)_[5, 5]_10_59",5,5,"F[0,10](T(3,A,{(C1,2)}) || T(3,B,{(C1,2),(C2,2)})) && F[20,40](T(3,C,{(C2,1)}) U[5,10] (T(3, A, {(C1, 1),(C2,1)}) && T(3,B,{(C1,1),(C2,1)})))",10,20.385718822479248,15477,25253,0.0,0.0,0.11698113207547171
True,False,0.5,False,60,../TransitionSystems/AAAI/TS_25_10_60.yaml,"../OutputFiles/AAAI/Solution_(True, False, 0.5, False)_[5, 5]_10_60",5,5,"F[0,10](T(3,A,{(C1,2)}) || T(3,B,{(C1,2),(C2,2)})) && F[20,40](T(3,C,{(C2,1)}) U[5,10] (T(3, A, {(C1, 1),(C2,1)}) && T(3,B,{(C1,1),(C2,1)})))",10,137.62417101860046,15333,25205,0.0,-0.0,0.1320754716981132
True,False,0.5,False,61,../TransitionSystems/AAAI/TS_25_10_61.yaml,"../OutputFiles/AAAI/Solution_(True, False, 0.5, False)_[5, 5]_10_61",5,5,"F[0,10](T(3,A,{(C1,2)}) || T(3,B,{(C1,2),(C2,2)})) && F[20,40](T(3,C,{(C2,1)}) U[5,10] (T(3, A, {(C1, 1),(C2,1)}) && T(3,B,{(C1,1),(C2,1)})))",10,35.91128492355347,15705,25329,0.0,-0.0,0.14056603773584905
True,False,0.5,False,62,../TransitionSystems/AAAI/TS_25_10_62.yaml,"../OutputFiles/AAAI/Solution_(True, False, 0.5, False)_[5, 5]_10_62",5,5,"F[0,10](T(3,A,{(C1,2)}) || T(3,B,{(C1,2),(C2,2)})) && F[20,40](T(3,C,{(C2,1)}) U[5,10] (T(3, A, {(C1, 1),(C2,1)}) && T(3,B,{(C1,1),(C2,1)})))",10,24.674306869506836,15561,25281,0.0,0.0,0.08867924528301888
True,False,0.5,False,63,../TransitionSystems/AAAI/TS_25_10_63.yaml,"../OutputFiles/AAAI/Solution_(True, False, 0.5, False)_[5, 5]_10_63",5,5,"F[0,10](T(3,A,{(C1,2)}) || T(3,B,{(C1,2),(C2,2)})) && F[20,40](T(3,C,{(C2,1)}) U[5,10] (T(3, A, {(C1, 1),(C2,1)}) && T(3,B,{(C1,1),(C2,1)})))",10,29.366708040237427,15603,25295,0.0,-0.0,0.16037735849056603
True,False,0.5,False,64,../TransitionSystems/AAAI/TS_25_10_64.yaml,"../OutputFiles/AAAI/Solution_(True, False, 0.5, False)_[5, 5]_10_64",5,5,"F[0,10](T(3,A,{(C1,2)}) || T(3,B,{(C1,2),(C2,2)})) && F[20,40](T(3,C,{(C2,1)}) U[5,10] (T(3, A, {(C1, 1),(C2,1)}) && T(3,B,{(C1,1),(C2,1)})))",10,26.20895481109619,15345,25209,0.0,-0.0,0.05377358490566038
True,False,0.5,False,65,../TransitionSystems/AAAI/TS_25_10_65.yaml,"../OutputFiles/AAAI/Solution_(True, False, 0.5, False)_[5, 5]_10_65",5,5,"F[0,10](T(3,A,{(C1,2)}) || T(3,B,{(C1,2),(C2,2)})) && F[20,40](T(3,C,{(C2,1)}) U[5,10] (T(3, A, {(C1, 1),(C2,1)}) && T(3,B,{(C1,1),(C2,1)})))",10,21.481229066848755,15333,25205,0.0,-0.0,0.11886792452830189
True,False,0.5,False,66,../TransitionSystems/AAAI/TS_25_10_66.yaml,"../OutputFiles/AAAI/Solution_(True, False, 0.5, False)_[5, 5]_10_66",5,5,"F[0,10](T(3,A,{(C1,2)}) || T(3,B,{(C1,2),(C2,2)})) && F[20,40](T(3,C,{(C2,1)}) U[5,10] (T(3, A, {(C1, 1),(C2,1)}) && T(3,B,{(C1,1),(C2,1)})))",10,32.057311058044434,15489,25257,0.0,-0.0,0.10849056603773585
True,False,0.5,False,69,../TransitionSystems/AAAI/TS_25_10_69.yaml,"../OutputFiles/AAAI/Solution_(True, False, 0.5, False)_[5, 5]_10_69",5,5,"F[0,10](T(3,A,{(C1,2)}) || T(3,B,{(C1,2),(C2,2)})) && F[20,40](T(3,C,{(C2,1)}) U[5,10] (T(3, A, {(C1, 1),(C2,1)}) && T(3,B,{(C1,1),(C2,1)})))",10,76.27679586410522,15531,25271,0.0,-0.0,0.10471698113207548
True,False,0.5,False,70,../TransitionSystems/AAAI/TS_25_10_70.yaml,"../OutputFiles/AAAI/Solution_(True, False, 0.5, False)_[5, 5]_10_70",5,5,"F[0,10](T(3,A,{(C1,2)}) || T(3,B,{(C1,2),(C2,2)})) && F[20,40](T(3,C,{(C2,1)}) U[5,10] (T(3, A, {(C1, 1),(C2,1)}) && T(3,B,{(C1,1),(C2,1)})))",10,83.20356106758118,15333,25205,0.0,-0.0,0.07075471698113209
True,False,0.5,False,71,../TransitionSystems/AAAI/TS_25_10_71.yaml,"../OutputFiles/AAAI/Solution_(True, False, 0.5, False)_[5, 5]_10_71",5,5,"F[0,10](T(3,A,{(C1,2)}) || T(3,B,{(C1,2),(C2,2)})) && F[20,40](T(3,C,{(C2,1)}) U[5,10] (T(3, A, {(C1, 1),(C2,1)}) && T(3,B,{(C1,1),(C2,1)})))",10,20.043643951416016,15117,25133,0.0,-0.0,0.1660377358490566
True,False,0.5,False,72,../TransitionSystems/AAAI/TS_25_10_72.yaml,"../OutputFiles/AAAI/Solution_(True, False, 0.5, False)_[5, 5]_10_72",5,5,"F[0,10](T(3,A,{(C1,2)}) || T(3,B,{(C1,2),(C2,2)})) && F[20,40](T(3,C,{(C2,1)}) U[5,10] (T(3, A, {(C1, 1),(C2,1)}) && T(3,B,{(C1,1),(C2,1)})))",10,37.611080169677734,15273,25185,0.0,-0.0,0.15943396226415094
True,False,0.5,False,73,../TransitionSystems/AAAI/TS_25_10_73.yaml,"../OutputFiles/AAAI/Solution_(True, False, 0.5, False)_[5, 5]_10_73",5,5,"F[0,10](T(3,A,{(C1,2)}) || T(3,B,{(C1,2),(C2,2)})) && F[20,40](T(3,C,{(C2,1)}) U[5,10] (T(3, A, {(C1, 1),(C2,1)}) && T(3,B,{(C1,1),(C2,1)})))",10,50.888139963150024,15015,25099,-1.0,1.0,0.10943396226415095
