Robust,Regularize,Alpha,Upper Bound,Trial Number,TS Filename,Solution Filename,Xdim,Ydim,Formula,Agents,Run Time (s),Linear Constraints,Variables,Objective Value,Robustness,Normalized Travel Time
False,False,0.5,False,2,../TransitionSystems/AAAI/TS_25_10_2.yaml,"../OutputFiles/AAAI/Solution_(False, False, 0.5, False)_[5, 5]_10_2",5,5,"F[0,10](T(3,A,{(C1,2)}) || T(3,B,{(C1,2),(C2,2)})) && F[20,40](T(3,C,{(C2,1)}) U[5,10] (T(3, A, {(C1, 1),(C2,1)}) && T(3,B,{(C1,1),(C2,1)})))",10,3.717399835586548,15489,25257,0.0,-0.0,0.08867924528301888
False,False,0.5,False,4,../TransitionSystems/AAAI/TS_25_10_4.yaml,"../OutputFiles/AAAI/Solution_(False, False, 0.5, False)_[5, 5]_10_4",5,5,"F[0,10](T(3,A,{(C1,2)}) || T(3,B,{(C1,2),(C2,2)})) && F[20,40](T(3,C,{(C2,1)}) U[5,10] (T(3, A, {(C1, 1),(C2,1)}) && T(3,B,{(C1,1),(C2,1)})))",10,3.592533826828003,15561,25281,0.0,-0.0,0.08962264150943394
False,False,0.5,False,5,../TransitionSystems/AAAI/TS_25_10_5.yaml,"../OutputFiles/AAAI/Solution_(False, False, 0.5, False)_[5, 5]_10_5",5,5,"F[0,10](T(3,A,{(C1,2)}) || T(3,B,{(C1,2),(C2,2)})) && F[20,40](T(3,C,{(C2,1)}) U[5,10] (T(3, A, {(C1, 1),(C2,1)}) && T(3,B,{(C1,1),(C2,1)})))",10,3.458405017852783,15171,25151,0.0,-0.0,0.04245283018867925
False,False,0.5,False,6,../TransitionSystems/AAAI/TS_25_10_6.yaml,"../OutputFiles/AAAI/Solution_(False, False, 0.5, False)_[5, 5]_10_6",5,5,"F[0,10](T(3,A,{(C1,2)}) || T(3,B,{(C1,2),(C2,2)})) && F[20,40](T(3,C,{(C2,1)}) U[5,10] (T(3, A, {(C1, 1),(C2,1)}) && T(3,B,{(C1,1),(C2,1)})))",10,2.9081549644470215,15489,25257,0.0,-0.0,0.07641509433962264
False,False,0.5,False,7,../TransitionSystems/AAAI/TS_25_10_7.yaml,"../OutputFiles/AAAI/Solution_(False, False, 0.5, False)_[5, 5]_10_7",5,5,"F[0,10](T(3,A,{(C1,2)}) || T(3,B,{(C1,2),(C2,2)})) && F[20,40](T(3,C,{(C2,1)}) U[5,10] (T(3, A, {(C1, 1),(C2,1)}) && T(3,B,{(C1,1),(C2,1)})))",10,4.701505899429321,15903,25395,0.0,-0.0,0.09528301886792453
False,False,0.5,False,8,../TransitionSystems/AAAI/TS_25_10_8.yaml,"../OutputFiles/AAAI/Solution_(False, False, 0.5, False)_[5, 5]_10_8",5,5,"F[0,10](T(3,A,{(C1,2)}) || T(3,B,{(C1,2),(C2,2)})) && F[20,40](T(3,C,{(C2,1)}) U[5,10] (T(3, A, {(C1, 1),(C2,1)}) && T(3,B,{(C1,1),(C2,1)})))",10,3.403555154800415,15387,25223,0.0,-0.0,0.08113207547169812
False,False,0.5,False,9,../TransitionSystems/AAAI/TS_25_10_9.yaml,"../OutputFiles/AAAI/Solution_(False, False, 0.5, False)_[5, 5]_10_9",5,5,"F[0,10](T(3,A,{(C1,2)}) || T(3,B,{(C1,2),(C2,2)})) && F[20,40](T(3,C,{(C2,1)}) U[5,10] (T(3, A, {(C1, 1),(C2,1)}) && T(3,B,{(C1,1),(C2,1)})))",10,4.978466987609863,15807,25363,0.0,-0.0,0.08962264150943397
False,False,0.5,False,12,../TransitionSystems/AAAI/TS_25_10_12.yaml,"../OutputFiles/AAAI/Solution_(False, False, 0.5, False)_[5, 5]_10_12",5,5,"F[0,10](T(3,A,{(C1,2)}) || T(3,B,{(C1,2),(C2,2)})) && F[20,40](T(3,C,{(C2,1)}) U[5,10] (T(3, A, {(C1, 1),(C2,1)}) && T(3,B,{(C1,1),(C2,1)})))",10,3.3693249225616455,15663,25315,0.0,-0.0,0.07547169811320754
False,False,0.5,False,13,../TransitionSystems/AAAI/TS_25_10_13.yaml,"../OutputFiles/AAAI/Solution_(False, False, 0.5, False)_[5, 5]_10_13",5,5,"F[0,10](T(3,A,{(C1,2)}) || T(3,B,{(C1,2),(C2,2)})) && F[20,40](T(3,C,{(C2,1)}) U[5,10] (T(3, A, {(C1, 1),(C2,1)}) && T(3,B,{(C1,1),(C2,1)})))",10,3.0662288665771484,15603,25295,0.0,-0.0,0.10566037735849057
False,False,0.5,False,14,../TransitionSystems/AAAI/TS_25_10_14.yaml,"../OutputFiles/AAAI/Solution_(False, False, 0.5, False)_[5, 5]_10_14",5,5,"F[0,10](T(3,A,{(C1,2)}) || T(3,B,{(C1,2),(C2,2)})) && F[20,40](T(3,C,{(C2,1)}) U[5,10] (T(3, A, {(C1, 1),(C2,1)}) && T(3,B,{(C1,1),(C2,1)})))",10,4.089249849319458,15345,25209,0.0,-0.0,0.041509433962264156
False,False,0.5,False,18,../TransitionSystems/AAAI/TS_25_10_18.yaml,"../OutputFiles/AAAI/Solution_(False, False, 0.5, False)_[5, 5]_10_18",5,5,"F[0,10](T(3,A,{(C1,2)}) || T(3,B,{(C1,2),(C2,2)})) && F[20,40](T(3,C,{(C2,1)}) U[5,10] (T(3, A, {(C1, 1),(C2,1)}) && T(3,B,{(C1,1),(C2,1)})))",10,3.6120450496673584,15447,25243,0.0,-0.0,0.09528301886792453
False,False,0.5,False,19,../TransitionSystems/AAAI/TS_25_10_19.yaml,"../OutputFiles/AAAI/Solution_(False, False, 0.5, False)_[5, 5]_10_19",5,5,"F[0,10](T(3,A,{(C1,2)}) || T(3,B,{(C1,2),(C2,2)})) && F[20,40](T(3,C,{(C2,1)}) U[5,10] (T(3, A, {(C1, 1),(C2,1)}) && T(3,B,{(C1,1),(C2,1)})))",10,4.647887945175171,15633,25305,0.0,-0.0,0.069811320754717
False,False,0.5,False,20,../TransitionSystems/AAAI/TS_25_10_20.yaml,"../OutputFiles/AAAI/Solution_(False, False, 0.5, False)_[5, 5]_10_20",5,5,"F[0,10](T(3,A,{(C1,2)}) || T(3,B,{(C1,2),(C2,2)})) && F[20,40](T(3,C,{(C2,1)}) U[5,10] (T(3, A, {(C1, 1),(C2,1)}) && T(3,B,{(C1,1),(C2,1)})))",10,2.825756072998047,15447,25243,0.0,-0.0,0.07075471698113209
False,False,0.5,False,23,../TransitionSystems/AAAI/TS_25_10_23.yaml,"../OutputFiles/AAAI/Solution_(False, False, 0.5, False)_[5, 5]_10_23",5,5,"F[0,10](T(3,A,{(C1,2)}) || T(3,B,{(C1,2),(C2,2)})) && F[20,40](T(3,C,{(C2,1)}) U[5,10] (T(3, A, {(C1, 1),(C2,1)}) && T(3,B,{(C1,1),(C2,1)})))",10,3.8872721195220947,15387,25223,0.0,-0.0,0.1169811320754717
False,False,0.5,False,24,../TransitionSystems/AAAI/TS_25_10_24.yaml,"../OutputFiles/AAAI/Solution_(False, False, 0.5, False)_[5, 5]_10_24",5,5,"F[0,10](T(3,A,{(C1,2)}) || T(3,B,{(C1,2),(C2,2)})) && F[20,40](T(3,C,{(C2,1)}) U[5,10] (T(3, A, {(C1, 1),(C2,1)}) && T(3,B,{(C1,1),(C2,1)})))",10,2.754956007003784,15015,25099,0.0,-0.0,0.031132075471698113
False,False,0.5,False,25,../TransitionSystems/AAAI/TS_25_10_25.yaml,"../OutputFiles/AAAI/Solution_(False, False, 0.5, False)_[5, 5]_10_25",5,5,"F[0,10](T(3,A,{(C1,2)}) || T(3,B,{(C1,2),(C2,2)})) && F[20,40](T(3,C,{(C2,1)}) U[5,10] (T(3, A, {(C1, 1),(C2,1)}) && T(3,B,{(C1,1),(C2,1)})))",10,2.801409959793091,15117,25133,0.0,-0.0,0.0339622641509434
False,False,0.5,False,26,../TransitionSystems/AAAI/TS_25_10_26.yaml,"../OutputFiles/AAAI/Solution_(False, False, 0.5, False)_[5, 5]_10_26",5,5,"F[0,10](T(3,A,{(C1,2)}) || T(3,B,{(C1,2),(C2,2)})) && F[20,40](T(3,C,{(C2,1)}) U[5,10] (T(3, A, {(C1, 1),(C2,1)}) && T(3,B,{(C1,1),(C2,1)})))",10,1.440999984741211,14913,25065,0.0,-0.0,0.03962264150943397
False,False,0.5,False,27,../TransitionSystems/AAAI/TS_25_10_27.yaml,"../OutputFiles/AAAI/Solution_(False, False, 0.5, False)_[5, 5]_10_27",5,5,"F[0,10](T(3,A,{(C1,2)}) || T(3,B,{(C1,2),(C2,2)})) && F[20,40](T(3,C,{(C2,1)}) U[5,10] (T(3, A, {(C1, 1),(C2,1)}) && T(3,B,{(C1,1),(C2,1)})))",10,3.314939022064209,15171,25151,0.0,-0.0,0.05849056603773585
False,False,0.5,False,29,../TransitionSystems/AAAI/TS_25_10_29.yaml,"../OutputFiles/AAAI/Solution_(False, False, 0.5, False)_[5, 5]_10_29",5,5,"F[0,10](T(3,A,{(C1,2)}) || T(3,B,{(C1,2),(C2,2)})) && F[20,40](T(3,C,{(C2,1)}) U[5,10] (T(3, A, {(C1, 1),(C2,1)}) && T(3,B,{(C1,1),(C2,1)})))",10,4.350482940673828,15645,25309,0.0,-0.0,0.09433962264150944
False,False,0.5,False,30,../TransitionSystems/AAAI/TS_25_10_30.yaml,"../OutputFiles/AAAI/Solution_(False, False, 0.5, False)_[5, 5]_10_30",5,5,"F[0,10](T(3,A,{(C1,2)}) || T(3,B,{(C1,2),(C2,2)})) && F[20,40](T(3,C,{(C2,1)}) U[5,10] (T(3, A, {(C1, 1),(C2,1)}) && T(3,B,{(C1,1),(C2,1)})))",10,2.745529890060425,15273,25185,0.0,-0.0,0.0679245283018868
False,False,0.5,False,32,../TransitionSystems/AAAI/TS_25_10_32.yaml,"../OutputFiles/AAAI/Solution_(False, False, 0.5, False)_[5, 5]_10_32",5,5,"F[0,10](T(3,A,{(C1,2)}) || T(3,B,{(C1,2),(C2,2)})) && F[20,40](T(3,C,{(C2,1)}) U[5,10] (T(3, A, {(C1, 1),(C2,1)}) && T(3,B,{(C1,1),(C2,1)})))",10,3.876810073852539,15489,25257,0.0,-0.0,0.0858490566037736
False,False,0.5,False,33,../TransitionSystems/AAAI/TS_25_10_33.yaml,"../OutputFiles/AAAI/Solution_(False, False, 0.5, False)_[5, 5]_10_33",5,5,"F[0,10](T(3,A,{(C1,2)}) || T(3,B,{(C1,2),(C2,2)})) && F[20,40](T(3,C,{(C2,1)}) U[5,10] (T(3, A, {(C1, 1),(C2,1)}) && T(3,B,{(C1,1),(C2,1)})))",10,3.9655699729919434,15387,25223,0.0,-0.0,0.0839622641509434
False,False,0.5,False,34,../TransitionSystems/AAAI/TS_25_10_34.yaml,"../OutputFiles/AAAI/Solution_(False, False, 0.5, False)_[5, 5]_10_34",5,5,"F[0,10](T(3,A,{(C1,2)}) || T(3,B,{(C1,2),(C2,2)})) && F[20,40](T(3,C,{(C2,1)}) U[5,10] (T(3, A, {(C1, 1),(C2,1)}) && T(3,B,{(C1,1),(C2,1)})))",10,3.0659191608428955,15921,25401,0.0,-0.0,0.1
False,False,0.5,False,36,../TransitionSystems/AAAI/TS_25_10_36.yaml,"../OutputFiles/AAAI/Solution_(False, False, 0.5, False)_[5, 5]_10_36",5,5,"F[0,10](T(3,A,{(C1,2)}) || T(3,B,{(C1,2),(C2,2)})) && F[20,40](T(3,C,{(C2,1)}) U[5,10] (T(3, A, {(C1, 1),(C2,1)}) && T(3,B,{(C1,1),(C2,1)})))",10,4.319152116775513,15447,25243,0.0,-0.0,0.05377358490566038
False,False,0.5,False,37,../TransitionSystems/AAAI/TS_25_10_37.yaml,"../OutputFiles/AAAI/Solution_(False, False, 0.5, False)_[5, 5]_10_37",5,5,"F[0,10](T(3,A,{(C1,2)}) || T(3,B,{(C1,2),(C2,2)})) && F[20,40](T(3,C,{(C2,1)}) U[5,10] (T(3, A, {(C1, 1),(C2,1)}) && T(3,B,{(C1,1),(C2,1)})))",10,3.640184164047241,15273,25185,0.0,-0.0,0.059433962264150944
False,False,0.5,False,38,../TransitionSystems/AAAI/TS_25_10_38.yaml,"../OutputFiles/AAAI/Solution_(False, False, 0.5, False)_[5, 5]_10_38",5,5,"F[0,10](T(3,A,{(C1,2)}) || T(3,B,{(C1,2),(C2,2)})) && F[20,40](T(3,C,{(C2,1)}) U[5,10] (T(3, A, {(C1, 1),(C2,1)}) && T(3,B,{(C1,1),(C2,1)})))",10,2.8401308059692383,15171,25151,0.0,-0.0,0.07169811320754718
False,False,0.5,False,39,../TransitionSystems/AAAI/TS_25_10_39.yaml,"../OutputFiles/AAAI/Solution_(False, False, 0.5, False)_[5, 5]_10_39",5,5,"F[0,10](T(3,A,{(C1,2)}) || T(3,B,{(C1,2),(C2,2)})) && F[20,40](T(3,C,{(C2,1)}) U[5,10] (T(3, A, {(C1, 1),(C2,1)}) && T(3,B,{(C1,1),(C2,1)})))",10,2.684951066970825,15231,25171,0.0,-0.0,0.05471698113207547
False,False,0.5,False,40,../TransitionSystems/AAAI/TS_25_10_40.yaml,"../OutputFiles/AAAI/Solution_(False, False, 0.5, False)_[5, 5]_10_40",5,5,"F[0,10](T(3,A,{(C1,2)}) || T(3,B,{(C1,2),(C2,2)})) && F[20,40](T(3,C,{(C2,1)}) U[5,10] (T(3, A, {(C1, 1),(C2,1)}) && T(3,B,{(C1,1),(C2,1)})))",10,2.4912571907043457,15489,25257,0.0,-0.0,0.09905660377358491
False,False,0.5,False,42,../TransitionSystems/AAAI/TS_25_10_42.yaml,"../OutputFiles/AAAI/Solution_(False, False, 0.5, False)_[5, 5]_10_42",5,5,"F[0,10](T(3,A,{(C1,2)}) || T(3,B,{(C1,2),(C2,2)})) && F[20,40](T(3,C,{(C2,1)}) U[5,10] (T(3, A, {(C1, 1),(C2,1)}) && T(3,B,{(C1,1),(C2,1)})))",10,2.6512930393218994,15387,25223,0.0,-0.0,0.06415094339622643
False,False,0.5,False,44,../TransitionSystems/AAAI/TS_25_10_44.yaml,"../OutputFiles/AAAI/Solution_(False, False, 0.5, False)_[5, 5]_10_44",5,5,"F[0,10](T(3,A,{(C1,2)}) || T(3,B,{(C1,2),(C2,2)})) && F[20,40](T(3,C,{(C2,1)}) U[5,10] (T(3, A, {(C1, 1),(C2,1)}) && T(3,B,{(C1,1),(C2,1)})))",10,3.528899908065796,15117,25133,0.0,-0.0,0.046226415094339626
False,False,0.5,False,45,../TransitionSystems/AAAI/TS_25_10_45.yaml,"../OutputFiles/AAAI/Solution_(False, False, 0.5, False)_[5, 5]_10_45",5,5,"F[0,10](T(3,A,{(C1,2)}) || T(3,B,{(C1,2),(C2,2)})) && F[20,40](T(3,C,{(C2,1)}) U[5,10] (T(3, A, {(C1, 1),(C2,1)}) && T(3,B,{(C1,1),(C2,1)})))",10,2.743604898452759,15489,25257,0.0,-0.0,0.08301886792452831
False,False,0.5,False,47,../TransitionSystems/AAAI/TS_25_10_47.yaml,"../OutputFiles/AAAI/Solution_(False, False, 0.5, False)_[5, 5]_10_47",5,5,"F[0,10](T(3,A,{(C1,2)}) || T(3,B,{(C1,2),(C2,2)})) && F[20,40](T(3,C,{(C2,1)}) U[5,10] (T(3, A, {(C1, 1),(C2,1)}) && T(3,B,{(C1,1),(C2,1)})))",10,4.934938192367554,15489,25257,0.0,-0.0,0.03773584905660378
False,False,0.5,False,49,../TransitionSystems/AAAI/TS_25_10_49.yaml,"../OutputFiles/AAAI/Solution_(False, False, 0.5, False)_[5, 5]_10_49",5,5,"F[0,10](T(3,A,{(C1,2)}) || T(3,B,{(C1,2),(C2,2)})) && F[20,40](T(3,C,{(C2,1)}) U[5,10] (T(3, A, {(C1, 1),(C2,1)}) && T(3,B,{(C1,1),(C2,1)})))",10,3.021631956100464,15171,25151,0.0,-0.0,0.07641509433962265
False,False,0.5,False,50,../TransitionSystems/AAAI/TS_25_10_50.yaml,"../OutputFiles/AAAI/Solution_(False, False, 0.5, False)_[5, 5]_10_50",5,5,"F[0,10](T(3,A,{(C1,2)}) || T(3,B,{(C1,2),(C2,2)})) && F[20,40](T(3,C,{(C2,1)}) U[5,10] (T(3, A, {(C1, 1),(C2,1)}) && T(3,B,{(C1,1),(C2,1)})))",10,2.45247483253479,15015,25099,0.0,-0.0,0.025471698113207552
False,False,0.5,False,51,../TransitionSystems/AAAI/TS_25_10_51.yaml,"../OutputFiles/AAAI/Solution_(False, False, 0.5, False)_[5, 5]_10_51",5,5,"F[0,10](T(3,A,{(C1,2)}) || T(3,B,{(C1,2),(C2,2)})) && F[20,40](T(3,C,{(C2,1)}) U[5,10] (T(3, A, {(C1, 1),(C2,1)}) && T(3,B,{(C1,1),(C2,1)})))",10,4.19888710975647,15603,25295,0.0,-0.0,0.09811320754716982
False,False,0.5,False,52,../TransitionSystems/AAAI/TS_25_10_52.yaml,"../OutputFiles/AAAI/Solution_(False, False, 0.5, False)_[5, 5]_10_52",5,5,"F[0,10](T(3,A,{(C1,2)}) || T(3,B,{(C1,2),(C2,2)})) && F[20,40](T(3,C,{(C2,1)}) U[5,10] (T(3, A, {(C1, 1),(C2,1)}) && T(3,B,{(C1,1),(C2,1)})))",10,3.356595993041992,15645,25309,0.0,-0.0,0.11132075471698114
False,False,0.5,False,53,../TransitionSystems/AAAI/TS_25_10_53.yaml,"../OutputFiles/AAAI/Solution_(False, False, 0.5, False)_[5, 5]_10_53",5,5,"F[0,10](T(3,A,{(C1,2)}) || T(3,B,{(C1,2),(C2,2)})) && F[20,40](T(3,C,{(C2,1)}) U[5,10] (T(3, A, {(C1, 1),(C2,1)}) && T(3,B,{(C1,1),(C2,1)})))",10,4.393836975097656,15231,25171,0.0,-0.0,0.06509433962264151
False,False,0.5,False,54,../TransitionSystems/AAAI/TS_25_10_54.yaml,"../OutputFiles/AAAI/Solution_(False, False, 0.5, False)_[5, 5]_10_54",5,5,"F[0,10](T(3,A,{(C1,2)}) || T(3,B,{(C1,2),(C2,2)})) && F[20,40](T(3,C,{(C2,1)}) U[5,10] (T(3, A, {(C1, 1),(C2,1)}) && T(3,B,{(C1,1),(C2,1)})))",10,2.8516759872436523,15345,25209,0.0,-0.0,0.07169811320754717
False,False,0.5,False,56,../TransitionSystems/AAAI/TS_25_10_56.yaml,"../OutputFiles/AAAI/Solution_(False, False, 0.5, False)_[5, 5]_10_56",5,5,"F[0,10](T(3,A,{(C1,2)}) || T(3,B,{(C1,2),(C2,2)})) && F[20,40](T(3,C,{(C2,1)}) U[5,10] (T(3, A, {(C1, 1),(C2,1)}) && T(3,B,{(C1,1),(C2,1)})))",10,3.2773020267486572,15429,25237,0.0,-0.0,0.06603773584905662
False,False,0.5,False,57,../TransitionSystems/AAAI/TS_25_10_57.yaml,"../OutputFiles/AAAI/Solution_(False, False, 0.5, False)_[5, 5]_10_57",5,5,"F[0,10](T(3,A,{(C1,2)}) || T(3,B,{(C1,2),(C2,2)})) && F[20,40](T(3,C,{(C2,1)}) U[5,10] (T(3, A, {(C1, 1),(C2,1)}) && T(3,B,{(C1,1),(C2,1)})))",10,2.9466238021850586,15531,25271,0.0,-0.0,0.06886792452830189
False,False,0.5,False,58,../TransitionSystems/AAAI/TS_25_10_58.yaml,"../OutputFiles/AAAI/Solution_(False, False, 0.5, False)_[5, 5]_10_58",5,5,"F[0,10](T(3,A,{(C1,2)}) || T(3,B,{(C1,2),(C2,2)})) && F[20,40](T(3,C,{(C2,1)}) U[5,10] (T(3, A, {(C1, 1),(C2,1)}) && T(3,B,{(C1,1),(C2,1)})))",10,3.0253820419311523,15387,25223,0.0,-0.0,0.0660377358490566
False,False,0.5,False,59,../TransitionSystems/AAAI/TS_25_10_59.yaml,"../OutputFiles/AAAI/Solution_(False, False, 0.5, False)_[5, 5]_10_59",5,5,"F[0,10](T(3,A,{(C1,2)}) || T(3,B,{(C1,2),(C2,2)})) && F[20,40](T(3,C,{(C2,1)}) U[5,10] (T(3, A, {(C1, 1),(C2,1)}) && T(3,B,{(C1,1),(C2,1)})))",10,3.6701250076293945,15477,25253,0.0,-0.0,0.06320754716981132
False,False,0.5,False,60,../TransitionSystems/AAAI/TS_25_10_60.yaml,"../OutputFiles/AAAI/Solution_(False, False, 0.5, False)_[5, 5]_10_60",5,5,"F[0,10](T(3,A,{(C1,2)}) || T(3,B,{(C1,2),(C2,2)})) && F[20,40](T(3,C,{(C2,1)}) U[5,10] (T(3, A, {(C1, 1),(C2,1)}) && T(3,B,{(C1,1),(C2,1)})))",10,2.6612789630889893,15333,25205,0.0,-0.0,0.07452830188679245
False,False,0.5,False,61,../TransitionSystems/AAAI/TS_25_10_61.yaml,"../OutputFiles/AAAI/Solution_(False, False, 0.5, False)_[5, 5]_10_61",5,5,"F[0,10](T(3,A,{(C1,2)}) || T(3,B,{(C1,2),(C2,2)})) && F[20,40](T(3,C,{(C2,1)}) U[5,10] (T(3, A, {(C1, 1),(C2,1)}) && T(3,B,{(C1,1),(C2,1)})))",10,4.825937986373901,15705,25329,0.0,-0.0,0.06698113207547168
False,False,0.5,False,62,../TransitionSystems/AAAI/TS_25_10_62.yaml,"../OutputFiles/AAAI/Solution_(False, False, 0.5, False)_[5, 5]_10_62",5,5,"F[0,10](T(3,A,{(C1,2)}) || T(3,B,{(C1,2),(C2,2)})) && F[20,40](T(3,C,{(C2,1)}) U[5,10] (T(3, A, {(C1, 1),(C2,1)}) && T(3,B,{(C1,1),(C2,1)})))",10,3.232758045196533,15561,25281,0.0,-0.0,0.07264150943396226
False,False,0.5,False,63,../TransitionSystems/AAAI/TS_25_10_63.yaml,"../OutputFiles/AAAI/Solution_(False, False, 0.5, False)_[5, 5]_10_63",5,5,"F[0,10](T(3,A,{(C1,2)}) || T(3,B,{(C1,2),(C2,2)})) && F[20,40](T(3,C,{(C2,1)}) U[5,10] (T(3, A, {(C1, 1),(C2,1)}) && T(3,B,{(C1,1),(C2,1)})))",10,4.324241876602173,15603,25295,0.0,-0.0,0.09622641509433963
False,False,0.5,False,64,../TransitionSystems/AAAI/TS_25_10_64.yaml,"../OutputFiles/AAAI/Solution_(False, False, 0.5, False)_[5, 5]_10_64",5,5,"F[0,10](T(3,A,{(C1,2)}) || T(3,B,{(C1,2),(C2,2)})) && F[20,40](T(3,C,{(C2,1)}) U[5,10] (T(3, A, {(C1, 1),(C2,1)}) && T(3,B,{(C1,1),(C2,1)})))",10,2.7688238620758057,15345,25209,0.0,-0.0,0.07735849056603773
False,False,0.5,False,65,../TransitionSystems/AAAI/TS_25_10_65.yaml,"../OutputFiles/AAAI/Solution_(False, False, 0.5, False)_[5, 5]_10_65",5,5,"F[0,10](T(3,A,{(C1,2)}) || T(3,B,{(C1,2),(C2,2)})) && F[20,40](T(3,C,{(C2,1)}) U[5,10] (T(3, A, {(C1, 1),(C2,1)}) && T(3,B,{(C1,1),(C2,1)})))",10,3.139881134033203,15333,25205,0.0,-0.0,0.06886792452830189
False,False,0.5,False,66,../TransitionSystems/AAAI/TS_25_10_66.yaml,"../OutputFiles/AAAI/Solution_(False, False, 0.5, False)_[5, 5]_10_66",5,5,"F[0,10](T(3,A,{(C1,2)}) || T(3,B,{(C1,2),(C2,2)})) && F[20,40](T(3,C,{(C2,1)}) U[5,10] (T(3, A, {(C1, 1),(C2,1)}) && T(3,B,{(C1,1),(C2,1)})))",10,5.000118017196655,15489,25257,0.0,-0.0,0.07075471698113207
False,False,0.5,False,69,../TransitionSystems/AAAI/TS_25_10_69.yaml,"../OutputFiles/AAAI/Solution_(False, False, 0.5, False)_[5, 5]_10_69",5,5,"F[0,10](T(3,A,{(C1,2)}) || T(3,B,{(C1,2),(C2,2)})) && F[20,40](T(3,C,{(C2,1)}) U[5,10] (T(3, A, {(C1, 1),(C2,1)}) && T(3,B,{(C1,1),(C2,1)})))",10,7.1968910694122314,15531,25271,0.0,-0.0,0.069811320754717
False,False,0.5,False,70,../TransitionSystems/AAAI/TS_25_10_70.yaml,"../OutputFiles/AAAI/Solution_(False, False, 0.5, False)_[5, 5]_10_70",5,5,"F[0,10](T(3,A,{(C1,2)}) || T(3,B,{(C1,2),(C2,2)})) && F[20,40](T(3,C,{(C2,1)}) U[5,10] (T(3, A, {(C1, 1),(C2,1)}) && T(3,B,{(C1,1),(C2,1)})))",10,3.012446165084839,15333,25205,0.0,-0.0,0.0688679245283019
False,False,0.5,False,71,../TransitionSystems/AAAI/TS_25_10_71.yaml,"../OutputFiles/AAAI/Solution_(False, False, 0.5, False)_[5, 5]_10_71",5,5,"F[0,10](T(3,A,{(C1,2)}) || T(3,B,{(C1,2),(C2,2)})) && F[20,40](T(3,C,{(C2,1)}) U[5,10] (T(3, A, {(C1, 1),(C2,1)}) && T(3,B,{(C1,1),(C2,1)})))",10,2.7011160850524902,15117,25133,0.0,-0.0,0.04433962264150943
False,False,0.5,False,72,../TransitionSystems/AAAI/TS_25_10_72.yaml,"../OutputFiles/AAAI/Solution_(False, False, 0.5, False)_[5, 5]_10_72",5,5,"F[0,10](T(3,A,{(C1,2)}) || T(3,B,{(C1,2),(C2,2)})) && F[20,40](T(3,C,{(C2,1)}) U[5,10] (T(3, A, {(C1, 1),(C2,1)}) && T(3,B,{(C1,1),(C2,1)})))",10,4.614171981811523,15273,25185,0.0,-0.0,0.043396226415094344
False,False,0.5,False,73,../TransitionSystems/AAAI/TS_25_10_73.yaml,"../OutputFiles/AAAI/Solution_(False, False, 0.5, False)_[5, 5]_10_73",5,5,"F[0,10](T(3,A,{(C1,2)}) || T(3,B,{(C1,2),(C2,2)})) && F[20,40](T(3,C,{(C2,1)}) U[5,10] (T(3, A, {(C1, 1),(C2,1)}) && T(3,B,{(C1,1),(C2,1)})))",10,3.3857860565185547,15015,25099,0.0,-0.0,0.03018867924528302
