Robust,Regularize,Alpha,Upper Bound,Trial Number,TS Filename,Solution Filename,Xdim,Ydim,Formula,Agents,Run Time (s),Linear Constraints,Variables,Objective Value,Robustness,Normalized Travel Time
False,False,0.5,False,0,../TransitionSystems/AAAI/TS_25_10_0.yaml,"../OutputFiles/AAAI/Solution_(False, False, 0.5, False)_[5, 5]_10_0",5,5,"F[0,10](T(3,A,{(C1,2)}) || T(3,B,{(C1,2),(C2,2)})) && F[20,40](T(3,C,{(C2,1)}) U[5,10] (T(3, A, {(C1, 1),(C2,1)}) && T(3,B,{(C1,1),(C2,1)})))",10,1.9547359943389893,14913,25065,0.0,-0.0,0.057547169811320756
True,False,0.5,False,0,../TransitionSystems/AAAI/TS_25_10_0.yaml,"../OutputFiles/AAAI/Solution_(True, False, 0.5, False)_[5, 5]_10_0",5,5,"F[0,10](T(3,A,{(C1,2)}) || T(3,B,{(C1,2),(C2,2)})) && F[20,40](T(3,C,{(C2,1)}) U[5,10] (T(3, A, {(C1, 1),(C2,1)}) && T(3,B,{(C1,1),(C2,1)})))",10,50.579856157302856,14913,25065,0.0,-0.0,0.14339622641509434
False,False,0.5,False,1,../TransitionSystems/AAAI/TS_25_10_1.yaml,"../OutputFiles/AAAI/Solution_(False, False, 0.5, False)_[5, 5]_10_1",5,5,"F[0,10](T(3,A,{(C1,2)}) || T(3,B,{(C1,2),(C2,2)})) && F[20,40](T(3,C,{(C2,1)}) U[5,10] (T(3, A, {(C1, 1),(C2,1)}) && T(3,B,{(C1,1),(C2,1)})))",10,1.4369020462036133,12108,17940,0.0,-0.0,0.03962264150943397
True,False,0.5,False,1,../TransitionSystems/AAAI/TS_25_10_1.yaml,"../OutputFiles/AAAI/Solution_(True, False, 0.5, False)_[5, 5]_10_1",5,5,"F[0,10](T(3,A,{(C1,2)}) || T(3,B,{(C1,2),(C2,2)})) && F[20,40](T(3,C,{(C2,1)}) U[5,10] (T(3, A, {(C1, 1),(C2,1)}) && T(3,B,{(C1,1),(C2,1)})))",10,15.51511001586914,12108,17940,0.0,-0.0,0.13773584905660377
False,False,0.5,False,2,../TransitionSystems/AAAI/TS_25_10_2.yaml,"../OutputFiles/AAAI/Solution_(False, False, 0.5, False)_[5, 5]_10_2",5,5,"F[0,10](T(3,A,{(C1,2)}) || T(3,B,{(C1,2),(C2,2)})) && F[20,40](T(3,C,{(C2,1)}) U[5,10] (T(3, A, {(C1, 1),(C2,1)}) && T(3,B,{(C1,1),(C2,1)})))",10,2.3963658809661865,14913,25065,0.0,-0.0,0.021698113207547172
True,False,0.5,False,2,../TransitionSystems/AAAI/TS_25_10_2.yaml,"../OutputFiles/AAAI/Solution_(True, False, 0.5, False)_[5, 5]_10_2",5,5,"F[0,10](T(3,A,{(C1,2)}) || T(3,B,{(C1,2),(C2,2)})) && F[20,40](T(3,C,{(C2,1)}) U[5,10] (T(3, A, {(C1, 1),(C2,1)}) && T(3,B,{(C1,1),(C2,1)})))",10,51.28076195716858,14913,25065,-1.0,1.0,0.12358490566037736
False,False,0.5,False,3,../TransitionSystems/AAAI/TS_25_10_3.yaml,"../OutputFiles/AAAI/Solution_(False, False, 0.5, False)_[5, 5]_10_3",5,5,"F[0,10](T(3,A,{(C1,2)}) || T(3,B,{(C1,2),(C2,2)})) && F[20,40](T(3,C,{(C2,1)}) U[5,10] (T(3, A, {(C1, 1),(C2,1)}) && T(3,B,{(C1,1),(C2,1)})))",10,2.8451738357543945,14913,25065,0.0,-0.0,0.0669811320754717
True,False,0.5,False,3,../TransitionSystems/AAAI/TS_25_10_3.yaml,"../OutputFiles/AAAI/Solution_(True, False, 0.5, False)_[5, 5]_10_3",5,5,"F[0,10](T(3,A,{(C1,2)}) || T(3,B,{(C1,2),(C2,2)})) && F[20,40](T(3,C,{(C2,1)}) U[5,10] (T(3, A, {(C1, 1),(C2,1)}) && T(3,B,{(C1,1),(C2,1)})))",10,51.04445195198059,14913,25065,-1.0,1.0,0.17169811320754716
False,False,0.5,False,4,../TransitionSystems/AAAI/TS_25_10_4.yaml,"../OutputFiles/AAAI/Solution_(False, False, 0.5, False)_[5, 5]_10_4",5,5,"F[0,10](T(3,A,{(C1,2)}) || T(3,B,{(C1,2),(C2,2)})) && F[20,40](T(3,C,{(C2,1)}) U[5,10] (T(3, A, {(C1, 1),(C2,1)}) && T(3,B,{(C1,1),(C2,1)})))",10,2.4260470867156982,14913,25065,0.0,-0.0,0.041509433962264156
True,False,0.5,False,4,../TransitionSystems/AAAI/TS_25_10_4.yaml,"../OutputFiles/AAAI/Solution_(True, False, 0.5, False)_[5, 5]_10_4",5,5,"F[0,10](T(3,A,{(C1,2)}) || T(3,B,{(C1,2),(C2,2)})) && F[20,40](T(3,C,{(C2,1)}) U[5,10] (T(3, A, {(C1, 1),(C2,1)}) && T(3,B,{(C1,1),(C2,1)})))",10,45.67605900764465,14913,25065,-1.0,1.0,0.10754716981132076
False,False,0.5,False,5,../TransitionSystems/AAAI/TS_25_10_5.yaml,"../OutputFiles/AAAI/Solution_(False, False, 0.5, False)_[5, 5]_10_5",5,5,"F[0,10](T(3,A,{(C1,2)}) || T(3,B,{(C1,2),(C2,2)})) && F[20,40](T(3,C,{(C2,1)}) U[5,10] (T(3, A, {(C1, 1),(C2,1)}) && T(3,B,{(C1,1),(C2,1)})))",10,3.8828179836273193,14913,25065,0.0,-0.0,0.03584905660377359
True,False,0.5,False,5,../TransitionSystems/AAAI/TS_25_10_5.yaml,"../OutputFiles/AAAI/Solution_(True, False, 0.5, False)_[5, 5]_10_5",5,5,"F[0,10](T(3,A,{(C1,2)}) || T(3,B,{(C1,2),(C2,2)})) && F[20,40](T(3,C,{(C2,1)}) U[5,10] (T(3, A, {(C1, 1),(C2,1)}) && T(3,B,{(C1,1),(C2,1)})))",10,30.6859130859375,14913,25065,-1.0,1.0,0.09811320754716982
False,False,0.5,False,6,../TransitionSystems/AAAI/TS_25_10_6.yaml,"../OutputFiles/AAAI/Solution_(False, False, 0.5, False)_[5, 5]_10_6",5,5,"F[0,10](T(3,A,{(C1,2)}) || T(3,B,{(C1,2),(C2,2)})) && F[20,40](T(3,C,{(C2,1)}) U[5,10] (T(3, A, {(C1, 1),(C2,1)}) && T(3,B,{(C1,1),(C2,1)})))",10,1.7517499923706055,14913,25065,0.0,-0.0,0.03018867924528302
True,False,0.5,False,6,../TransitionSystems/AAAI/TS_25_10_6.yaml,"../OutputFiles/AAAI/Solution_(True, False, 0.5, False)_[5, 5]_10_6",5,5,"F[0,10](T(3,A,{(C1,2)}) || T(3,B,{(C1,2),(C2,2)})) && F[20,40](T(3,C,{(C2,1)}) U[5,10] (T(3, A, {(C1, 1),(C2,1)}) && T(3,B,{(C1,1),(C2,1)})))",10,35.842727184295654,14913,25065,-1.0,1.0,0.1283018867924528
False,False,0.5,False,7,../TransitionSystems/AAAI/TS_25_10_7.yaml,"../OutputFiles/AAAI/Solution_(False, False, 0.5, False)_[5, 5]_10_7",5,5,"F[0,10](T(3,A,{(C1,2)}) || T(3,B,{(C1,2),(C2,2)})) && F[20,40](T(3,C,{(C2,1)}) U[5,10] (T(3, A, {(C1, 1),(C2,1)}) && T(3,B,{(C1,1),(C2,1)})))",10,2.5482451915740967,14913,25065,0.0,-0.0,0.04245283018867925
True,False,0.5,False,7,../TransitionSystems/AAAI/TS_25_10_7.yaml,"../OutputFiles/AAAI/Solution_(True, False, 0.5, False)_[5, 5]_10_7",5,5,"F[0,10](T(3,A,{(C1,2)}) || T(3,B,{(C1,2),(C2,2)})) && F[20,40](T(3,C,{(C2,1)}) U[5,10] (T(3, A, {(C1, 1),(C2,1)}) && T(3,B,{(C1,1),(C2,1)})))",10,38.87873315811157,14913,25065,-1.0,1.0,0.14622641509433962
False,False,0.5,False,8,../TransitionSystems/AAAI/TS_25_10_8.yaml,"../OutputFiles/AAAI/Solution_(False, False, 0.5, False)_[5, 5]_10_8",5,5,"F[0,10](T(3,A,{(C1,2)}) || T(3,B,{(C1,2),(C2,2)})) && F[20,40](T(3,C,{(C2,1)}) U[5,10] (T(3, A, {(C1, 1),(C2,1)}) && T(3,B,{(C1,1),(C2,1)})))",10,3.0713729858398438,14913,25065,0.0,-0.0,0.019811320754716984
True,False,0.5,False,8,../TransitionSystems/AAAI/TS_25_10_8.yaml,"../OutputFiles/AAAI/Solution_(True, False, 0.5, False)_[5, 5]_10_8",5,5,"F[0,10](T(3,A,{(C1,2)}) || T(3,B,{(C1,2),(C2,2)})) && F[20,40](T(3,C,{(C2,1)}) U[5,10] (T(3, A, {(C1, 1),(C2,1)}) && T(3,B,{(C1,1),(C2,1)})))",10,22.68973708152771,14913,25065,-1.0,1.0,0.2169811320754717
False,False,0.5,False,9,../TransitionSystems/AAAI/TS_25_10_9.yaml,"../OutputFiles/AAAI/Solution_(False, False, 0.5, False)_[5, 5]_10_9",5,5,"F[0,10](T(3,A,{(C1,2)}) || T(3,B,{(C1,2),(C2,2)})) && F[20,40](T(3,C,{(C2,1)}) U[5,10] (T(3, A, {(C1, 1),(C2,1)}) && T(3,B,{(C1,1),(C2,1)})))",10,1.958503007888794,14913,25065,0.0,-0.0,0.041509433962264156
True,False,0.5,False,9,../TransitionSystems/AAAI/TS_25_10_9.yaml,"../OutputFiles/AAAI/Solution_(True, False, 0.5, False)_[5, 5]_10_9",5,5,"F[0,10](T(3,A,{(C1,2)}) || T(3,B,{(C1,2),(C2,2)})) && F[20,40](T(3,C,{(C2,1)}) U[5,10] (T(3, A, {(C1, 1),(C2,1)}) && T(3,B,{(C1,1),(C2,1)})))",10,44.94419503211975,14913,25065,-1.0,1.0,0.12735849056603774
False,False,0.5,False,1,../TransitionSystems/AAAI/TS_25_20_1.yaml,"../OutputFiles/AAAI/Solution_(False, False, 0.5, False)_[5, 5]_20_1",5,5,"F[0,10](T(3,A,{(C1,2)}) || T(3,B,{(C1,2),(C2,2)})) && F[20,40](T(3,C,{(C2,1)}) U[5,10] (T(3, A, {(C1, 1),(C2,1)}) && T(3,B,{(C1,1),(C2,1)})))",20,1.9375250339508057,14913,25065,0.0,-0.0,0.04528301886792453
True,False,0.5,False,1,../TransitionSystems/AAAI/TS_25_20_1.yaml,"../OutputFiles/AAAI/Solution_(True, False, 0.5, False)_[5, 5]_20_1",5,5,"F[0,10](T(3,A,{(C1,2)}) || T(3,B,{(C1,2),(C2,2)})) && F[20,40](T(3,C,{(C2,1)}) U[5,10] (T(3, A, {(C1, 1),(C2,1)}) && T(3,B,{(C1,1),(C2,1)})))",20,62.269343852996826,14913,25065,-2.0,2.0,0.09764150943396227
False,False,0.5,False,2,../TransitionSystems/AAAI/TS_25_20_2.yaml,"../OutputFiles/AAAI/Solution_(False, False, 0.5, False)_[5, 5]_20_2",5,5,"F[0,10](T(3,A,{(C1,2)}) || T(3,B,{(C1,2),(C2,2)})) && F[20,40](T(3,C,{(C2,1)}) U[5,10] (T(3, A, {(C1, 1),(C2,1)}) && T(3,B,{(C1,1),(C2,1)})))",20,2.1927261352539062,14913,25065,0.0,-0.0,0.0259433962264151
True,False,0.5,False,2,../TransitionSystems/AAAI/TS_25_20_2.yaml,"../OutputFiles/AAAI/Solution_(True, False, 0.5, False)_[5, 5]_20_2",5,5,"F[0,10](T(3,A,{(C1,2)}) || T(3,B,{(C1,2),(C2,2)})) && F[20,40](T(3,C,{(C2,1)}) U[5,10] (T(3, A, {(C1, 1),(C2,1)}) && T(3,B,{(C1,1),(C2,1)})))",20,33.694883823394775,14913,25065,-3.0,3.0,0.12830188679245283
False,False,0.5,False,3,../TransitionSystems/AAAI/TS_25_20_3.yaml,"../OutputFiles/AAAI/Solution_(False, False, 0.5, False)_[5, 5]_20_3",5,5,"F[0,10](T(3,A,{(C1,2)}) || T(3,B,{(C1,2),(C2,2)})) && F[20,40](T(3,C,{(C2,1)}) U[5,10] (T(3, A, {(C1, 1),(C2,1)}) && T(3,B,{(C1,1),(C2,1)})))",20,3.621426820755005,14913,25065,0.0,-0.0,0.03490566037735849
True,False,0.5,False,3,../TransitionSystems/AAAI/TS_25_20_3.yaml,"../OutputFiles/AAAI/Solution_(True, False, 0.5, False)_[5, 5]_20_3",5,5,"F[0,10](T(3,A,{(C1,2)}) || T(3,B,{(C1,2),(C2,2)})) && F[20,40](T(3,C,{(C2,1)}) U[5,10] (T(3, A, {(C1, 1),(C2,1)}) && T(3,B,{(C1,1),(C2,1)})))",20,62.037508964538574,14913,25065,-3.0,3.0,0.09528301886792452
False,False,0.5,False,4,../TransitionSystems/AAAI/TS_25_20_4.yaml,"../OutputFiles/AAAI/Solution_(False, False, 0.5, False)_[5, 5]_20_4",5,5,"F[0,10](T(3,A,{(C1,2)}) || T(3,B,{(C1,2),(C2,2)})) && F[20,40](T(3,C,{(C2,1)}) U[5,10] (T(3, A, {(C1, 1),(C2,1)}) && T(3,B,{(C1,1),(C2,1)})))",20,2.994818925857544,14913,25065,0.0,-0.0,0.03066037735849057
True,False,0.5,False,4,../TransitionSystems/AAAI/TS_25_20_4.yaml,"../OutputFiles/AAAI/Solution_(True, False, 0.5, False)_[5, 5]_20_4",5,5,"F[0,10](T(3,A,{(C1,2)}) || T(3,B,{(C1,2),(C2,2)})) && F[20,40](T(3,C,{(C2,1)}) U[5,10] (T(3, A, {(C1, 1),(C2,1)}) && T(3,B,{(C1,1),(C2,1)})))",20,51.38937211036682,14913,25065,-3.0,3.0,0.12783018867924528
False,False,0.5,False,5,../TransitionSystems/AAAI/TS_25_20_5.yaml,"../OutputFiles/AAAI/Solution_(False, False, 0.5, False)_[5, 5]_20_5",5,5,"F[0,10](T(3,A,{(C1,2)}) || T(3,B,{(C1,2),(C2,2)})) && F[20,40](T(3,C,{(C2,1)}) U[5,10] (T(3, A, {(C1, 1),(C2,1)}) && T(3,B,{(C1,1),(C2,1)})))",20,2.200805902481079,14913,25065,0.0,-0.0,0.025
True,False,0.5,False,5,../TransitionSystems/AAAI/TS_25_20_5.yaml,"../OutputFiles/AAAI/Solution_(True, False, 0.5, False)_[5, 5]_20_5",5,5,"F[0,10](T(3,A,{(C1,2)}) || T(3,B,{(C1,2),(C2,2)})) && F[20,40](T(3,C,{(C2,1)}) U[5,10] (T(3, A, {(C1, 1),(C2,1)}) && T(3,B,{(C1,1),(C2,1)})))",20,76.03314113616943,14913,25065,-3.0,3.0,0.15
False,False,0.5,False,6,../TransitionSystems/AAAI/TS_25_20_6.yaml,"../OutputFiles/AAAI/Solution_(False, False, 0.5, False)_[5, 5]_20_6",5,5,"F[0,10](T(3,A,{(C1,2)}) || T(3,B,{(C1,2),(C2,2)})) && F[20,40](T(3,C,{(C2,1)}) U[5,10] (T(3, A, {(C1, 1),(C2,1)}) && T(3,B,{(C1,1),(C2,1)})))",20,1.7128081321716309,14913,25065,0.0,-0.0,0.07122641509433962
True,False,0.5,False,6,../TransitionSystems/AAAI/TS_25_20_6.yaml,"../OutputFiles/AAAI/Solution_(True, False, 0.5, False)_[5, 5]_20_6",5,5,"F[0,10](T(3,A,{(C1,2)}) || T(3,B,{(C1,2),(C2,2)})) && F[20,40](T(3,C,{(C2,1)}) U[5,10] (T(3, A, {(C1, 1),(C2,1)}) && T(3,B,{(C1,1),(C2,1)})))",20,36.92437410354614,14913,25065,-4.0,4.0,0.20566037735849058
False,False,0.5,False,7,../TransitionSystems/AAAI/TS_25_20_7.yaml,"../OutputFiles/AAAI/Solution_(False, False, 0.5, False)_[5, 5]_20_7",5,5,"F[0,10](T(3,A,{(C1,2)}) || T(3,B,{(C1,2),(C2,2)})) && F[20,40](T(3,C,{(C2,1)}) U[5,10] (T(3, A, {(C1, 1),(C2,1)}) && T(3,B,{(C1,1),(C2,1)})))",20,1.8013269901275635,14913,25065,0.0,-0.0,0.05377358490566038
True,False,0.5,False,7,../TransitionSystems/AAAI/TS_25_20_7.yaml,"../OutputFiles/AAAI/Solution_(True, False, 0.5, False)_[5, 5]_20_7",5,5,"F[0,10](T(3,A,{(C1,2)}) || T(3,B,{(C1,2),(C2,2)})) && F[20,40](T(3,C,{(C2,1)}) U[5,10] (T(3, A, {(C1, 1),(C2,1)}) && T(3,B,{(C1,1),(C2,1)})))",20,56.74399209022522,14913,25065,-2.0,2.0,0.12924528301886792
False,False,0.5,False,8,../TransitionSystems/AAAI/TS_25_20_8.yaml,"../OutputFiles/AAAI/Solution_(False, False, 0.5, False)_[5, 5]_20_8",5,5,"F[0,10](T(3,A,{(C1,2)}) || T(3,B,{(C1,2),(C2,2)})) && F[20,40](T(3,C,{(C2,1)}) U[5,10] (T(3, A, {(C1, 1),(C2,1)}) && T(3,B,{(C1,1),(C2,1)})))",20,2.4073197841644287,14913,25065,0.0,-0.0,0.02311320754716981
True,False,0.5,False,8,../TransitionSystems/AAAI/TS_25_20_8.yaml,"../OutputFiles/AAAI/Solution_(True, False, 0.5, False)_[5, 5]_20_8",5,5,"F[0,10](T(3,A,{(C1,2)}) || T(3,B,{(C1,2),(C2,2)})) && F[20,40](T(3,C,{(C2,1)}) U[5,10] (T(3, A, {(C1, 1),(C2,1)}) && T(3,B,{(C1,1),(C2,1)})))",20,55.429229974746704,14913,25065,-3.0,3.0,0.10754716981132076
False,False,0.5,False,9,../TransitionSystems/AAAI/TS_25_20_9.yaml,"../OutputFiles/AAAI/Solution_(False, False, 0.5, False)_[5, 5]_20_9",5,5,"F[0,10](T(3,A,{(C1,2)}) || T(3,B,{(C1,2),(C2,2)})) && F[20,40](T(3,C,{(C2,1)}) U[5,10] (T(3, A, {(C1, 1),(C2,1)}) && T(3,B,{(C1,1),(C2,1)})))",20,1.792755126953125,14913,25065,0.0,-0.0,0.0349056603773585
True,False,0.5,False,9,../TransitionSystems/AAAI/TS_25_20_9.yaml,"../OutputFiles/AAAI/Solution_(True, False, 0.5, False)_[5, 5]_20_9",5,5,"F[0,10](T(3,A,{(C1,2)}) || T(3,B,{(C1,2),(C2,2)})) && F[20,40](T(3,C,{(C2,1)}) U[5,10] (T(3, A, {(C1, 1),(C2,1)}) && T(3,B,{(C1,1),(C2,1)})))",20,30.300395011901855,14913,25065,-3.0,3.0,0.1716981132075472
False,False,0.5,False,1,../TransitionSystems/AAAI/TS_25_30_1.yaml,"../OutputFiles/AAAI/Solution_(False, False, 0.5, False)_[5, 5]_30_1",5,5,"F[0,10](T(3,A,{(C1,2)}) || T(3,B,{(C1,2),(C2,2)})) && F[20,40](T(3,C,{(C2,1)}) U[5,10] (T(3, A, {(C1, 1),(C2,1)}) && T(3,B,{(C1,1),(C2,1)})))",30,2.4418468475341797,14913,25065,0.0,-0.0,0.03459119496855346
True,False,0.5,False,1,../TransitionSystems/AAAI/TS_25_30_1.yaml,"../OutputFiles/AAAI/Solution_(True, False, 0.5, False)_[5, 5]_30_1",5,5,"F[0,10](T(3,A,{(C1,2)}) || T(3,B,{(C1,2),(C2,2)})) && F[20,40](T(3,C,{(C2,1)}) U[5,10] (T(3, A, {(C1, 1),(C2,1)}) && T(3,B,{(C1,1),(C2,1)})))",30,38.93134784698486,14913,25065,-5.0,5.0,0.14402515723270437
False,False,0.5,False,2,../TransitionSystems/AAAI/TS_25_30_2.yaml,"../OutputFiles/AAAI/Solution_(False, False, 0.5, False)_[5, 5]_30_2",5,5,"F[0,10](T(3,A,{(C1,2)}) || T(3,B,{(C1,2),(C2,2)})) && F[20,40](T(3,C,{(C2,1)}) U[5,10] (T(3, A, {(C1, 1),(C2,1)}) && T(3,B,{(C1,1),(C2,1)})))",30,2.5908470153808594,14913,25065,0.0,-0.0,0.011320754716981133
True,False,0.5,False,2,../TransitionSystems/AAAI/TS_25_30_2.yaml,"../OutputFiles/AAAI/Solution_(True, False, 0.5, False)_[5, 5]_30_2",5,5,"F[0,10](T(3,A,{(C1,2)}) || T(3,B,{(C1,2),(C2,2)})) && F[20,40](T(3,C,{(C2,1)}) U[5,10] (T(3, A, {(C1, 1),(C2,1)}) && T(3,B,{(C1,1),(C2,1)})))",30,28.503777027130127,14913,25065,-5.0,5.0,0.16037735849056603
False,False,0.5,False,3,../TransitionSystems/AAAI/TS_25_30_3.yaml,"../OutputFiles/AAAI/Solution_(False, False, 0.5, False)_[5, 5]_30_3",5,5,"F[0,10](T(3,A,{(C1,2)}) || T(3,B,{(C1,2),(C2,2)})) && F[20,40](T(3,C,{(C2,1)}) U[5,10] (T(3, A, {(C1, 1),(C2,1)}) && T(3,B,{(C1,1),(C2,1)})))",30,3.1158430576324463,14913,25065,0.0,-0.0,0.013522012578616353
True,False,0.5,False,3,../TransitionSystems/AAAI/TS_25_30_3.yaml,"../OutputFiles/AAAI/Solution_(True, False, 0.5, False)_[5, 5]_30_3",5,5,"F[0,10](T(3,A,{(C1,2)}) || T(3,B,{(C1,2),(C2,2)})) && F[20,40](T(3,C,{(C2,1)}) U[5,10] (T(3, A, {(C1, 1),(C2,1)}) && T(3,B,{(C1,1),(C2,1)})))",30,20.959546089172363,14913,25065,-6.0,6.0,0.14025157232704402
False,False,0.5,False,4,../TransitionSystems/AAAI/TS_25_30_4.yaml,"../OutputFiles/AAAI/Solution_(False, False, 0.5, False)_[5, 5]_30_4",5,5,"F[0,10](T(3,A,{(C1,2)}) || T(3,B,{(C1,2),(C2,2)})) && F[20,40](T(3,C,{(C2,1)}) U[5,10] (T(3, A, {(C1, 1),(C2,1)}) && T(3,B,{(C1,1),(C2,1)})))",30,2.896394968032837,14913,25065,0.0,-0.0,0.01069182389937107
True,False,0.5,False,4,../TransitionSystems/AAAI/TS_25_30_4.yaml,"../OutputFiles/AAAI/Solution_(True, False, 0.5, False)_[5, 5]_30_4",5,5,"F[0,10](T(3,A,{(C1,2)}) || T(3,B,{(C1,2),(C2,2)})) && F[20,40](T(3,C,{(C2,1)}) U[5,10] (T(3, A, {(C1, 1),(C2,1)}) && T(3,B,{(C1,1),(C2,1)})))",30,27.526123046875,14913,25065,-6.0,6.0,0.14654088050314465
False,False,0.5,False,5,../TransitionSystems/AAAI/TS_25_30_5.yaml,"../OutputFiles/AAAI/Solution_(False, False, 0.5, False)_[5, 5]_30_5",5,5,"F[0,10](T(3,A,{(C1,2)}) || T(3,B,{(C1,2),(C2,2)})) && F[20,40](T(3,C,{(C2,1)}) U[5,10] (T(3, A, {(C1, 1),(C2,1)}) && T(3,B,{(C1,1),(C2,1)})))",30,2.966377019882202,14913,25065,0.0,-0.0,0.016666666666666666
True,False,0.5,False,5,../TransitionSystems/AAAI/TS_25_30_5.yaml,"../OutputFiles/AAAI/Solution_(True, False, 0.5, False)_[5, 5]_30_5",5,5,"F[0,10](T(3,A,{(C1,2)}) || T(3,B,{(C1,2),(C2,2)})) && F[20,40](T(3,C,{(C2,1)}) U[5,10] (T(3, A, {(C1, 1),(C2,1)}) && T(3,B,{(C1,1),(C2,1)})))",30,33.62926483154297,14913,25065,-6.0,6.0,0.14999999999999997
False,False,0.5,False,6,../TransitionSystems/AAAI/TS_25_30_6.yaml,"../OutputFiles/AAAI/Solution_(False, False, 0.5, False)_[5, 5]_30_6",5,5,"F[0,10](T(3,A,{(C1,2)}) || T(3,B,{(C1,2),(C2,2)})) && F[20,40](T(3,C,{(C2,1)}) U[5,10] (T(3, A, {(C1, 1),(C2,1)}) && T(3,B,{(C1,1),(C2,1)})))",30,3.5849130153656006,14913,25065,0.0,-0.0,0.018238993710691823
True,False,0.5,False,6,../TransitionSystems/AAAI/TS_25_30_6.yaml,"../OutputFiles/AAAI/Solution_(True, False, 0.5, False)_[5, 5]_30_6",5,5,"F[0,10](T(3,A,{(C1,2)}) || T(3,B,{(C1,2),(C2,2)})) && F[20,40](T(3,C,{(C2,1)}) U[5,10] (T(3, A, {(C1, 1),(C2,1)}) && T(3,B,{(C1,1),(C2,1)})))",30,38.294946908950806,14913,25065,-6.0,6.0,0.20723270440251573
False,False,0.5,False,7,../TransitionSystems/AAAI/TS_25_30_7.yaml,"../OutputFiles/AAAI/Solution_(False, False, 0.5, False)_[5, 5]_30_7",5,5,"F[0,10](T(3,A,{(C1,2)}) || T(3,B,{(C1,2),(C2,2)})) && F[20,40](T(3,C,{(C2,1)}) U[5,10] (T(3, A, {(C1, 1),(C2,1)}) && T(3,B,{(C1,1),(C2,1)})))",30,3.300204038619995,14913,25065,0.0,-0.0,0.028930817610062887
True,False,0.5,False,7,../TransitionSystems/AAAI/TS_25_30_7.yaml,"../OutputFiles/AAAI/Solution_(True, False, 0.5, False)_[5, 5]_30_7",5,5,"F[0,10](T(3,A,{(C1,2)}) || T(3,B,{(C1,2),(C2,2)})) && F[20,40](T(3,C,{(C2,1)}) U[5,10] (T(3, A, {(C1, 1),(C2,1)}) && T(3,B,{(C1,1),(C2,1)})))",30,38.60354709625244,14913,25065,-4.0,4.0,0.18050314465408807
False,False,0.5,False,8,../TransitionSystems/AAAI/TS_25_30_8.yaml,"../OutputFiles/AAAI/Solution_(False, False, 0.5, False)_[5, 5]_30_8",5,5,"F[0,10](T(3,A,{(C1,2)}) || T(3,B,{(C1,2),(C2,2)})) && F[20,40](T(3,C,{(C2,1)}) U[5,10] (T(3, A, {(C1, 1),(C2,1)}) && T(3,B,{(C1,1),(C2,1)})))",30,2.61234712600708,14913,25065,0.0,-0.0,0.010062893081761008
True,False,0.5,False,8,../TransitionSystems/AAAI/TS_25_30_8.yaml,"../OutputFiles/AAAI/Solution_(True, False, 0.5, False)_[5, 5]_30_8",5,5,"F[0,10](T(3,A,{(C1,2)}) || T(3,B,{(C1,2),(C2,2)})) && F[20,40](T(3,C,{(C2,1)}) U[5,10] (T(3, A, {(C1, 1),(C2,1)}) && T(3,B,{(C1,1),(C2,1)})))",30,21.27682590484619,14913,25065,-6.0,6.0,0.1380503144654088
False,False,0.5,False,9,../TransitionSystems/AAAI/TS_25_30_9.yaml,"../OutputFiles/AAAI/Solution_(False, False, 0.5, False)_[5, 5]_30_9",5,5,"F[0,10](T(3,A,{(C1,2)}) || T(3,B,{(C1,2),(C2,2)})) && F[20,40](T(3,C,{(C2,1)}) U[5,10] (T(3, A, {(C1, 1),(C2,1)}) && T(3,B,{(C1,1),(C2,1)})))",30,2.1152710914611816,14913,25065,0.0,-0.0,0.03553459119496855
True,False,0.5,False,9,../TransitionSystems/AAAI/TS_25_30_9.yaml,"../OutputFiles/AAAI/Solution_(True, False, 0.5, False)_[5, 5]_30_9",5,5,"F[0,10](T(3,A,{(C1,2)}) || T(3,B,{(C1,2),(C2,2)})) && F[20,40](T(3,C,{(C2,1)}) U[5,10] (T(3, A, {(C1, 1),(C2,1)}) && T(3,B,{(C1,1),(C2,1)})))",30,42.320345878601074,14913,25065,-5.0,5.0,0.2088050314465409
False,False,0.5,False,1,../TransitionSystems/AAAI/TS_25_40_1.yaml,"../OutputFiles/AAAI/Solution_(False, False, 0.5, False)_[5, 5]_40_1",5,5,"F[0,10](T(3,A,{(C1,2)}) || T(3,B,{(C1,2),(C2,2)})) && F[20,40](T(3,C,{(C2,1)}) U[5,10] (T(3, A, {(C1, 1),(C2,1)}) && T(3,B,{(C1,1),(C2,1)})))",40,2.396062135696411,14913,25065,0.0,-0.0,0.04693396226415095
True,False,0.5,False,1,../TransitionSystems/AAAI/TS_25_40_1.yaml,"../OutputFiles/AAAI/Solution_(True, False, 0.5, False)_[5, 5]_40_1",5,5,"F[0,10](T(3,A,{(C1,2)}) || T(3,B,{(C1,2),(C2,2)})) && F[20,40](T(3,C,{(C2,1)}) U[5,10] (T(3, A, {(C1, 1),(C2,1)}) && T(3,B,{(C1,1),(C2,1)})))",40,32.94862198829651,14913,25065,-7.0,7.0,0.14339622641509434
False,False,0.5,False,2,../TransitionSystems/AAAI/TS_25_40_2.yaml,"../OutputFiles/AAAI/Solution_(False, False, 0.5, False)_[5, 5]_40_2",5,5,"F[0,10](T(3,A,{(C1,2)}) || T(3,B,{(C1,2),(C2,2)})) && F[20,40](T(3,C,{(C2,1)}) U[5,10] (T(3, A, {(C1, 1),(C2,1)}) && T(3,B,{(C1,1),(C2,1)})))",40,2.873278856277466,14913,25065,0.0,-0.0,0.09669811320754718
True,False,0.5,False,2,../TransitionSystems/AAAI/TS_25_40_2.yaml,"../OutputFiles/AAAI/Solution_(True, False, 0.5, False)_[5, 5]_40_2",5,5,"F[0,10](T(3,A,{(C1,2)}) || T(3,B,{(C1,2),(C2,2)})) && F[20,40](T(3,C,{(C2,1)}) U[5,10] (T(3, A, {(C1, 1),(C2,1)}) && T(3,B,{(C1,1),(C2,1)})))",40,24.901418924331665,14913,25065,-7.0,7.0,0.18160377358490565
False,False,0.5,False,3,../TransitionSystems/AAAI/TS_25_40_3.yaml,"../OutputFiles/AAAI/Solution_(False, False, 0.5, False)_[5, 5]_40_3",5,5,"F[0,10](T(3,A,{(C1,2)}) || T(3,B,{(C1,2),(C2,2)})) && F[20,40](T(3,C,{(C2,1)}) U[5,10] (T(3, A, {(C1, 1),(C2,1)}) && T(3,B,{(C1,1),(C2,1)})))",40,2.841068983078003,14913,25065,0.0,-0.0,0.016037735849056604
True,False,0.5,False,3,../TransitionSystems/AAAI/TS_25_40_3.yaml,"../OutputFiles/AAAI/Solution_(True, False, 0.5, False)_[5, 5]_40_3",5,5,"F[0,10](T(3,A,{(C1,2)}) || T(3,B,{(C1,2),(C2,2)})) && F[20,40](T(3,C,{(C2,1)}) U[5,10] (T(3, A, {(C1, 1),(C2,1)}) && T(3,B,{(C1,1),(C2,1)})))",40,4.47879695892334,14913,25065,-8.0,8.0,0.09174528301886792
False,False,0.5,False,4,../TransitionSystems/AAAI/TS_25_40_4.yaml,"../OutputFiles/AAAI/Solution_(False, False, 0.5, False)_[5, 5]_40_4",5,5,"F[0,10](T(3,A,{(C1,2)}) || T(3,B,{(C1,2),(C2,2)})) && F[20,40](T(3,C,{(C2,1)}) U[5,10] (T(3, A, {(C1, 1),(C2,1)}) && T(3,B,{(C1,1),(C2,1)})))",40,2.5212039947509766,14913,25065,0.0,-0.0,0.04787735849056604
True,False,0.5,False,4,../TransitionSystems/AAAI/TS_25_40_4.yaml,"../OutputFiles/AAAI/Solution_(True, False, 0.5, False)_[5, 5]_40_4",5,5,"F[0,10](T(3,A,{(C1,2)}) || T(3,B,{(C1,2),(C2,2)})) && F[20,40](T(3,C,{(C2,1)}) U[5,10] (T(3, A, {(C1, 1),(C2,1)}) && T(3,B,{(C1,1),(C2,1)})))",40,8.233054161071777,14913,25065,-8.0,8.0,0.15919811320754718
False,False,0.5,False,5,../TransitionSystems/AAAI/TS_25_40_5.yaml,"../OutputFiles/AAAI/Solution_(False, False, 0.5, False)_[5, 5]_40_5",5,5,"F[0,10](T(3,A,{(C1,2)}) || T(3,B,{(C1,2),(C2,2)})) && F[20,40](T(3,C,{(C2,1)}) U[5,10] (T(3, A, {(C1, 1),(C2,1)}) && T(3,B,{(C1,1),(C2,1)})))",40,2.115863084793091,14913,25065,0.0,-0.0,0.0125
True,False,0.5,False,5,../TransitionSystems/AAAI/TS_25_40_5.yaml,"../OutputFiles/AAAI/Solution_(True, False, 0.5, False)_[5, 5]_40_5",5,5,"F[0,10](T(3,A,{(C1,2)}) || T(3,B,{(C1,2),(C2,2)})) && F[20,40](T(3,C,{(C2,1)}) U[5,10] (T(3, A, {(C1, 1),(C2,1)}) && T(3,B,{(C1,1),(C2,1)})))",40,5.144155025482178,14913,25065,-8.0,8.0,0.11061320754716981
False,False,0.5,False,6,../TransitionSystems/AAAI/TS_25_40_6.yaml,"../OutputFiles/AAAI/Solution_(False, False, 0.5, False)_[5, 5]_40_6",5,5,"F[0,10](T(3,A,{(C1,2)}) || T(3,B,{(C1,2),(C2,2)})) && F[20,40](T(3,C,{(C2,1)}) U[5,10] (T(3, A, {(C1, 1),(C2,1)}) && T(3,B,{(C1,1),(C2,1)})))",40,3.491762161254883,14913,25065,0.0,-0.0,0.05872641509433963
True,False,0.5,False,6,../TransitionSystems/AAAI/TS_25_40_6.yaml,"../OutputFiles/AAAI/Solution_(True, False, 0.5, False)_[5, 5]_40_6",5,5,"F[0,10](T(3,A,{(C1,2)}) || T(3,B,{(C1,2),(C2,2)})) && F[20,40](T(3,C,{(C2,1)}) U[5,10] (T(3, A, {(C1, 1),(C2,1)}) && T(3,B,{(C1,1),(C2,1)})))",40,9.225783824920654,14913,25065,-8.0,8.0,0.15235849056603773
False,False,0.5,False,7,../TransitionSystems/AAAI/TS_25_40_7.yaml,"../OutputFiles/AAAI/Solution_(False, False, 0.5, False)_[5, 5]_40_7",5,5,"F[0,10](T(3,A,{(C1,2)}) || T(3,B,{(C1,2),(C2,2)})) && F[20,40](T(3,C,{(C2,1)}) U[5,10] (T(3, A, {(C1, 1),(C2,1)}) && T(3,B,{(C1,1),(C2,1)})))",40,2.088702917098999,14913,25065,0.0,-0.0,0.06768867924528302
True,False,0.5,False,7,../TransitionSystems/AAAI/TS_25_40_7.yaml,"../OutputFiles/AAAI/Solution_(True, False, 0.5, False)_[5, 5]_40_7",5,5,"F[0,10](T(3,A,{(C1,2)}) || T(3,B,{(C1,2),(C2,2)})) && F[20,40](T(3,C,{(C2,1)}) U[5,10] (T(3, A, {(C1, 1),(C2,1)}) && T(3,B,{(C1,1),(C2,1)})))",40,20.12836790084839,14913,25065,-6.0,6.0,0.13891509433962262
False,False,0.5,False,8,../TransitionSystems/AAAI/TS_25_40_8.yaml,"../OutputFiles/AAAI/Solution_(False, False, 0.5, False)_[5, 5]_40_8",5,5,"F[0,10](T(3,A,{(C1,2)}) || T(3,B,{(C1,2),(C2,2)})) && F[20,40](T(3,C,{(C2,1)}) U[5,10] (T(3, A, {(C1, 1),(C2,1)}) && T(3,B,{(C1,1),(C2,1)})))",40,2.790861129760742,14913,25065,0.0,-0.0,0.0339622641509434
True,False,0.5,False,8,../TransitionSystems/AAAI/TS_25_40_8.yaml,"../OutputFiles/AAAI/Solution_(True, False, 0.5, False)_[5, 5]_40_8",5,5,"F[0,10](T(3,A,{(C1,2)}) || T(3,B,{(C1,2),(C2,2)})) && F[20,40](T(3,C,{(C2,1)}) U[5,10] (T(3, A, {(C1, 1),(C2,1)}) && T(3,B,{(C1,1),(C2,1)})))",40,5.587707996368408,14913,25065,-8.0,8.0,0.17216981132075473
False,False,0.5,False,9,../TransitionSystems/AAAI/TS_25_40_9.yaml,"../OutputFiles/AAAI/Solution_(False, False, 0.5, False)_[5, 5]_40_9",5,5,"F[0,10](T(3,A,{(C1,2)}) || T(3,B,{(C1,2),(C2,2)})) && F[20,40](T(3,C,{(C2,1)}) U[5,10] (T(3, A, {(C1, 1),(C2,1)}) && T(3,B,{(C1,1),(C2,1)})))",40,2.464139938354492,14913,25065,0.0,-0.0,0.062264150943396226
True,False,0.5,False,9,../TransitionSystems/AAAI/TS_25_40_9.yaml,"../OutputFiles/AAAI/Solution_(True, False, 0.5, False)_[5, 5]_40_9",5,5,"F[0,10](T(3,A,{(C1,2)}) || T(3,B,{(C1,2),(C2,2)})) && F[20,40](T(3,C,{(C2,1)}) U[5,10] (T(3, A, {(C1, 1),(C2,1)}) && T(3,B,{(C1,1),(C2,1)})))",40,32.21265506744385,14913,25065,-7.0,7.0,0.09127358490566038
False,False,0.5,False,1,../TransitionSystems/AAAI/TS_25_50_1.yaml,"../OutputFiles/AAAI/Solution_(False, False, 0.5, False)_[5, 5]_50_1",5,5,"F[0,10](T(3,A,{(C1,2)}) || T(3,B,{(C1,2),(C2,2)})) && F[20,40](T(3,C,{(C2,1)}) U[5,10] (T(3, A, {(C1, 1),(C2,1)}) && T(3,B,{(C1,1),(C2,1)})))",50,2.0815651416778564,14913,25065,0.0,-0.0,0.07264150943396225
True,False,0.5,False,1,../TransitionSystems/AAAI/TS_25_50_1.yaml,"../OutputFiles/AAAI/Solution_(True, False, 0.5, False)_[5, 5]_50_1",5,5,"F[0,10](T(3,A,{(C1,2)}) || T(3,B,{(C1,2),(C2,2)})) && F[20,40](T(3,C,{(C2,1)}) U[5,10] (T(3, A, {(C1, 1),(C2,1)}) && T(3,B,{(C1,1),(C2,1)})))",50,4.6453680992126465,14913,25065,-8.0,8.0,0.10962264150943396
False,False,0.5,False,2,../TransitionSystems/AAAI/TS_25_50_2.yaml,"../OutputFiles/AAAI/Solution_(False, False, 0.5, False)_[5, 5]_50_2",5,5,"F[0,10](T(3,A,{(C1,2)}) || T(3,B,{(C1,2),(C2,2)})) && F[20,40](T(3,C,{(C2,1)}) U[5,10] (T(3, A, {(C1, 1),(C2,1)}) && T(3,B,{(C1,1),(C2,1)})))",50,2.6375341415405273,14913,25065,0.0,-0.0,0.11830188679245282
True,False,0.5,False,2,../TransitionSystems/AAAI/TS_25_50_2.yaml,"../OutputFiles/AAAI/Solution_(True, False, 0.5, False)_[5, 5]_50_2",5,5,"F[0,10](T(3,A,{(C1,2)}) || T(3,B,{(C1,2),(C2,2)})) && F[20,40](T(3,C,{(C2,1)}) U[5,10] (T(3, A, {(C1, 1),(C2,1)}) && T(3,B,{(C1,1),(C2,1)})))",50,4.427405118942261,14913,25065,-8.0,8.0,0.16433962264150942
False,False,0.5,False,3,../TransitionSystems/AAAI/TS_25_50_3.yaml,"../OutputFiles/AAAI/Solution_(False, False, 0.5, False)_[5, 5]_50_3",5,5,"F[0,10](T(3,A,{(C1,2)}) || T(3,B,{(C1,2),(C2,2)})) && F[20,40](T(3,C,{(C2,1)}) U[5,10] (T(3, A, {(C1, 1),(C2,1)}) && T(3,B,{(C1,1),(C2,1)})))",50,2.948931932449341,14913,25065,0.0,-0.0,0.10358490566037734
True,False,0.5,False,3,../TransitionSystems/AAAI/TS_25_50_3.yaml,"../OutputFiles/AAAI/Solution_(True, False, 0.5, False)_[5, 5]_50_3",5,5,"F[0,10](T(3,A,{(C1,2)}) || T(3,B,{(C1,2),(C2,2)})) && F[20,40](T(3,C,{(C2,1)}) U[5,10] (T(3, A, {(C1, 1),(C2,1)}) && T(3,B,{(C1,1),(C2,1)})))",50,4.764296054840088,14913,25065,-8.0,8.0,0.1490566037735849
False,False,0.5,False,4,../TransitionSystems/AAAI/TS_25_50_4.yaml,"../OutputFiles/AAAI/Solution_(False, False, 0.5, False)_[5, 5]_50_4",5,5,"F[0,10](T(3,A,{(C1,2)}) || T(3,B,{(C1,2),(C2,2)})) && F[20,40](T(3,C,{(C2,1)}) U[5,10] (T(3, A, {(C1, 1),(C2,1)}) && T(3,B,{(C1,1),(C2,1)})))",50,2.115950107574463,14913,25065,0.0,-0.0,0.06849056603773584
True,False,0.5,False,4,../TransitionSystems/AAAI/TS_25_50_4.yaml,"../OutputFiles/AAAI/Solution_(True, False, 0.5, False)_[5, 5]_50_4",5,5,"F[0,10](T(3,A,{(C1,2)}) || T(3,B,{(C1,2),(C2,2)})) && F[20,40](T(3,C,{(C2,1)}) U[5,10] (T(3, A, {(C1, 1),(C2,1)}) && T(3,B,{(C1,1),(C2,1)})))",50,6.2007410526275635,14913,25065,-8.0,8.0,0.15132075471698114
False,False,0.5,False,5,../TransitionSystems/AAAI/TS_25_50_5.yaml,"../OutputFiles/AAAI/Solution_(False, False, 0.5, False)_[5, 5]_50_5",5,5,"F[0,10](T(3,A,{(C1,2)}) || T(3,B,{(C1,2),(C2,2)})) && F[20,40](T(3,C,{(C2,1)}) U[5,10] (T(3, A, {(C1, 1),(C2,1)}) && T(3,B,{(C1,1),(C2,1)})))",50,2.159345865249634,14913,25065,0.0,-0.0,0.06037735849056603
True,False,0.5,False,5,../TransitionSystems/AAAI/TS_25_50_5.yaml,"../OutputFiles/AAAI/Solution_(True, False, 0.5, False)_[5, 5]_50_5",5,5,"F[0,10](T(3,A,{(C1,2)}) || T(3,B,{(C1,2),(C2,2)})) && F[20,40](T(3,C,{(C2,1)}) U[5,10] (T(3, A, {(C1, 1),(C2,1)}) && T(3,B,{(C1,1),(C2,1)})))",50,7.3922789096832275,14913,25065,-8.0,8.0,0.160377358490566
False,False,0.5,False,6,../TransitionSystems/AAAI/TS_25_50_6.yaml,"../OutputFiles/AAAI/Solution_(False, False, 0.5, False)_[5, 5]_50_6",5,5,"F[0,10](T(3,A,{(C1,2)}) || T(3,B,{(C1,2),(C2,2)})) && F[20,40](T(3,C,{(C2,1)}) U[5,10] (T(3, A, {(C1, 1),(C2,1)}) && T(3,B,{(C1,1),(C2,1)})))",50,2.134186029434204,14913,25065,0.0,-0.0,0.05490566037735849
True,False,0.5,False,6,../TransitionSystems/AAAI/TS_25_50_6.yaml,"../OutputFiles/AAAI/Solution_(True, False, 0.5, False)_[5, 5]_50_6",5,5,"F[0,10](T(3,A,{(C1,2)}) || T(3,B,{(C1,2),(C2,2)})) && F[20,40](T(3,C,{(C2,1)}) U[5,10] (T(3, A, {(C1, 1),(C2,1)}) && T(3,B,{(C1,1),(C2,1)})))",50,3.237492799758911,14913,25065,-8.0,8.0,0.08150943396226415
False,False,0.5,False,7,../TransitionSystems/AAAI/TS_25_50_7.yaml,"../OutputFiles/AAAI/Solution_(False, False, 0.5, False)_[5, 5]_50_7",5,5,"F[0,10](T(3,A,{(C1,2)}) || T(3,B,{(C1,2),(C2,2)})) && F[20,40](T(3,C,{(C2,1)}) U[5,10] (T(3, A, {(C1, 1),(C2,1)}) && T(3,B,{(C1,1),(C2,1)})))",50,2.016108989715576,14913,25065,0.0,-0.0,0.04792452830188679
True,False,0.5,False,7,../TransitionSystems/AAAI/TS_25_50_7.yaml,"../OutputFiles/AAAI/Solution_(True, False, 0.5, False)_[5, 5]_50_7",5,5,"F[0,10](T(3,A,{(C1,2)}) || T(3,B,{(C1,2),(C2,2)})) && F[20,40](T(3,C,{(C2,1)}) U[5,10] (T(3, A, {(C1, 1),(C2,1)}) && T(3,B,{(C1,1),(C2,1)})))",50,46.425110816955566,14913,25065,-7.0,7.0,0.12264150943396226
False,False,0.5,False,8,../TransitionSystems/AAAI/TS_25_50_8.yaml,"../OutputFiles/AAAI/Solution_(False, False, 0.5, False)_[5, 5]_50_8",5,5,"F[0,10](T(3,A,{(C1,2)}) || T(3,B,{(C1,2),(C2,2)})) && F[20,40](T(3,C,{(C2,1)}) U[5,10] (T(3, A, {(C1, 1),(C2,1)}) && T(3,B,{(C1,1),(C2,1)})))",50,2.751779079437256,14913,25065,0.0,-0.0,0.030754716981132073
True,False,0.5,False,8,../TransitionSystems/AAAI/TS_25_50_8.yaml,"../OutputFiles/AAAI/Solution_(True, False, 0.5, False)_[5, 5]_50_8",5,5,"F[0,10](T(3,A,{(C1,2)}) || T(3,B,{(C1,2),(C2,2)})) && F[20,40](T(3,C,{(C2,1)}) U[5,10] (T(3, A, {(C1, 1),(C2,1)}) && T(3,B,{(C1,1),(C2,1)})))",50,5.223716974258423,14913,25065,-8.0,8.0,0.12490566037735847
False,False,0.5,False,9,../TransitionSystems/AAAI/TS_25_50_9.yaml,"../OutputFiles/AAAI/Solution_(False, False, 0.5, False)_[5, 5]_50_9",5,5,"F[0,10](T(3,A,{(C1,2)}) || T(3,B,{(C1,2),(C2,2)})) && F[20,40](T(3,C,{(C2,1)}) U[5,10] (T(3, A, {(C1, 1),(C2,1)}) && T(3,B,{(C1,1),(C2,1)})))",50,2.30587100982666,14913,25065,0.0,-0.0,0.0960377358490566
True,False,0.5,False,9,../TransitionSystems/AAAI/TS_25_50_9.yaml,"../OutputFiles/AAAI/Solution_(True, False, 0.5, False)_[5, 5]_50_9",5,5,"F[0,10](T(3,A,{(C1,2)}) || T(3,B,{(C1,2),(C2,2)})) && F[20,40](T(3,C,{(C2,1)}) U[5,10] (T(3, A, {(C1, 1),(C2,1)}) && T(3,B,{(C1,1),(C2,1)})))",50,3.8826122283935547,14913,25065,-8.0,8.0,0.13584905660377355
