Robust,Regularize,Alpha,Upper Bound,Trial Number,TS Filename,Solution Filename,Xdim,Ydim,Formula,Agents,Run Time (s),Linear Constraints,Variables,Objective Value,Robustness,Normalized Travel Time
False,False,0.5,False,0,"../TransitionSystems/MonteCarloExample_kjl/TS_[3, 3]_12_0.yaml","../OutputFiles/MonteCarloExample_kjl/Solution_(False, False, 0.5, False)_[3, 3]_12_0",3,3,"F[0, 20] T(1, green {(IR, 2), (Vis, 2)}) &&  G[20,40] F[0,10] T(1, blue, {(UV, 1), (Mo, 2)}) && F[5,25] T(2,yellow,{(UV,2),(Vis,2)}) && F[3,18] T(2,orange,{(Vis,2)}) && F[20,30] T(2,orange,{(Vis,2)})",12,0.9398128986358643,7846,11528,0.0,-0.0,0.1062091503267974
True,False,0.5,False,0,"../TransitionSystems/MonteCarloExample_kjl/TS_[3, 3]_12_0.yaml","../OutputFiles/MonteCarloExample_kjl/Solution_(True, False, 0.5, False)_[3, 3]_12_0",3,3,"F[0, 20] T(1, green {(IR, 2), (Vis, 2)}) &&  G[20,40] F[0,10] T(1, blue, {(UV, 1), (Mo, 2)}) && F[5,25] T(2,yellow,{(UV,2),(Vis,2)}) && F[3,18] T(2,orange,{(Vis,2)}) && F[20,30] T(2,orange,{(Vis,2)})",12,1.915665864944458,7846,11528,-1.0,1.0,0.15114379084967322
True,False,0.5,True,0,"../TransitionSystems/MonteCarloExample_kjl/TS_[3, 3]_12_0.yaml","../OutputFiles/MonteCarloExample_kjl/Solution_(True, False, 0.5, True)_[3, 3]_12_0",3,3,"F[0, 20] T(1, green {(IR, 2), (Vis, 2)}) &&  G[20,40] F[0,10] T(1, blue, {(UV, 1), (Mo, 2)}) && F[5,25] T(2,yellow,{(UV,2),(Vis,2)}) && F[3,18] T(2,orange,{(Vis,2)}) && F[20,30] T(2,orange,{(Vis,2)})",12,0.8475298881530762,7846,11528,-1.0,1.0,0.1715686274509804
False,True,0.5,False,0,"../TransitionSystems/MonteCarloExample_kjl/TS_[3, 3]_12_0.yaml","../OutputFiles/MonteCarloExample_kjl/Solution_(False, True, 0.5, False)_[3, 3]_12_0",3,3,"F[0, 20] T(1, green {(IR, 2), (Vis, 2)}) &&  G[20,40] F[0,10] T(1, blue, {(UV, 1), (Mo, 2)}) && F[5,25] T(2,yellow,{(UV,2),(Vis,2)}) && F[3,18] T(2,orange,{(Vis,2)}) && F[20,30] T(2,orange,{(Vis,2)})",12,20.524224042892456,7846,11528,0.0,0.0,0.01715686274509804
True,True,0.5,True,0,"../TransitionSystems/MonteCarloExample_kjl/TS_[3, 3]_12_0.yaml","../OutputFiles/MonteCarloExample_kjl/Solution_(True, True, 0.5, True)_[3, 3]_12_0",3,3,"F[0, 20] T(1, green {(IR, 2), (Vis, 2)}) &&  G[20,40] F[0,10] T(1, blue, {(UV, 1), (Mo, 2)}) && F[5,25] T(2,yellow,{(UV,2),(Vis,2)}) && F[3,18] T(2,orange,{(Vis,2)}) && F[20,30] T(2,orange,{(Vis,2)})",12,72.56826710700989,7846,11528,-1.0,1.0,0.03349673202614378
True,True,0.5,False,0,"../TransitionSystems/MonteCarloExample_kjl/TS_[3, 3]_12_0.yaml","../OutputFiles/MonteCarloExample_kjl/Solution_(True, True, 0.5, False)_[3, 3]_12_0",3,3,"F[0, 20] T(1, green {(IR, 2), (Vis, 2)}) &&  G[20,40] F[0,10] T(1, blue, {(UV, 1), (Mo, 2)}) && F[5,25] T(2,yellow,{(UV,2),(Vis,2)}) && F[3,18] T(2,orange,{(Vis,2)}) && F[20,30] T(2,orange,{(Vis,2)})",12,13.444244146347046,7846,11528,-1.0,1.0,0.03349673202614378
False,False,0.5,False,3,"../TransitionSystems/MonteCarloExample_kjl/TS_[3, 3]_12_3.yaml","../OutputFiles/MonteCarloExample_kjl/Solution_(False, False, 0.5, False)_[3, 3]_12_3",3,3,"F[0, 20] T(1, green {(IR, 2), (Vis, 2)}) &&  G[20,40] F[0,10] T(1, blue, {(UV, 1), (Mo, 2)}) && F[5,25] T(2,yellow,{(UV,2),(Vis,2)}) && F[3,18] T(2,orange,{(Vis,2)}) && F[20,30] T(2,orange,{(Vis,2)})",12,0.7533950805664062,7846,11528,0.0,-0.0,0.11192810457516339
True,False,0.5,False,3,"../TransitionSystems/MonteCarloExample_kjl/TS_[3, 3]_12_3.yaml","../OutputFiles/MonteCarloExample_kjl/Solution_(True, False, 0.5, False)_[3, 3]_12_3",3,3,"F[0, 20] T(1, green {(IR, 2), (Vis, 2)}) &&  G[20,40] F[0,10] T(1, blue, {(UV, 1), (Mo, 2)}) && F[5,25] T(2,yellow,{(UV,2),(Vis,2)}) && F[3,18] T(2,orange,{(Vis,2)}) && F[20,30] T(2,orange,{(Vis,2)})",12,3.544361114501953,7846,11528,-4.0,4.0,0.21323529411764705
True,False,0.5,True,3,"../TransitionSystems/MonteCarloExample_kjl/TS_[3, 3]_12_3.yaml","../OutputFiles/MonteCarloExample_kjl/Solution_(True, False, 0.5, True)_[3, 3]_12_3",3,3,"F[0, 20] T(1, green {(IR, 2), (Vis, 2)}) &&  G[20,40] F[0,10] T(1, blue, {(UV, 1), (Mo, 2)}) && F[5,25] T(2,yellow,{(UV,2),(Vis,2)}) && F[3,18] T(2,orange,{(Vis,2)}) && F[20,30] T(2,orange,{(Vis,2)})",12,1.17464017868042,7846,11528,-4.0,4.0,0.17892156862745098
False,True,0.5,False,3,"../TransitionSystems/MonteCarloExample_kjl/TS_[3, 3]_12_3.yaml","../OutputFiles/MonteCarloExample_kjl/Solution_(False, True, 0.5, False)_[3, 3]_12_3",3,3,"F[0, 20] T(1, green {(IR, 2), (Vis, 2)}) &&  G[20,40] F[0,10] T(1, blue, {(UV, 1), (Mo, 2)}) && F[5,25] T(2,yellow,{(UV,2),(Vis,2)}) && F[3,18] T(2,orange,{(Vis,2)}) && F[20,30] T(2,orange,{(Vis,2)})",12,15.431338787078857,7846,11528,0.0,-0.0,0.010620915032679739
True,True,0.5,True,3,"../TransitionSystems/MonteCarloExample_kjl/TS_[3, 3]_12_3.yaml","../OutputFiles/MonteCarloExample_kjl/Solution_(True, True, 0.5, True)_[3, 3]_12_3",3,3,"F[0, 20] T(1, green {(IR, 2), (Vis, 2)}) &&  G[20,40] F[0,10] T(1, blue, {(UV, 1), (Mo, 2)}) && F[5,25] T(2,yellow,{(UV,2),(Vis,2)}) && F[3,18] T(2,orange,{(Vis,2)}) && F[20,30] T(2,orange,{(Vis,2)})",12,23.78559684753418,7846,11528,-4.0,4.0,0.10702614379084965
True,True,0.5,False,3,"../TransitionSystems/MonteCarloExample_kjl/TS_[3, 3]_12_3.yaml","../OutputFiles/MonteCarloExample_kjl/Solution_(True, True, 0.5, False)_[3, 3]_12_3",3,3,"F[0, 20] T(1, green {(IR, 2), (Vis, 2)}) &&  G[20,40] F[0,10] T(1, blue, {(UV, 1), (Mo, 2)}) && F[5,25] T(2,yellow,{(UV,2),(Vis,2)}) && F[3,18] T(2,orange,{(Vis,2)}) && F[20,30] T(2,orange,{(Vis,2)})",12,38.722338914871216,7846,11528,-4.0,4.0,0.10702614379084961
False,False,0.5,False,4,"../TransitionSystems/MonteCarloExample_kjl/TS_[3, 3]_12_4.yaml","../OutputFiles/MonteCarloExample_kjl/Solution_(False, False, 0.5, False)_[3, 3]_12_4",3,3,"F[0, 20] T(1, green {(IR, 2), (Vis, 2)}) &&  G[20,40] F[0,10] T(1, blue, {(UV, 1), (Mo, 2)}) && F[5,25] T(2,yellow,{(UV,2),(Vis,2)}) && F[3,18] T(2,orange,{(Vis,2)}) && F[20,30] T(2,orange,{(Vis,2)})",12,0.5696721076965332,6877,9311,0.0,0.0,0.13153594771241828
True,False,0.5,False,4,"../TransitionSystems/MonteCarloExample_kjl/TS_[3, 3]_12_4.yaml","../OutputFiles/MonteCarloExample_kjl/Solution_(True, False, 0.5, False)_[3, 3]_12_4",3,3,"F[0, 20] T(1, green {(IR, 2), (Vis, 2)}) &&  G[20,40] F[0,10] T(1, blue, {(UV, 1), (Mo, 2)}) && F[5,25] T(2,yellow,{(UV,2),(Vis,2)}) && F[3,18] T(2,orange,{(Vis,2)}) && F[20,30] T(2,orange,{(Vis,2)})",12,1.8702971935272217,6877,9311,-1.0,1.0,0.23366013071895425
True,False,0.5,True,4,"../TransitionSystems/MonteCarloExample_kjl/TS_[3, 3]_12_4.yaml","../OutputFiles/MonteCarloExample_kjl/Solution_(True, False, 0.5, True)_[3, 3]_12_4",3,3,"F[0, 20] T(1, green {(IR, 2), (Vis, 2)}) &&  G[20,40] F[0,10] T(1, blue, {(UV, 1), (Mo, 2)}) && F[5,25] T(2,yellow,{(UV,2),(Vis,2)}) && F[3,18] T(2,orange,{(Vis,2)}) && F[20,30] T(2,orange,{(Vis,2)})",12,0.48479700088500977,6877,9311,-1.0,1.0,0.1503267973856209
False,True,0.5,False,4,"../TransitionSystems/MonteCarloExample_kjl/TS_[3, 3]_12_4.yaml","../OutputFiles/MonteCarloExample_kjl/Solution_(False, True, 0.5, False)_[3, 3]_12_4",3,3,"F[0, 20] T(1, green {(IR, 2), (Vis, 2)}) &&  G[20,40] F[0,10] T(1, blue, {(UV, 1), (Mo, 2)}) && F[5,25] T(2,yellow,{(UV,2),(Vis,2)}) && F[3,18] T(2,orange,{(Vis,2)}) && F[20,30] T(2,orange,{(Vis,2)})",12,9.402359962463379,6877,9311,0.0,0.0,0.012254901960784314
True,True,0.5,True,4,"../TransitionSystems/MonteCarloExample_kjl/TS_[3, 3]_12_4.yaml","../OutputFiles/MonteCarloExample_kjl/Solution_(True, True, 0.5, True)_[3, 3]_12_4",3,3,"F[0, 20] T(1, green {(IR, 2), (Vis, 2)}) &&  G[20,40] F[0,10] T(1, blue, {(UV, 1), (Mo, 2)}) && F[5,25] T(2,yellow,{(UV,2),(Vis,2)}) && F[3,18] T(2,orange,{(Vis,2)}) && F[20,30] T(2,orange,{(Vis,2)})",12,492.34497809410095,6877,9311,-1.0,1.0,0.026960784313725495
True,True,0.5,False,4,"../TransitionSystems/MonteCarloExample_kjl/TS_[3, 3]_12_4.yaml","../OutputFiles/MonteCarloExample_kjl/Solution_(True, True, 0.5, False)_[3, 3]_12_4",3,3,"F[0, 20] T(1, green {(IR, 2), (Vis, 2)}) &&  G[20,40] F[0,10] T(1, blue, {(UV, 1), (Mo, 2)}) && F[5,25] T(2,yellow,{(UV,2),(Vis,2)}) && F[3,18] T(2,orange,{(Vis,2)}) && F[20,30] T(2,orange,{(Vis,2)})",12,166.763906955719,6877,9311,-1.0,1.0,0.026960784313725495
False,False,0.5,False,5,"../TransitionSystems/MonteCarloExample_kjl/TS_[3, 3]_12_5.yaml","../OutputFiles/MonteCarloExample_kjl/Solution_(False, False, 0.5, False)_[3, 3]_12_5",3,3,"F[0, 20] T(1, green {(IR, 2), (Vis, 2)}) &&  G[20,40] F[0,10] T(1, blue, {(UV, 1), (Mo, 2)}) && F[5,25] T(2,yellow,{(UV,2),(Vis,2)}) && F[3,18] T(2,orange,{(Vis,2)}) && F[20,30] T(2,orange,{(Vis,2)})",12,0.7411980628967285,7846,11528,0.0,-0.0,0.10702614379084968
True,False,0.5,False,5,"../TransitionSystems/MonteCarloExample_kjl/TS_[3, 3]_12_5.yaml","../OutputFiles/MonteCarloExample_kjl/Solution_(True, False, 0.5, False)_[3, 3]_12_5",3,3,"F[0, 20] T(1, green {(IR, 2), (Vis, 2)}) &&  G[20,40] F[0,10] T(1, blue, {(UV, 1), (Mo, 2)}) && F[5,25] T(2,yellow,{(UV,2),(Vis,2)}) && F[3,18] T(2,orange,{(Vis,2)}) && F[20,30] T(2,orange,{(Vis,2)})",12,3.31498384475708,7846,11528,-1.0,1.0,0.1821895424836601
True,False,0.5,True,5,"../TransitionSystems/MonteCarloExample_kjl/TS_[3, 3]_12_5.yaml","../OutputFiles/MonteCarloExample_kjl/Solution_(True, False, 0.5, True)_[3, 3]_12_5",3,3,"F[0, 20] T(1, green {(IR, 2), (Vis, 2)}) &&  G[20,40] F[0,10] T(1, blue, {(UV, 1), (Mo, 2)}) && F[5,25] T(2,yellow,{(UV,2),(Vis,2)}) && F[3,18] T(2,orange,{(Vis,2)}) && F[20,30] T(2,orange,{(Vis,2)})",12,0.8239269256591797,7846,11528,-1.0,1.0,0.2156862745098039
False,True,0.5,False,5,"../TransitionSystems/MonteCarloExample_kjl/TS_[3, 3]_12_5.yaml","../OutputFiles/MonteCarloExample_kjl/Solution_(False, True, 0.5, False)_[3, 3]_12_5",3,3,"F[0, 20] T(1, green {(IR, 2), (Vis, 2)}) &&  G[20,40] F[0,10] T(1, blue, {(UV, 1), (Mo, 2)}) && F[5,25] T(2,yellow,{(UV,2),(Vis,2)}) && F[3,18] T(2,orange,{(Vis,2)}) && F[20,30] T(2,orange,{(Vis,2)})",12,5.585458993911743,7846,11528,0.0,-0.0,0.011437908496732027
True,True,0.5,True,5,"../TransitionSystems/MonteCarloExample_kjl/TS_[3, 3]_12_5.yaml","../OutputFiles/MonteCarloExample_kjl/Solution_(True, True, 0.5, True)_[3, 3]_12_5",3,3,"F[0, 20] T(1, green {(IR, 2), (Vis, 2)}) &&  G[20,40] F[0,10] T(1, blue, {(UV, 1), (Mo, 2)}) && F[5,25] T(2,yellow,{(UV,2),(Vis,2)}) && F[3,18] T(2,orange,{(Vis,2)}) && F[20,30] T(2,orange,{(Vis,2)})",12,20.71018409729004,7846,11528,-1.0,1.0,0.02369281045751634
True,True,0.5,False,5,"../TransitionSystems/MonteCarloExample_kjl/TS_[3, 3]_12_5.yaml","../OutputFiles/MonteCarloExample_kjl/Solution_(True, True, 0.5, False)_[3, 3]_12_5",3,3,"F[0, 20] T(1, green {(IR, 2), (Vis, 2)}) &&  G[20,40] F[0,10] T(1, blue, {(UV, 1), (Mo, 2)}) && F[5,25] T(2,yellow,{(UV,2),(Vis,2)}) && F[3,18] T(2,orange,{(Vis,2)}) && F[20,30] T(2,orange,{(Vis,2)})",12,83.22588515281677,7846,11528,-1.0,1.0,0.023692810457516342
False,False,0.5,False,8,"../TransitionSystems/MonteCarloExample_kjl/TS_[3, 3]_12_8.yaml","../OutputFiles/MonteCarloExample_kjl/Solution_(False, False, 0.5, False)_[3, 3]_12_8",3,3,"F[0, 20] T(1, green {(IR, 2), (Vis, 2)}) &&  G[20,40] F[0,10] T(1, blue, {(UV, 1), (Mo, 2)}) && F[5,25] T(2,yellow,{(UV,2),(Vis,2)}) && F[3,18] T(2,orange,{(Vis,2)}) && F[20,30] T(2,orange,{(Vis,2)})",12,0.6119329929351807,7846,11528,0.0,-0.0,0.09395424836601307
True,False,0.5,False,8,"../TransitionSystems/MonteCarloExample_kjl/TS_[3, 3]_12_8.yaml","../OutputFiles/MonteCarloExample_kjl/Solution_(True, False, 0.5, False)_[3, 3]_12_8",3,3,"F[0, 20] T(1, green {(IR, 2), (Vis, 2)}) &&  G[20,40] F[0,10] T(1, blue, {(UV, 1), (Mo, 2)}) && F[5,25] T(2,yellow,{(UV,2),(Vis,2)}) && F[3,18] T(2,orange,{(Vis,2)}) && F[20,30] T(2,orange,{(Vis,2)})",12,2.5091099739074707,7846,11528,-1.0,1.0,0.184640522875817
True,False,0.5,True,8,"../TransitionSystems/MonteCarloExample_kjl/TS_[3, 3]_12_8.yaml","../OutputFiles/MonteCarloExample_kjl/Solution_(True, False, 0.5, True)_[3, 3]_12_8",3,3,"F[0, 20] T(1, green {(IR, 2), (Vis, 2)}) &&  G[20,40] F[0,10] T(1, blue, {(UV, 1), (Mo, 2)}) && F[5,25] T(2,yellow,{(UV,2),(Vis,2)}) && F[3,18] T(2,orange,{(Vis,2)}) && F[20,30] T(2,orange,{(Vis,2)})",12,0.8179750442504883,7846,11528,-1.0,1.0,0.20996732026143788
False,True,0.5,False,8,"../TransitionSystems/MonteCarloExample_kjl/TS_[3, 3]_12_8.yaml","../OutputFiles/MonteCarloExample_kjl/Solution_(False, True, 0.5, False)_[3, 3]_12_8",3,3,"F[0, 20] T(1, green {(IR, 2), (Vis, 2)}) &&  G[20,40] F[0,10] T(1, blue, {(UV, 1), (Mo, 2)}) && F[5,25] T(2,yellow,{(UV,2),(Vis,2)}) && F[3,18] T(2,orange,{(Vis,2)}) && F[20,30] T(2,orange,{(Vis,2)})",12,13.193691968917847,7846,11528,0.0,-0.0,0.00980392156862745
True,True,0.5,True,8,"../TransitionSystems/MonteCarloExample_kjl/TS_[3, 3]_12_8.yaml","../OutputFiles/MonteCarloExample_kjl/Solution_(True, True, 0.5, True)_[3, 3]_12_8",3,3,"F[0, 20] T(1, green {(IR, 2), (Vis, 2)}) &&  G[20,40] F[0,10] T(1, blue, {(UV, 1), (Mo, 2)}) && F[5,25] T(2,yellow,{(UV,2),(Vis,2)}) && F[3,18] T(2,orange,{(Vis,2)}) && F[20,30] T(2,orange,{(Vis,2)})",12,371.82536602020264,7846,11528,-1.0,1.0,0.022875816993464047
True,True,0.5,False,8,"../TransitionSystems/MonteCarloExample_kjl/TS_[3, 3]_12_8.yaml","../OutputFiles/MonteCarloExample_kjl/Solution_(True, True, 0.5, False)_[3, 3]_12_8",3,3,"F[0, 20] T(1, green {(IR, 2), (Vis, 2)}) &&  G[20,40] F[0,10] T(1, blue, {(UV, 1), (Mo, 2)}) && F[5,25] T(2,yellow,{(UV,2),(Vis,2)}) && F[3,18] T(2,orange,{(Vis,2)}) && F[20,30] T(2,orange,{(Vis,2)})",12,418.2659730911255,7846,11528,-1.0,1.0,0.022875816993464054
False,False,0.5,False,12,"../TransitionSystems/MonteCarloExample_kjl/TS_[3, 3]_12_12.yaml","../OutputFiles/MonteCarloExample_kjl/Solution_(False, False, 0.5, False)_[3, 3]_12_12",3,3,"F[0, 20] T(1, green {(IR, 2), (Vis, 2)}) &&  G[20,40] F[0,10] T(1, blue, {(UV, 1), (Mo, 2)}) && F[5,25] T(2,yellow,{(UV,2),(Vis,2)}) && F[3,18] T(2,orange,{(Vis,2)}) && F[20,30] T(2,orange,{(Vis,2)})",12,0.859576940536499,8038,11592,0.0,-0.0,0.10947712418300654
True,False,0.5,False,12,"../TransitionSystems/MonteCarloExample_kjl/TS_[3, 3]_12_12.yaml","../OutputFiles/MonteCarloExample_kjl/Solution_(True, False, 0.5, False)_[3, 3]_12_12",3,3,"F[0, 20] T(1, green {(IR, 2), (Vis, 2)}) &&  G[20,40] F[0,10] T(1, blue, {(UV, 1), (Mo, 2)}) && F[5,25] T(2,yellow,{(UV,2),(Vis,2)}) && F[3,18] T(2,orange,{(Vis,2)}) && F[20,30] T(2,orange,{(Vis,2)})",12,4.755743980407715,8038,11592,-1.0,1.0,0.19444444444444445
True,False,0.5,True,12,"../TransitionSystems/MonteCarloExample_kjl/TS_[3, 3]_12_12.yaml","../OutputFiles/MonteCarloExample_kjl/Solution_(True, False, 0.5, True)_[3, 3]_12_12",3,3,"F[0, 20] T(1, green {(IR, 2), (Vis, 2)}) &&  G[20,40] F[0,10] T(1, blue, {(UV, 1), (Mo, 2)}) && F[5,25] T(2,yellow,{(UV,2),(Vis,2)}) && F[3,18] T(2,orange,{(Vis,2)}) && F[20,30] T(2,orange,{(Vis,2)})",12,1.2976579666137695,8038,11592,-1.0,1.0,0.1797385620915033
False,True,0.5,False,12,"../TransitionSystems/MonteCarloExample_kjl/TS_[3, 3]_12_12.yaml","../OutputFiles/MonteCarloExample_kjl/Solution_(False, True, 0.5, False)_[3, 3]_12_12",3,3,"F[0, 20] T(1, green {(IR, 2), (Vis, 2)}) &&  G[20,40] F[0,10] T(1, blue, {(UV, 1), (Mo, 2)}) && F[5,25] T(2,yellow,{(UV,2),(Vis,2)}) && F[3,18] T(2,orange,{(Vis,2)}) && F[20,30] T(2,orange,{(Vis,2)})",12,431.45051312446594,8038,11592,0.0,0.0,0.014705882352941178
True,True,0.5,True,12,"../TransitionSystems/MonteCarloExample_kjl/TS_[3, 3]_12_12.yaml","../OutputFiles/MonteCarloExample_kjl/Solution_(True, True, 0.5, True)_[3, 3]_12_12",3,3,"F[0, 20] T(1, green {(IR, 2), (Vis, 2)}) &&  G[20,40] F[0,10] T(1, blue, {(UV, 1), (Mo, 2)}) && F[5,25] T(2,yellow,{(UV,2),(Vis,2)}) && F[3,18] T(2,orange,{(Vis,2)}) && F[20,30] T(2,orange,{(Vis,2)})",12,601.3257420063019,8038,11592,-1.0,1.0,0.032679738562091505
True,True,0.5,False,12,"../TransitionSystems/MonteCarloExample_kjl/TS_[3, 3]_12_12.yaml","../OutputFiles/MonteCarloExample_kjl/Solution_(True, True, 0.5, False)_[3, 3]_12_12",3,3,"F[0, 20] T(1, green {(IR, 2), (Vis, 2)}) &&  G[20,40] F[0,10] T(1, blue, {(UV, 1), (Mo, 2)}) && F[5,25] T(2,yellow,{(UV,2),(Vis,2)}) && F[3,18] T(2,orange,{(Vis,2)}) && F[20,30] T(2,orange,{(Vis,2)})",12,181.897527217865,8038,11592,-1.0,1.0,0.032679738562091505
False,False,0.5,False,13,"../TransitionSystems/MonteCarloExample_kjl/TS_[3, 3]_12_13.yaml","../OutputFiles/MonteCarloExample_kjl/Solution_(False, False, 0.5, False)_[3, 3]_12_13",3,3,"F[0, 20] T(1, green {(IR, 2), (Vis, 2)}) &&  G[20,40] F[0,10] T(1, blue, {(UV, 1), (Mo, 2)}) && F[5,25] T(2,yellow,{(UV,2),(Vis,2)}) && F[3,18] T(2,orange,{(Vis,2)}) && F[20,30] T(2,orange,{(Vis,2)})",12,0.7665050029754639,7846,11528,0.0,-0.0,0.08986928104575162
True,False,0.5,False,13,"../TransitionSystems/MonteCarloExample_kjl/TS_[3, 3]_12_13.yaml","../OutputFiles/MonteCarloExample_kjl/Solution_(True, False, 0.5, False)_[3, 3]_12_13",3,3,"F[0, 20] T(1, green {(IR, 2), (Vis, 2)}) &&  G[20,40] F[0,10] T(1, blue, {(UV, 1), (Mo, 2)}) && F[5,25] T(2,yellow,{(UV,2),(Vis,2)}) && F[3,18] T(2,orange,{(Vis,2)}) && F[20,30] T(2,orange,{(Vis,2)})",12,2.691409111022949,7846,11528,-1.0,1.0,0.24509803921568626
True,False,0.5,True,13,"../TransitionSystems/MonteCarloExample_kjl/TS_[3, 3]_12_13.yaml","../OutputFiles/MonteCarloExample_kjl/Solution_(True, False, 0.5, True)_[3, 3]_12_13",3,3,"F[0, 20] T(1, green {(IR, 2), (Vis, 2)}) &&  G[20,40] F[0,10] T(1, blue, {(UV, 1), (Mo, 2)}) && F[5,25] T(2,yellow,{(UV,2),(Vis,2)}) && F[3,18] T(2,orange,{(Vis,2)}) && F[20,30] T(2,orange,{(Vis,2)})",12,0.7814610004425049,7846,11528,-1.0,1.0,0.1830065359477124
False,True,0.5,False,13,"../TransitionSystems/MonteCarloExample_kjl/TS_[3, 3]_12_13.yaml","../OutputFiles/MonteCarloExample_kjl/Solution_(False, True, 0.5, False)_[3, 3]_12_13",3,3,"F[0, 20] T(1, green {(IR, 2), (Vis, 2)}) &&  G[20,40] F[0,10] T(1, blue, {(UV, 1), (Mo, 2)}) && F[5,25] T(2,yellow,{(UV,2),(Vis,2)}) && F[3,18] T(2,orange,{(Vis,2)}) && F[20,30] T(2,orange,{(Vis,2)})",12,602.3535761833191,7846,11528,0.0,0.0,0.01388888888888889
True,True,0.5,True,13,"../TransitionSystems/MonteCarloExample_kjl/TS_[3, 3]_12_13.yaml","../OutputFiles/MonteCarloExample_kjl/Solution_(True, True, 0.5, True)_[3, 3]_12_13",3,3,"F[0, 20] T(1, green {(IR, 2), (Vis, 2)}) &&  G[20,40] F[0,10] T(1, blue, {(UV, 1), (Mo, 2)}) && F[5,25] T(2,yellow,{(UV,2),(Vis,2)}) && F[3,18] T(2,orange,{(Vis,2)}) && F[20,30] T(2,orange,{(Vis,2)})",12,277.1600408554077,7846,11528,-1.0,1.0,0.033496732026143804
True,True,0.5,False,13,"../TransitionSystems/MonteCarloExample_kjl/TS_[3, 3]_12_13.yaml","../OutputFiles/MonteCarloExample_kjl/Solution_(True, True, 0.5, False)_[3, 3]_12_13",3,3,"F[0, 20] T(1, green {(IR, 2), (Vis, 2)}) &&  G[20,40] F[0,10] T(1, blue, {(UV, 1), (Mo, 2)}) && F[5,25] T(2,yellow,{(UV,2),(Vis,2)}) && F[3,18] T(2,orange,{(Vis,2)}) && F[20,30] T(2,orange,{(Vis,2)})",12,110.49877095222473,7846,11528,-1.0,1.0,0.0334967320261438
False,False,0.5,False,18,"../TransitionSystems/MonteCarloExample_kjl/TS_[3, 3]_12_18.yaml","../OutputFiles/MonteCarloExample_kjl/Solution_(False, False, 0.5, False)_[3, 3]_12_18",3,3,"F[0, 20] T(1, green {(IR, 2), (Vis, 2)}) &&  G[20,40] F[0,10] T(1, blue, {(UV, 1), (Mo, 2)}) && F[5,25] T(2,yellow,{(UV,2),(Vis,2)}) && F[3,18] T(2,orange,{(Vis,2)}) && F[20,30] T(2,orange,{(Vis,2)})",12,0.9772369861602783,8038,11592,0.0,0.0,0.18709150326797386
True,False,0.5,False,18,"../TransitionSystems/MonteCarloExample_kjl/TS_[3, 3]_12_18.yaml","../OutputFiles/MonteCarloExample_kjl/Solution_(True, False, 0.5, False)_[3, 3]_12_18",3,3,"F[0, 20] T(1, green {(IR, 2), (Vis, 2)}) &&  G[20,40] F[0,10] T(1, blue, {(UV, 1), (Mo, 2)}) && F[5,25] T(2,yellow,{(UV,2),(Vis,2)}) && F[3,18] T(2,orange,{(Vis,2)}) && F[20,30] T(2,orange,{(Vis,2)})",12,4.330267906188965,8038,11592,-1.0,1.0,0.20179738562091504
True,False,0.5,True,18,"../TransitionSystems/MonteCarloExample_kjl/TS_[3, 3]_12_18.yaml","../OutputFiles/MonteCarloExample_kjl/Solution_(True, False, 0.5, True)_[3, 3]_12_18",3,3,"F[0, 20] T(1, green {(IR, 2), (Vis, 2)}) &&  G[20,40] F[0,10] T(1, blue, {(UV, 1), (Mo, 2)}) && F[5,25] T(2,yellow,{(UV,2),(Vis,2)}) && F[3,18] T(2,orange,{(Vis,2)}) && F[20,30] T(2,orange,{(Vis,2)})",12,1.234739065170288,8038,11592,-1.0,1.0,0.26960784313725494
False,True,0.5,False,18,"../TransitionSystems/MonteCarloExample_kjl/TS_[3, 3]_12_18.yaml","../OutputFiles/MonteCarloExample_kjl/Solution_(False, True, 0.5, False)_[3, 3]_12_18",3,3,"F[0, 20] T(1, green {(IR, 2), (Vis, 2)}) &&  G[20,40] F[0,10] T(1, blue, {(UV, 1), (Mo, 2)}) && F[5,25] T(2,yellow,{(UV,2),(Vis,2)}) && F[3,18] T(2,orange,{(Vis,2)}) && F[20,30] T(2,orange,{(Vis,2)})",12,603.391597032547,8038,11592,0.0,0.0,0.013071895424836602
True,True,0.5,True,18,"../TransitionSystems/MonteCarloExample_kjl/TS_[3, 3]_12_18.yaml","../OutputFiles/MonteCarloExample_kjl/Solution_(True, True, 0.5, True)_[3, 3]_12_18",3,3,"F[0, 20] T(1, green {(IR, 2), (Vis, 2)}) &&  G[20,40] F[0,10] T(1, blue, {(UV, 1), (Mo, 2)}) && F[5,25] T(2,yellow,{(UV,2),(Vis,2)}) && F[3,18] T(2,orange,{(Vis,2)}) && F[20,30] T(2,orange,{(Vis,2)})",12,600.7744340896606,8038,11592,-1.0,1.0,0.03431372549019608
True,True,0.5,False,18,"../TransitionSystems/MonteCarloExample_kjl/TS_[3, 3]_12_18.yaml","../OutputFiles/MonteCarloExample_kjl/Solution_(True, True, 0.5, False)_[3, 3]_12_18",3,3,"F[0, 20] T(1, green {(IR, 2), (Vis, 2)}) &&  G[20,40] F[0,10] T(1, blue, {(UV, 1), (Mo, 2)}) && F[5,25] T(2,yellow,{(UV,2),(Vis,2)}) && F[3,18] T(2,orange,{(Vis,2)}) && F[20,30] T(2,orange,{(Vis,2)})",12,119.2392361164093,8038,11592,-1.0,1.0,0.03431372549019608
False,False,0.5,False,19,"../TransitionSystems/MonteCarloExample_kjl/TS_[3, 3]_12_19.yaml","../OutputFiles/MonteCarloExample_kjl/Solution_(False, False, 0.5, False)_[3, 3]_12_19",3,3,"F[0, 20] T(1, green {(IR, 2), (Vis, 2)}) &&  G[20,40] F[0,10] T(1, blue, {(UV, 1), (Mo, 2)}) && F[5,25] T(2,yellow,{(UV,2),(Vis,2)}) && F[3,18] T(2,orange,{(Vis,2)}) && F[20,30] T(2,orange,{(Vis,2)})",12,1.191857099533081,8074,11604,0.0,-0.0,0.10947712418300655
True,False,0.5,False,19,"../TransitionSystems/MonteCarloExample_kjl/TS_[3, 3]_12_19.yaml","../OutputFiles/MonteCarloExample_kjl/Solution_(True, False, 0.5, False)_[3, 3]_12_19",3,3,"F[0, 20] T(1, green {(IR, 2), (Vis, 2)}) &&  G[20,40] F[0,10] T(1, blue, {(UV, 1), (Mo, 2)}) && F[5,25] T(2,yellow,{(UV,2),(Vis,2)}) && F[3,18] T(2,orange,{(Vis,2)}) && F[20,30] T(2,orange,{(Vis,2)})",12,7.532309055328369,8074,11604,-1.0,1.0,0.20098039215686275
True,False,0.5,True,19,"../TransitionSystems/MonteCarloExample_kjl/TS_[3, 3]_12_19.yaml","../OutputFiles/MonteCarloExample_kjl/Solution_(True, False, 0.5, True)_[3, 3]_12_19",3,3,"F[0, 20] T(1, green {(IR, 2), (Vis, 2)}) &&  G[20,40] F[0,10] T(1, blue, {(UV, 1), (Mo, 2)}) && F[5,25] T(2,yellow,{(UV,2),(Vis,2)}) && F[3,18] T(2,orange,{(Vis,2)}) && F[20,30] T(2,orange,{(Vis,2)})",12,1.5572340488433838,8074,11604,-1.0,1.0,0.2107843137254902
False,True,0.5,False,19,"../TransitionSystems/MonteCarloExample_kjl/TS_[3, 3]_12_19.yaml","../OutputFiles/MonteCarloExample_kjl/Solution_(False, True, 0.5, False)_[3, 3]_12_19",3,3,"F[0, 20] T(1, green {(IR, 2), (Vis, 2)}) &&  G[20,40] F[0,10] T(1, blue, {(UV, 1), (Mo, 2)}) && F[5,25] T(2,yellow,{(UV,2),(Vis,2)}) && F[3,18] T(2,orange,{(Vis,2)}) && F[20,30] T(2,orange,{(Vis,2)})",12,601.7680559158325,8074,11604,0.0,0.0,0.013888888888888888
True,True,0.5,True,19,"../TransitionSystems/MonteCarloExample_kjl/TS_[3, 3]_12_19.yaml","../OutputFiles/MonteCarloExample_kjl/Solution_(True, True, 0.5, True)_[3, 3]_12_19",3,3,"F[0, 20] T(1, green {(IR, 2), (Vis, 2)}) &&  G[20,40] F[0,10] T(1, blue, {(UV, 1), (Mo, 2)}) && F[5,25] T(2,yellow,{(UV,2),(Vis,2)}) && F[3,18] T(2,orange,{(Vis,2)}) && F[20,30] T(2,orange,{(Vis,2)})",12,600.6476459503174,8074,11604,-1.0,1.0,0.03594771241830065
True,True,0.5,False,19,"../TransitionSystems/MonteCarloExample_kjl/TS_[3, 3]_12_19.yaml","../OutputFiles/MonteCarloExample_kjl/Solution_(True, True, 0.5, False)_[3, 3]_12_19",3,3,"F[0, 20] T(1, green {(IR, 2), (Vis, 2)}) &&  G[20,40] F[0,10] T(1, blue, {(UV, 1), (Mo, 2)}) && F[5,25] T(2,yellow,{(UV,2),(Vis,2)}) && F[3,18] T(2,orange,{(Vis,2)}) && F[20,30] T(2,orange,{(Vis,2)})",12,148.61961603164673,8074,11604,-1.0,1.0,0.03594771241830066
False,False,0.5,False,20,"../TransitionSystems/MonteCarloExample_kjl/TS_[3, 3]_12_20.yaml","../OutputFiles/MonteCarloExample_kjl/Solution_(False, False, 0.5, False)_[3, 3]_12_20",3,3,"F[0, 20] T(1, green {(IR, 2), (Vis, 2)}) &&  G[20,40] F[0,10] T(1, blue, {(UV, 1), (Mo, 2)}) && F[5,25] T(2,yellow,{(UV,2),(Vis,2)}) && F[3,18] T(2,orange,{(Vis,2)}) && F[20,30] T(2,orange,{(Vis,2)})",12,0.7689130306243896,6877,9311,0.0,-0.0,0.16666666666666666
True,False,0.5,False,20,"../TransitionSystems/MonteCarloExample_kjl/TS_[3, 3]_12_20.yaml","../OutputFiles/MonteCarloExample_kjl/Solution_(True, False, 0.5, False)_[3, 3]_12_20",3,3,"F[0, 20] T(1, green {(IR, 2), (Vis, 2)}) &&  G[20,40] F[0,10] T(1, blue, {(UV, 1), (Mo, 2)}) && F[5,25] T(2,yellow,{(UV,2),(Vis,2)}) && F[3,18] T(2,orange,{(Vis,2)}) && F[20,30] T(2,orange,{(Vis,2)})",12,2.7500040531158447,6877,9311,-1.0,1.0,0.15931372549019607
True,False,0.5,True,20,"../TransitionSystems/MonteCarloExample_kjl/TS_[3, 3]_12_20.yaml","../OutputFiles/MonteCarloExample_kjl/Solution_(True, False, 0.5, True)_[3, 3]_12_20",3,3,"F[0, 20] T(1, green {(IR, 2), (Vis, 2)}) &&  G[20,40] F[0,10] T(1, blue, {(UV, 1), (Mo, 2)}) && F[5,25] T(2,yellow,{(UV,2),(Vis,2)}) && F[3,18] T(2,orange,{(Vis,2)}) && F[20,30] T(2,orange,{(Vis,2)})",12,0.6558568477630615,6877,9311,-1.0,1.0,0.2058823529411765
False,True,0.5,False,20,"../TransitionSystems/MonteCarloExample_kjl/TS_[3, 3]_12_20.yaml","../OutputFiles/MonteCarloExample_kjl/Solution_(False, True, 0.5, False)_[3, 3]_12_20",3,3,"F[0, 20] T(1, green {(IR, 2), (Vis, 2)}) &&  G[20,40] F[0,10] T(1, blue, {(UV, 1), (Mo, 2)}) && F[5,25] T(2,yellow,{(UV,2),(Vis,2)}) && F[3,18] T(2,orange,{(Vis,2)}) && F[20,30] T(2,orange,{(Vis,2)})",12,12.875060796737671,6877,9311,0.0,0.0,0.01388888888888889
True,True,0.5,True,20,"../TransitionSystems/MonteCarloExample_kjl/TS_[3, 3]_12_20.yaml","../OutputFiles/MonteCarloExample_kjl/Solution_(True, True, 0.5, True)_[3, 3]_12_20",3,3,"F[0, 20] T(1, green {(IR, 2), (Vis, 2)}) &&  G[20,40] F[0,10] T(1, blue, {(UV, 1), (Mo, 2)}) && F[5,25] T(2,yellow,{(UV,2),(Vis,2)}) && F[3,18] T(2,orange,{(Vis,2)}) && F[20,30] T(2,orange,{(Vis,2)})",12,126.58604502677917,6877,9311,-1.0,1.0,0.03758169934640522
True,True,0.5,False,20,"../TransitionSystems/MonteCarloExample_kjl/TS_[3, 3]_12_20.yaml","../OutputFiles/MonteCarloExample_kjl/Solution_(True, True, 0.5, False)_[3, 3]_12_20",3,3,"F[0, 20] T(1, green {(IR, 2), (Vis, 2)}) &&  G[20,40] F[0,10] T(1, blue, {(UV, 1), (Mo, 2)}) && F[5,25] T(2,yellow,{(UV,2),(Vis,2)}) && F[3,18] T(2,orange,{(Vis,2)}) && F[20,30] T(2,orange,{(Vis,2)})",12,266.7793049812317,6877,9311,-1.0,1.0,0.03758169934640522
False,False,0.5,False,22,"../TransitionSystems/MonteCarloExample_kjl/TS_[3, 3]_12_22.yaml","../OutputFiles/MonteCarloExample_kjl/Solution_(False, False, 0.5, False)_[3, 3]_12_22",3,3,"F[0, 20] T(1, green {(IR, 2), (Vis, 2)}) &&  G[20,40] F[0,10] T(1, blue, {(UV, 1), (Mo, 2)}) && F[5,25] T(2,yellow,{(UV,2),(Vis,2)}) && F[3,18] T(2,orange,{(Vis,2)}) && F[20,30] T(2,orange,{(Vis,2)})",12,0.5283188819885254,6877,9311,0.0,0.0,0.14297385620915032
True,False,0.5,False,22,"../TransitionSystems/MonteCarloExample_kjl/TS_[3, 3]_12_22.yaml","../OutputFiles/MonteCarloExample_kjl/Solution_(True, False, 0.5, False)_[3, 3]_12_22",3,3,"F[0, 20] T(1, green {(IR, 2), (Vis, 2)}) &&  G[20,40] F[0,10] T(1, blue, {(UV, 1), (Mo, 2)}) && F[5,25] T(2,yellow,{(UV,2),(Vis,2)}) && F[3,18] T(2,orange,{(Vis,2)}) && F[20,30] T(2,orange,{(Vis,2)})",12,0.85066819190979,6877,9311,-1.0,1.0,0.21323529411764708
True,False,0.5,True,22,"../TransitionSystems/MonteCarloExample_kjl/TS_[3, 3]_12_22.yaml","../OutputFiles/MonteCarloExample_kjl/Solution_(True, False, 0.5, True)_[3, 3]_12_22",3,3,"F[0, 20] T(1, green {(IR, 2), (Vis, 2)}) &&  G[20,40] F[0,10] T(1, blue, {(UV, 1), (Mo, 2)}) && F[5,25] T(2,yellow,{(UV,2),(Vis,2)}) && F[3,18] T(2,orange,{(Vis,2)}) && F[20,30] T(2,orange,{(Vis,2)})",12,0.5514729022979736,6877,9311,-1.0,1.0,0.1339869281045752
False,True,0.5,False,22,"../TransitionSystems/MonteCarloExample_kjl/TS_[3, 3]_12_22.yaml","../OutputFiles/MonteCarloExample_kjl/Solution_(False, True, 0.5, False)_[3, 3]_12_22",3,3,"F[0, 20] T(1, green {(IR, 2), (Vis, 2)}) &&  G[20,40] F[0,10] T(1, blue, {(UV, 1), (Mo, 2)}) && F[5,25] T(2,yellow,{(UV,2),(Vis,2)}) && F[3,18] T(2,orange,{(Vis,2)}) && F[20,30] T(2,orange,{(Vis,2)})",12,4.032526016235352,6877,9311,0.0,-0.0,0.0130718954248366
True,True,0.5,True,22,"../TransitionSystems/MonteCarloExample_kjl/TS_[3, 3]_12_22.yaml","../OutputFiles/MonteCarloExample_kjl/Solution_(True, True, 0.5, True)_[3, 3]_12_22",3,3,"F[0, 20] T(1, green {(IR, 2), (Vis, 2)}) &&  G[20,40] F[0,10] T(1, blue, {(UV, 1), (Mo, 2)}) && F[5,25] T(2,yellow,{(UV,2),(Vis,2)}) && F[3,18] T(2,orange,{(Vis,2)}) && F[20,30] T(2,orange,{(Vis,2)})",12,9.307644128799438,6877,9311,-1.0,1.0,0.022875815907407407
True,True,0.5,False,22,"../TransitionSystems/MonteCarloExample_kjl/TS_[3, 3]_12_22.yaml","../OutputFiles/MonteCarloExample_kjl/Solution_(True, True, 0.5, False)_[3, 3]_12_22",3,3,"F[0, 20] T(1, green {(IR, 2), (Vis, 2)}) &&  G[20,40] F[0,10] T(1, blue, {(UV, 1), (Mo, 2)}) && F[5,25] T(2,yellow,{(UV,2),(Vis,2)}) && F[3,18] T(2,orange,{(Vis,2)}) && F[20,30] T(2,orange,{(Vis,2)})",12,106.98171496391296,6877,9311,-1.0,1.0,0.02287581699346405
False,False,0.5,False,23,"../TransitionSystems/MonteCarloExample_kjl/TS_[3, 3]_12_23.yaml","../OutputFiles/MonteCarloExample_kjl/Solution_(False, False, 0.5, False)_[3, 3]_12_23",3,3,"F[0, 20] T(1, green {(IR, 2), (Vis, 2)}) &&  G[20,40] F[0,10] T(1, blue, {(UV, 1), (Mo, 2)}) && F[5,25] T(2,yellow,{(UV,2),(Vis,2)}) && F[3,18] T(2,orange,{(Vis,2)}) && F[20,30] T(2,orange,{(Vis,2)})",12,0.6081318855285645,6877,9311,0.0,0.0,0.1781045751633987
True,False,0.5,False,23,"../TransitionSystems/MonteCarloExample_kjl/TS_[3, 3]_12_23.yaml","../OutputFiles/MonteCarloExample_kjl/Solution_(True, False, 0.5, False)_[3, 3]_12_23",3,3,"F[0, 20] T(1, green {(IR, 2), (Vis, 2)}) &&  G[20,40] F[0,10] T(1, blue, {(UV, 1), (Mo, 2)}) && F[5,25] T(2,yellow,{(UV,2),(Vis,2)}) && F[3,18] T(2,orange,{(Vis,2)}) && F[20,30] T(2,orange,{(Vis,2)})",12,0.928696870803833,6877,9311,-1.0,1.0,0.18627450980392157
True,False,0.5,True,23,"../TransitionSystems/MonteCarloExample_kjl/TS_[3, 3]_12_23.yaml","../OutputFiles/MonteCarloExample_kjl/Solution_(True, False, 0.5, True)_[3, 3]_12_23",3,3,"F[0, 20] T(1, green {(IR, 2), (Vis, 2)}) &&  G[20,40] F[0,10] T(1, blue, {(UV, 1), (Mo, 2)}) && F[5,25] T(2,yellow,{(UV,2),(Vis,2)}) && F[3,18] T(2,orange,{(Vis,2)}) && F[20,30] T(2,orange,{(Vis,2)})",12,0.47365713119506836,6877,9311,-1.0,1.0,0.1568627450980392
False,True,0.5,False,23,"../TransitionSystems/MonteCarloExample_kjl/TS_[3, 3]_12_23.yaml","../OutputFiles/MonteCarloExample_kjl/Solution_(False, True, 0.5, False)_[3, 3]_12_23",3,3,"F[0, 20] T(1, green {(IR, 2), (Vis, 2)}) &&  G[20,40] F[0,10] T(1, blue, {(UV, 1), (Mo, 2)}) && F[5,25] T(2,yellow,{(UV,2),(Vis,2)}) && F[3,18] T(2,orange,{(Vis,2)}) && F[20,30] T(2,orange,{(Vis,2)})",12,165.33955693244934,6877,9311,0.0,0.0,0.016339869281045753
True,True,0.5,True,23,"../TransitionSystems/MonteCarloExample_kjl/TS_[3, 3]_12_23.yaml","../OutputFiles/MonteCarloExample_kjl/Solution_(True, True, 0.5, True)_[3, 3]_12_23",3,3,"F[0, 20] T(1, green {(IR, 2), (Vis, 2)}) &&  G[20,40] F[0,10] T(1, blue, {(UV, 1), (Mo, 2)}) && F[5,25] T(2,yellow,{(UV,2),(Vis,2)}) && F[3,18] T(2,orange,{(Vis,2)}) && F[20,30] T(2,orange,{(Vis,2)})",12,11.906553030014038,6877,9311,-1.0,1.0,0.03022875816993464
True,True,0.5,False,23,"../TransitionSystems/MonteCarloExample_kjl/TS_[3, 3]_12_23.yaml","../OutputFiles/MonteCarloExample_kjl/Solution_(True, True, 0.5, False)_[3, 3]_12_23",3,3,"F[0, 20] T(1, green {(IR, 2), (Vis, 2)}) &&  G[20,40] F[0,10] T(1, blue, {(UV, 1), (Mo, 2)}) && F[5,25] T(2,yellow,{(UV,2),(Vis,2)}) && F[3,18] T(2,orange,{(Vis,2)}) && F[20,30] T(2,orange,{(Vis,2)})",12,10.648145914077759,6877,9311,-1.0,1.0,0.030228758169934637
False,False,0.5,False,24,"../TransitionSystems/MonteCarloExample_kjl/TS_[3, 3]_12_24.yaml","../OutputFiles/MonteCarloExample_kjl/Solution_(False, False, 0.5, False)_[3, 3]_12_24",3,3,"F[0, 20] T(1, green {(IR, 2), (Vis, 2)}) &&  G[20,40] F[0,10] T(1, blue, {(UV, 1), (Mo, 2)}) && F[5,25] T(2,yellow,{(UV,2),(Vis,2)}) && F[3,18] T(2,orange,{(Vis,2)}) && F[20,30] T(2,orange,{(Vis,2)})",12,0.37984395027160645,6877,9311,0.0,-0.0,0.053104575163398685
True,False,0.5,False,24,"../TransitionSystems/MonteCarloExample_kjl/TS_[3, 3]_12_24.yaml","../OutputFiles/MonteCarloExample_kjl/Solution_(True, False, 0.5, False)_[3, 3]_12_24",3,3,"F[0, 20] T(1, green {(IR, 2), (Vis, 2)}) &&  G[20,40] F[0,10] T(1, blue, {(UV, 1), (Mo, 2)}) && F[5,25] T(2,yellow,{(UV,2),(Vis,2)}) && F[3,18] T(2,orange,{(Vis,2)}) && F[20,30] T(2,orange,{(Vis,2)})",12,1.5108680725097656,6877,9311,-1.0,1.0,0.22957516339869283
True,False,0.5,True,24,"../TransitionSystems/MonteCarloExample_kjl/TS_[3, 3]_12_24.yaml","../OutputFiles/MonteCarloExample_kjl/Solution_(True, False, 0.5, True)_[3, 3]_12_24",3,3,"F[0, 20] T(1, green {(IR, 2), (Vis, 2)}) &&  G[20,40] F[0,10] T(1, blue, {(UV, 1), (Mo, 2)}) && F[5,25] T(2,yellow,{(UV,2),(Vis,2)}) && F[3,18] T(2,orange,{(Vis,2)}) && F[20,30] T(2,orange,{(Vis,2)})",12,0.4234809875488281,6877,9311,-1.0,1.0,0.10375816993464053
False,True,0.5,False,24,"../TransitionSystems/MonteCarloExample_kjl/TS_[3, 3]_12_24.yaml","../OutputFiles/MonteCarloExample_kjl/Solution_(False, True, 0.5, False)_[3, 3]_12_24",3,3,"F[0, 20] T(1, green {(IR, 2), (Vis, 2)}) &&  G[20,40] F[0,10] T(1, blue, {(UV, 1), (Mo, 2)}) && F[5,25] T(2,yellow,{(UV,2),(Vis,2)}) && F[3,18] T(2,orange,{(Vis,2)}) && F[20,30] T(2,orange,{(Vis,2)})",12,19.230371952056885,6877,9311,0.0,0.0,0.017156862745098037
True,True,0.5,True,24,"../TransitionSystems/MonteCarloExample_kjl/TS_[3, 3]_12_24.yaml","../OutputFiles/MonteCarloExample_kjl/Solution_(True, True, 0.5, True)_[3, 3]_12_24",3,3,"F[0, 20] T(1, green {(IR, 2), (Vis, 2)}) &&  G[20,40] F[0,10] T(1, blue, {(UV, 1), (Mo, 2)}) && F[5,25] T(2,yellow,{(UV,2),(Vis,2)}) && F[3,18] T(2,orange,{(Vis,2)}) && F[20,30] T(2,orange,{(Vis,2)})",12,10.05404281616211,6877,9311,-1.0,1.0,0.031862745098039214
True,True,0.5,False,24,"../TransitionSystems/MonteCarloExample_kjl/TS_[3, 3]_12_24.yaml","../OutputFiles/MonteCarloExample_kjl/Solution_(True, True, 0.5, False)_[3, 3]_12_24",3,3,"F[0, 20] T(1, green {(IR, 2), (Vis, 2)}) &&  G[20,40] F[0,10] T(1, blue, {(UV, 1), (Mo, 2)}) && F[5,25] T(2,yellow,{(UV,2),(Vis,2)}) && F[3,18] T(2,orange,{(Vis,2)}) && F[20,30] T(2,orange,{(Vis,2)})",12,26.73003888130188,6877,9311,-1.0,1.0,0.031862745098039214
False,False,0.5,False,26,"../TransitionSystems/MonteCarloExample_kjl/TS_[3, 3]_12_26.yaml","../OutputFiles/MonteCarloExample_kjl/Solution_(False, False, 0.5, False)_[3, 3]_12_26",3,3,"F[0, 20] T(1, green {(IR, 2), (Vis, 2)}) &&  G[20,40] F[0,10] T(1, blue, {(UV, 1), (Mo, 2)}) && F[5,25] T(2,yellow,{(UV,2),(Vis,2)}) && F[3,18] T(2,orange,{(Vis,2)}) && F[20,30] T(2,orange,{(Vis,2)})",12,0.7849810123443604,7846,11528,0.0,-0.0,0.12336601307189543
True,False,0.5,False,26,"../TransitionSystems/MonteCarloExample_kjl/TS_[3, 3]_12_26.yaml","../OutputFiles/MonteCarloExample_kjl/Solution_(True, False, 0.5, False)_[3, 3]_12_26",3,3,"F[0, 20] T(1, green {(IR, 2), (Vis, 2)}) &&  G[20,40] F[0,10] T(1, blue, {(UV, 1), (Mo, 2)}) && F[5,25] T(2,yellow,{(UV,2),(Vis,2)}) && F[3,18] T(2,orange,{(Vis,2)}) && F[20,30] T(2,orange,{(Vis,2)})",12,2.4273409843444824,7846,11528,-1.0,1.0,0.08006535947712418
True,False,0.5,True,26,"../TransitionSystems/MonteCarloExample_kjl/TS_[3, 3]_12_26.yaml","../OutputFiles/MonteCarloExample_kjl/Solution_(True, False, 0.5, True)_[3, 3]_12_26",3,3,"F[0, 20] T(1, green {(IR, 2), (Vis, 2)}) &&  G[20,40] F[0,10] T(1, blue, {(UV, 1), (Mo, 2)}) && F[5,25] T(2,yellow,{(UV,2),(Vis,2)}) && F[3,18] T(2,orange,{(Vis,2)}) && F[20,30] T(2,orange,{(Vis,2)})",12,0.6484699249267578,7846,11528,-1.0,1.0,0.184640522875817
False,True,0.5,False,26,"../TransitionSystems/MonteCarloExample_kjl/TS_[3, 3]_12_26.yaml","../OutputFiles/MonteCarloExample_kjl/Solution_(False, True, 0.5, False)_[3, 3]_12_26",3,3,"F[0, 20] T(1, green {(IR, 2), (Vis, 2)}) &&  G[20,40] F[0,10] T(1, blue, {(UV, 1), (Mo, 2)}) && F[5,25] T(2,yellow,{(UV,2),(Vis,2)}) && F[3,18] T(2,orange,{(Vis,2)}) && F[20,30] T(2,orange,{(Vis,2)})",12,29.364428997039795,7846,11528,0.0,0.0,0.011437908496732029
True,True,0.5,True,26,"../TransitionSystems/MonteCarloExample_kjl/TS_[3, 3]_12_26.yaml","../OutputFiles/MonteCarloExample_kjl/Solution_(True, True, 0.5, True)_[3, 3]_12_26",3,3,"F[0, 20] T(1, green {(IR, 2), (Vis, 2)}) &&  G[20,40] F[0,10] T(1, blue, {(UV, 1), (Mo, 2)}) && F[5,25] T(2,yellow,{(UV,2),(Vis,2)}) && F[3,18] T(2,orange,{(Vis,2)}) && F[20,30] T(2,orange,{(Vis,2)})",12,11.807780981063843,7846,11528,-1.0,1.0,0.022875816993464054
True,True,0.5,False,26,"../TransitionSystems/MonteCarloExample_kjl/TS_[3, 3]_12_26.yaml","../OutputFiles/MonteCarloExample_kjl/Solution_(True, True, 0.5, False)_[3, 3]_12_26",3,3,"F[0, 20] T(1, green {(IR, 2), (Vis, 2)}) &&  G[20,40] F[0,10] T(1, blue, {(UV, 1), (Mo, 2)}) && F[5,25] T(2,yellow,{(UV,2),(Vis,2)}) && F[3,18] T(2,orange,{(Vis,2)}) && F[20,30] T(2,orange,{(Vis,2)})",12,7.50731086730957,7846,11528,-1.0,1.0,0.022875816993464054
False,False,0.5,False,27,"../TransitionSystems/MonteCarloExample_kjl/TS_[3, 3]_12_27.yaml","../OutputFiles/MonteCarloExample_kjl/Solution_(False, False, 0.5, False)_[3, 3]_12_27",3,3,"F[0, 20] T(1, green {(IR, 2), (Vis, 2)}) &&  G[20,40] F[0,10] T(1, blue, {(UV, 1), (Mo, 2)}) && F[5,25] T(2,yellow,{(UV,2),(Vis,2)}) && F[3,18] T(2,orange,{(Vis,2)}) && F[20,30] T(2,orange,{(Vis,2)})",12,0.6328370571136475,6877,9311,0.0,-0.0,0.10784313725490197
True,False,0.5,False,27,"../TransitionSystems/MonteCarloExample_kjl/TS_[3, 3]_12_27.yaml","../OutputFiles/MonteCarloExample_kjl/Solution_(True, False, 0.5, False)_[3, 3]_12_27",3,3,"F[0, 20] T(1, green {(IR, 2), (Vis, 2)}) &&  G[20,40] F[0,10] T(1, blue, {(UV, 1), (Mo, 2)}) && F[5,25] T(2,yellow,{(UV,2),(Vis,2)}) && F[3,18] T(2,orange,{(Vis,2)}) && F[20,30] T(2,orange,{(Vis,2)})",12,1.7292649745941162,6877,9311,-1.0,1.0,0.23937908496732024
True,False,0.5,True,27,"../TransitionSystems/MonteCarloExample_kjl/TS_[3, 3]_12_27.yaml","../OutputFiles/MonteCarloExample_kjl/Solution_(True, False, 0.5, True)_[3, 3]_12_27",3,3,"F[0, 20] T(1, green {(IR, 2), (Vis, 2)}) &&  G[20,40] F[0,10] T(1, blue, {(UV, 1), (Mo, 2)}) && F[5,25] T(2,yellow,{(UV,2),(Vis,2)}) && F[3,18] T(2,orange,{(Vis,2)}) && F[20,30] T(2,orange,{(Vis,2)})",12,0.6587028503417969,6877,9311,-1.0,1.0,0.16666666666666669
False,True,0.5,False,27,"../TransitionSystems/MonteCarloExample_kjl/TS_[3, 3]_12_27.yaml","../OutputFiles/MonteCarloExample_kjl/Solution_(False, True, 0.5, False)_[3, 3]_12_27",3,3,"F[0, 20] T(1, green {(IR, 2), (Vis, 2)}) &&  G[20,40] F[0,10] T(1, blue, {(UV, 1), (Mo, 2)}) && F[5,25] T(2,yellow,{(UV,2),(Vis,2)}) && F[3,18] T(2,orange,{(Vis,2)}) && F[20,30] T(2,orange,{(Vis,2)})",12,68.13336896896362,6877,9311,0.0,0.0,0.02124183006535948
True,True,0.5,True,27,"../TransitionSystems/MonteCarloExample_kjl/TS_[3, 3]_12_27.yaml","../OutputFiles/MonteCarloExample_kjl/Solution_(True, True, 0.5, True)_[3, 3]_12_27",3,3,"F[0, 20] T(1, green {(IR, 2), (Vis, 2)}) &&  G[20,40] F[0,10] T(1, blue, {(UV, 1), (Mo, 2)}) && F[5,25] T(2,yellow,{(UV,2),(Vis,2)}) && F[3,18] T(2,orange,{(Vis,2)}) && F[20,30] T(2,orange,{(Vis,2)})",12,75.56121802330017,6877,9311,-1.0,1.0,0.038398692810457526
True,True,0.5,False,27,"../TransitionSystems/MonteCarloExample_kjl/TS_[3, 3]_12_27.yaml","../OutputFiles/MonteCarloExample_kjl/Solution_(True, True, 0.5, False)_[3, 3]_12_27",3,3,"F[0, 20] T(1, green {(IR, 2), (Vis, 2)}) &&  G[20,40] F[0,10] T(1, blue, {(UV, 1), (Mo, 2)}) && F[5,25] T(2,yellow,{(UV,2),(Vis,2)}) && F[3,18] T(2,orange,{(Vis,2)}) && F[20,30] T(2,orange,{(Vis,2)})",12,126.46914911270142,6877,9311,-1.0,1.0,0.038398692810457526
False,False,0.5,False,30,"../TransitionSystems/MonteCarloExample_kjl/TS_[3, 3]_12_30.yaml","../OutputFiles/MonteCarloExample_kjl/Solution_(False, False, 0.5, False)_[3, 3]_12_30",3,3,"F[0, 20] T(1, green {(IR, 2), (Vis, 2)}) &&  G[20,40] F[0,10] T(1, blue, {(UV, 1), (Mo, 2)}) && F[5,25] T(2,yellow,{(UV,2),(Vis,2)}) && F[3,18] T(2,orange,{(Vis,2)}) && F[20,30] T(2,orange,{(Vis,2)})",12,0.7088079452514648,7069,9375,0.0,-0.0,0.1486928104575163
True,False,0.5,False,30,"../TransitionSystems/MonteCarloExample_kjl/TS_[3, 3]_12_30.yaml","../OutputFiles/MonteCarloExample_kjl/Solution_(True, False, 0.5, False)_[3, 3]_12_30",3,3,"F[0, 20] T(1, green {(IR, 2), (Vis, 2)}) &&  G[20,40] F[0,10] T(1, blue, {(UV, 1), (Mo, 2)}) && F[5,25] T(2,yellow,{(UV,2),(Vis,2)}) && F[3,18] T(2,orange,{(Vis,2)}) && F[20,30] T(2,orange,{(Vis,2)})",12,2.385651111602783,7069,9375,-1.0,1.0,0.17647058823529413
True,False,0.5,True,30,"../TransitionSystems/MonteCarloExample_kjl/TS_[3, 3]_12_30.yaml","../OutputFiles/MonteCarloExample_kjl/Solution_(True, False, 0.5, True)_[3, 3]_12_30",3,3,"F[0, 20] T(1, green {(IR, 2), (Vis, 2)}) &&  G[20,40] F[0,10] T(1, blue, {(UV, 1), (Mo, 2)}) && F[5,25] T(2,yellow,{(UV,2),(Vis,2)}) && F[3,18] T(2,orange,{(Vis,2)}) && F[20,30] T(2,orange,{(Vis,2)})",12,0.8804929256439209,7069,9375,-1.0,1.0,0.261437908496732
False,True,0.5,False,30,"../TransitionSystems/MonteCarloExample_kjl/TS_[3, 3]_12_30.yaml","../OutputFiles/MonteCarloExample_kjl/Solution_(False, True, 0.5, False)_[3, 3]_12_30",3,3,"F[0, 20] T(1, green {(IR, 2), (Vis, 2)}) &&  G[20,40] F[0,10] T(1, blue, {(UV, 1), (Mo, 2)}) && F[5,25] T(2,yellow,{(UV,2),(Vis,2)}) && F[3,18] T(2,orange,{(Vis,2)}) && F[20,30] T(2,orange,{(Vis,2)})",12,7.717350006103516,7069,9375,0.0,-0.0,0.02369281045751634
True,True,0.5,True,30,"../TransitionSystems/MonteCarloExample_kjl/TS_[3, 3]_12_30.yaml","../OutputFiles/MonteCarloExample_kjl/Solution_(True, True, 0.5, True)_[3, 3]_12_30",3,3,"F[0, 20] T(1, green {(IR, 2), (Vis, 2)}) &&  G[20,40] F[0,10] T(1, blue, {(UV, 1), (Mo, 2)}) && F[5,25] T(2,yellow,{(UV,2),(Vis,2)}) && F[3,18] T(2,orange,{(Vis,2)}) && F[20,30] T(2,orange,{(Vis,2)})",12,3.297049045562744,7069,9375,-1.0,1.0,0.044934640522875824
True,True,0.5,False,30,"../TransitionSystems/MonteCarloExample_kjl/TS_[3, 3]_12_30.yaml","../OutputFiles/MonteCarloExample_kjl/Solution_(True, True, 0.5, False)_[3, 3]_12_30",3,3,"F[0, 20] T(1, green {(IR, 2), (Vis, 2)}) &&  G[20,40] F[0,10] T(1, blue, {(UV, 1), (Mo, 2)}) && F[5,25] T(2,yellow,{(UV,2),(Vis,2)}) && F[3,18] T(2,orange,{(Vis,2)}) && F[20,30] T(2,orange,{(Vis,2)})",12,6.068091869354248,7069,9375,-1.0,1.0,0.044934640522875824
False,False,0.5,False,31,"../TransitionSystems/MonteCarloExample_kjl/TS_[3, 3]_12_31.yaml","../OutputFiles/MonteCarloExample_kjl/Solution_(False, False, 0.5, False)_[3, 3]_12_31",3,3,"F[0, 20] T(1, green {(IR, 2), (Vis, 2)}) &&  G[20,40] F[0,10] T(1, blue, {(UV, 1), (Mo, 2)}) && F[5,25] T(2,yellow,{(UV,2),(Vis,2)}) && F[3,18] T(2,orange,{(Vis,2)}) && F[20,30] T(2,orange,{(Vis,2)})",12,0.6063289642333984,6877,9311,0.0,-0.0,0.20261437908496732
True,False,0.5,False,31,"../TransitionSystems/MonteCarloExample_kjl/TS_[3, 3]_12_31.yaml","../OutputFiles/MonteCarloExample_kjl/Solution_(True, False, 0.5, False)_[3, 3]_12_31",3,3,"F[0, 20] T(1, green {(IR, 2), (Vis, 2)}) &&  G[20,40] F[0,10] T(1, blue, {(UV, 1), (Mo, 2)}) && F[5,25] T(2,yellow,{(UV,2),(Vis,2)}) && F[3,18] T(2,orange,{(Vis,2)}) && F[20,30] T(2,orange,{(Vis,2)})",12,2.683957099914551,6877,9311,-1.0,1.0,0.19362745098039214
True,False,0.5,True,31,"../TransitionSystems/MonteCarloExample_kjl/TS_[3, 3]_12_31.yaml","../OutputFiles/MonteCarloExample_kjl/Solution_(True, False, 0.5, True)_[3, 3]_12_31",3,3,"F[0, 20] T(1, green {(IR, 2), (Vis, 2)}) &&  G[20,40] F[0,10] T(1, blue, {(UV, 1), (Mo, 2)}) && F[5,25] T(2,yellow,{(UV,2),(Vis,2)}) && F[3,18] T(2,orange,{(Vis,2)}) && F[20,30] T(2,orange,{(Vis,2)})",12,0.49049901962280273,6877,9311,-1.0,1.0,0.11601307189542484
False,True,0.5,False,31,"../TransitionSystems/MonteCarloExample_kjl/TS_[3, 3]_12_31.yaml","../OutputFiles/MonteCarloExample_kjl/Solution_(False, True, 0.5, False)_[3, 3]_12_31",3,3,"F[0, 20] T(1, green {(IR, 2), (Vis, 2)}) &&  G[20,40] F[0,10] T(1, blue, {(UV, 1), (Mo, 2)}) && F[5,25] T(2,yellow,{(UV,2),(Vis,2)}) && F[3,18] T(2,orange,{(Vis,2)}) && F[20,30] T(2,orange,{(Vis,2)})",12,2.4137120246887207,6877,9311,0.0,-0.0,0.010620915032679739
True,True,0.5,True,31,"../TransitionSystems/MonteCarloExample_kjl/TS_[3, 3]_12_31.yaml","../OutputFiles/MonteCarloExample_kjl/Solution_(True, True, 0.5, True)_[3, 3]_12_31",3,3,"F[0, 20] T(1, green {(IR, 2), (Vis, 2)}) &&  G[20,40] F[0,10] T(1, blue, {(UV, 1), (Mo, 2)}) && F[5,25] T(2,yellow,{(UV,2),(Vis,2)}) && F[3,18] T(2,orange,{(Vis,2)}) && F[20,30] T(2,orange,{(Vis,2)})",12,10.817979097366333,6877,9311,-1.0,1.0,0.025326797385620915
True,True,0.5,False,31,"../TransitionSystems/MonteCarloExample_kjl/TS_[3, 3]_12_31.yaml","../OutputFiles/MonteCarloExample_kjl/Solution_(True, True, 0.5, False)_[3, 3]_12_31",3,3,"F[0, 20] T(1, green {(IR, 2), (Vis, 2)}) &&  G[20,40] F[0,10] T(1, blue, {(UV, 1), (Mo, 2)}) && F[5,25] T(2,yellow,{(UV,2),(Vis,2)}) && F[3,18] T(2,orange,{(Vis,2)}) && F[20,30] T(2,orange,{(Vis,2)})",12,162.17330312728882,6877,9311,-1.0,1.0,0.025326797385620915
False,False,0.5,False,32,"../TransitionSystems/MonteCarloExample_kjl/TS_[3, 3]_12_32.yaml","../OutputFiles/MonteCarloExample_kjl/Solution_(False, False, 0.5, False)_[3, 3]_12_32",3,3,"F[0, 20] T(1, green {(IR, 2), (Vis, 2)}) &&  G[20,40] F[0,10] T(1, blue, {(UV, 1), (Mo, 2)}) && F[5,25] T(2,yellow,{(UV,2),(Vis,2)}) && F[3,18] T(2,orange,{(Vis,2)}) && F[20,30] T(2,orange,{(Vis,2)})",12,0.7710659503936768,7846,11528,0.0,-0.0,0.09558823529411765
True,False,0.5,False,32,"../TransitionSystems/MonteCarloExample_kjl/TS_[3, 3]_12_32.yaml","../OutputFiles/MonteCarloExample_kjl/Solution_(True, False, 0.5, False)_[3, 3]_12_32",3,3,"F[0, 20] T(1, green {(IR, 2), (Vis, 2)}) &&  G[20,40] F[0,10] T(1, blue, {(UV, 1), (Mo, 2)}) && F[5,25] T(2,yellow,{(UV,2),(Vis,2)}) && F[3,18] T(2,orange,{(Vis,2)}) && F[20,30] T(2,orange,{(Vis,2)})",12,1.9807310104370117,7846,11528,-1.0,1.0,0.2303921568627451
True,False,0.5,True,32,"../TransitionSystems/MonteCarloExample_kjl/TS_[3, 3]_12_32.yaml","../OutputFiles/MonteCarloExample_kjl/Solution_(True, False, 0.5, True)_[3, 3]_12_32",3,3,"F[0, 20] T(1, green {(IR, 2), (Vis, 2)}) &&  G[20,40] F[0,10] T(1, blue, {(UV, 1), (Mo, 2)}) && F[5,25] T(2,yellow,{(UV,2),(Vis,2)}) && F[3,18] T(2,orange,{(Vis,2)}) && F[20,30] T(2,orange,{(Vis,2)})",12,0.9463629722595215,7846,11528,-1.0,1.0,0.17565359477124184
False,True,0.5,False,32,"../TransitionSystems/MonteCarloExample_kjl/TS_[3, 3]_12_32.yaml","../OutputFiles/MonteCarloExample_kjl/Solution_(False, True, 0.5, False)_[3, 3]_12_32",3,3,"F[0, 20] T(1, green {(IR, 2), (Vis, 2)}) &&  G[20,40] F[0,10] T(1, blue, {(UV, 1), (Mo, 2)}) && F[5,25] T(2,yellow,{(UV,2),(Vis,2)}) && F[3,18] T(2,orange,{(Vis,2)}) && F[20,30] T(2,orange,{(Vis,2)})",12,7.09076714515686,7846,11528,0.0,-0.0,0.01388888888888889
True,True,0.5,True,32,"../TransitionSystems/MonteCarloExample_kjl/TS_[3, 3]_12_32.yaml","../OutputFiles/MonteCarloExample_kjl/Solution_(True, True, 0.5, True)_[3, 3]_12_32",3,3,"F[0, 20] T(1, green {(IR, 2), (Vis, 2)}) &&  G[20,40] F[0,10] T(1, blue, {(UV, 1), (Mo, 2)}) && F[5,25] T(2,yellow,{(UV,2),(Vis,2)}) && F[3,18] T(2,orange,{(Vis,2)}) && F[20,30] T(2,orange,{(Vis,2)})",12,7.61037802696228,7846,11528,-1.0,1.0,0.028594771241830064
True,True,0.5,False,32,"../TransitionSystems/MonteCarloExample_kjl/TS_[3, 3]_12_32.yaml","../OutputFiles/MonteCarloExample_kjl/Solution_(True, True, 0.5, False)_[3, 3]_12_32",3,3,"F[0, 20] T(1, green {(IR, 2), (Vis, 2)}) &&  G[20,40] F[0,10] T(1, blue, {(UV, 1), (Mo, 2)}) && F[5,25] T(2,yellow,{(UV,2),(Vis,2)}) && F[3,18] T(2,orange,{(Vis,2)}) && F[20,30] T(2,orange,{(Vis,2)})",12,4.30936598777771,7846,11528,-1.0,1.0,0.02859477124183006
False,False,0.5,False,33,"../TransitionSystems/MonteCarloExample_kjl/TS_[3, 3]_12_33.yaml","../OutputFiles/MonteCarloExample_kjl/Solution_(False, False, 0.5, False)_[3, 3]_12_33",3,3,"F[0, 20] T(1, green {(IR, 2), (Vis, 2)}) &&  G[20,40] F[0,10] T(1, blue, {(UV, 1), (Mo, 2)}) && F[5,25] T(2,yellow,{(UV,2),(Vis,2)}) && F[3,18] T(2,orange,{(Vis,2)}) && F[20,30] T(2,orange,{(Vis,2)})",12,0.6433689594268799,7846,11528,0.0,-0.0,0.0784313725490196
True,False,0.5,False,33,"../TransitionSystems/MonteCarloExample_kjl/TS_[3, 3]_12_33.yaml","../OutputFiles/MonteCarloExample_kjl/Solution_(True, False, 0.5, False)_[3, 3]_12_33",3,3,"F[0, 20] T(1, green {(IR, 2), (Vis, 2)}) &&  G[20,40] F[0,10] T(1, blue, {(UV, 1), (Mo, 2)}) && F[5,25] T(2,yellow,{(UV,2),(Vis,2)}) && F[3,18] T(2,orange,{(Vis,2)}) && F[20,30] T(2,orange,{(Vis,2)})",12,3.999483108520508,7846,11528,-4.0,4.0,0.1519607843137255
True,False,0.5,True,33,"../TransitionSystems/MonteCarloExample_kjl/TS_[3, 3]_12_33.yaml","../OutputFiles/MonteCarloExample_kjl/Solution_(True, False, 0.5, True)_[3, 3]_12_33",3,3,"F[0, 20] T(1, green {(IR, 2), (Vis, 2)}) &&  G[20,40] F[0,10] T(1, blue, {(UV, 1), (Mo, 2)}) && F[5,25] T(2,yellow,{(UV,2),(Vis,2)}) && F[3,18] T(2,orange,{(Vis,2)}) && F[20,30] T(2,orange,{(Vis,2)})",12,1.5924670696258545,7846,11528,-4.0,4.0,0.14950980392156862
False,True,0.5,False,33,"../TransitionSystems/MonteCarloExample_kjl/TS_[3, 3]_12_33.yaml","../OutputFiles/MonteCarloExample_kjl/Solution_(False, True, 0.5, False)_[3, 3]_12_33",3,3,"F[0, 20] T(1, green {(IR, 2), (Vis, 2)}) &&  G[20,40] F[0,10] T(1, blue, {(UV, 1), (Mo, 2)}) && F[5,25] T(2,yellow,{(UV,2),(Vis,2)}) && F[3,18] T(2,orange,{(Vis,2)}) && F[20,30] T(2,orange,{(Vis,2)})",12,2.3801980018615723,7846,11528,0.0,-0.0,0.004901960784313725
True,True,0.5,True,33,"../TransitionSystems/MonteCarloExample_kjl/TS_[3, 3]_12_33.yaml","../OutputFiles/MonteCarloExample_kjl/Solution_(True, True, 0.5, True)_[3, 3]_12_33",3,3,"F[0, 20] T(1, green {(IR, 2), (Vis, 2)}) &&  G[20,40] F[0,10] T(1, blue, {(UV, 1), (Mo, 2)}) && F[5,25] T(2,yellow,{(UV,2),(Vis,2)}) && F[3,18] T(2,orange,{(Vis,2)}) && F[20,30] T(2,orange,{(Vis,2)})",12,14.475425958633423,7846,11528,-4.0,4.0,0.05147058823529412
True,True,0.5,False,33,"../TransitionSystems/MonteCarloExample_kjl/TS_[3, 3]_12_33.yaml","../OutputFiles/MonteCarloExample_kjl/Solution_(True, True, 0.5, False)_[3, 3]_12_33",3,3,"F[0, 20] T(1, green {(IR, 2), (Vis, 2)}) &&  G[20,40] F[0,10] T(1, blue, {(UV, 1), (Mo, 2)}) && F[5,25] T(2,yellow,{(UV,2),(Vis,2)}) && F[3,18] T(2,orange,{(Vis,2)}) && F[20,30] T(2,orange,{(Vis,2)})",12,19.572479963302612,7846,11528,-4.0,4.0,0.05147058823529412
False,False,0.5,False,35,"../TransitionSystems/MonteCarloExample_kjl/TS_[3, 3]_12_35.yaml","../OutputFiles/MonteCarloExample_kjl/Solution_(False, False, 0.5, False)_[3, 3]_12_35",3,3,"F[0, 20] T(1, green {(IR, 2), (Vis, 2)}) &&  G[20,40] F[0,10] T(1, blue, {(UV, 1), (Mo, 2)}) && F[5,25] T(2,yellow,{(UV,2),(Vis,2)}) && F[3,18] T(2,orange,{(Vis,2)}) && F[20,30] T(2,orange,{(Vis,2)})",12,0.8024511337280273,7846,11528,0.0,-0.0,0.14297385620915032
True,False,0.5,False,35,"../TransitionSystems/MonteCarloExample_kjl/TS_[3, 3]_12_35.yaml","../OutputFiles/MonteCarloExample_kjl/Solution_(True, False, 0.5, False)_[3, 3]_12_35",3,3,"F[0, 20] T(1, green {(IR, 2), (Vis, 2)}) &&  G[20,40] F[0,10] T(1, blue, {(UV, 1), (Mo, 2)}) && F[5,25] T(2,yellow,{(UV,2),(Vis,2)}) && F[3,18] T(2,orange,{(Vis,2)}) && F[20,30] T(2,orange,{(Vis,2)})",12,3.240478992462158,7846,11528,-1.0,1.0,0.20261437908496732
True,False,0.5,True,35,"../TransitionSystems/MonteCarloExample_kjl/TS_[3, 3]_12_35.yaml","../OutputFiles/MonteCarloExample_kjl/Solution_(True, False, 0.5, True)_[3, 3]_12_35",3,3,"F[0, 20] T(1, green {(IR, 2), (Vis, 2)}) &&  G[20,40] F[0,10] T(1, blue, {(UV, 1), (Mo, 2)}) && F[5,25] T(2,yellow,{(UV,2),(Vis,2)}) && F[3,18] T(2,orange,{(Vis,2)}) && F[20,30] T(2,orange,{(Vis,2)})",12,0.5897660255432129,7846,11528,-1.0,1.0,0.1715686274509804
False,True,0.5,False,35,"../TransitionSystems/MonteCarloExample_kjl/TS_[3, 3]_12_35.yaml","../OutputFiles/MonteCarloExample_kjl/Solution_(False, True, 0.5, False)_[3, 3]_12_35",3,3,"F[0, 20] T(1, green {(IR, 2), (Vis, 2)}) &&  G[20,40] F[0,10] T(1, blue, {(UV, 1), (Mo, 2)}) && F[5,25] T(2,yellow,{(UV,2),(Vis,2)}) && F[3,18] T(2,orange,{(Vis,2)}) && F[20,30] T(2,orange,{(Vis,2)})",12,4.697787046432495,7846,11528,0.0,-0.0,0.008986928104575164
True,True,0.5,True,35,"../TransitionSystems/MonteCarloExample_kjl/TS_[3, 3]_12_35.yaml","../OutputFiles/MonteCarloExample_kjl/Solution_(True, True, 0.5, True)_[3, 3]_12_35",3,3,"F[0, 20] T(1, green {(IR, 2), (Vis, 2)}) &&  G[20,40] F[0,10] T(1, blue, {(UV, 1), (Mo, 2)}) && F[5,25] T(2,yellow,{(UV,2),(Vis,2)}) && F[3,18] T(2,orange,{(Vis,2)}) && F[20,30] T(2,orange,{(Vis,2)})",12,114.67854690551758,7846,11528,-1.0,1.0,0.031045751633986936
True,True,0.5,False,35,"../TransitionSystems/MonteCarloExample_kjl/TS_[3, 3]_12_35.yaml","../OutputFiles/MonteCarloExample_kjl/Solution_(True, True, 0.5, False)_[3, 3]_12_35",3,3,"F[0, 20] T(1, green {(IR, 2), (Vis, 2)}) &&  G[20,40] F[0,10] T(1, blue, {(UV, 1), (Mo, 2)}) && F[5,25] T(2,yellow,{(UV,2),(Vis,2)}) && F[3,18] T(2,orange,{(Vis,2)}) && F[20,30] T(2,orange,{(Vis,2)})",12,138.30606389045715,7846,11528,-1.0,1.0,0.031045751633986936
False,False,0.5,False,36,"../TransitionSystems/MonteCarloExample_kjl/TS_[3, 3]_12_36.yaml","../OutputFiles/MonteCarloExample_kjl/Solution_(False, False, 0.5, False)_[3, 3]_12_36",3,3,"F[0, 20] T(1, green {(IR, 2), (Vis, 2)}) &&  G[20,40] F[0,10] T(1, blue, {(UV, 1), (Mo, 2)}) && F[5,25] T(2,yellow,{(UV,2),(Vis,2)}) && F[3,18] T(2,orange,{(Vis,2)}) && F[20,30] T(2,orange,{(Vis,2)})",12,0.8549239635467529,7936,11558,0.0,-0.0,0.13316993464052287
True,False,0.5,False,36,"../TransitionSystems/MonteCarloExample_kjl/TS_[3, 3]_12_36.yaml","../OutputFiles/MonteCarloExample_kjl/Solution_(True, False, 0.5, False)_[3, 3]_12_36",3,3,"F[0, 20] T(1, green {(IR, 2), (Vis, 2)}) &&  G[20,40] F[0,10] T(1, blue, {(UV, 1), (Mo, 2)}) && F[5,25] T(2,yellow,{(UV,2),(Vis,2)}) && F[3,18] T(2,orange,{(Vis,2)}) && F[20,30] T(2,orange,{(Vis,2)})",12,4.8445680141448975,7936,11558,-1.0,1.0,0.26960784313725494
True,False,0.5,True,36,"../TransitionSystems/MonteCarloExample_kjl/TS_[3, 3]_12_36.yaml","../OutputFiles/MonteCarloExample_kjl/Solution_(True, False, 0.5, True)_[3, 3]_12_36",3,3,"F[0, 20] T(1, green {(IR, 2), (Vis, 2)}) &&  G[20,40] F[0,10] T(1, blue, {(UV, 1), (Mo, 2)}) && F[5,25] T(2,yellow,{(UV,2),(Vis,2)}) && F[3,18] T(2,orange,{(Vis,2)}) && F[20,30] T(2,orange,{(Vis,2)})",12,1.4935901165008545,7936,11558,-1.0,1.0,0.21895424836601307
False,True,0.5,False,36,"../TransitionSystems/MonteCarloExample_kjl/TS_[3, 3]_12_36.yaml","../OutputFiles/MonteCarloExample_kjl/Solution_(False, True, 0.5, False)_[3, 3]_12_36",3,3,"F[0, 20] T(1, green {(IR, 2), (Vis, 2)}) &&  G[20,40] F[0,10] T(1, blue, {(UV, 1), (Mo, 2)}) && F[5,25] T(2,yellow,{(UV,2),(Vis,2)}) && F[3,18] T(2,orange,{(Vis,2)}) && F[20,30] T(2,orange,{(Vis,2)})",12,600.5493369102478,7936,11558,0.0,0.0,0.017156862745098037
True,True,0.5,True,36,"../TransitionSystems/MonteCarloExample_kjl/TS_[3, 3]_12_36.yaml","../OutputFiles/MonteCarloExample_kjl/Solution_(True, True, 0.5, True)_[3, 3]_12_36",3,3,"F[0, 20] T(1, green {(IR, 2), (Vis, 2)}) &&  G[20,40] F[0,10] T(1, blue, {(UV, 1), (Mo, 2)}) && F[5,25] T(2,yellow,{(UV,2),(Vis,2)}) && F[3,18] T(2,orange,{(Vis,2)}) && F[20,30] T(2,orange,{(Vis,2)})",12,602.0364089012146,7936,11558,-1.0,1.0,0.031862745098039214
True,True,0.5,False,36,"../TransitionSystems/MonteCarloExample_kjl/TS_[3, 3]_12_36.yaml","../OutputFiles/MonteCarloExample_kjl/Solution_(True, True, 0.5, False)_[3, 3]_12_36",3,3,"F[0, 20] T(1, green {(IR, 2), (Vis, 2)}) &&  G[20,40] F[0,10] T(1, blue, {(UV, 1), (Mo, 2)}) && F[5,25] T(2,yellow,{(UV,2),(Vis,2)}) && F[3,18] T(2,orange,{(Vis,2)}) && F[20,30] T(2,orange,{(Vis,2)})",12,601.1533620357513,7936,11558,-1.0,1.0,0.03186274509803922
False,False,0.5,False,37,"../TransitionSystems/MonteCarloExample_kjl/TS_[3, 3]_12_37.yaml","../OutputFiles/MonteCarloExample_kjl/Solution_(False, False, 0.5, False)_[3, 3]_12_37",3,3,"F[0, 20] T(1, green {(IR, 2), (Vis, 2)}) &&  G[20,40] F[0,10] T(1, blue, {(UV, 1), (Mo, 2)}) && F[5,25] T(2,yellow,{(UV,2),(Vis,2)}) && F[3,18] T(2,orange,{(Vis,2)}) && F[20,30] T(2,orange,{(Vis,2)})",12,0.8603348731994629,8038,11592,0.0,-0.0,0.1446078431372549
True,False,0.5,False,37,"../TransitionSystems/MonteCarloExample_kjl/TS_[3, 3]_12_37.yaml","../OutputFiles/MonteCarloExample_kjl/Solution_(True, False, 0.5, False)_[3, 3]_12_37",3,3,"F[0, 20] T(1, green {(IR, 2), (Vis, 2)}) &&  G[20,40] F[0,10] T(1, blue, {(UV, 1), (Mo, 2)}) && F[5,25] T(2,yellow,{(UV,2),(Vis,2)}) && F[3,18] T(2,orange,{(Vis,2)}) && F[20,30] T(2,orange,{(Vis,2)})",12,4.662869930267334,8038,11592,-1.0,1.0,0.19526143790849673
True,False,0.5,True,37,"../TransitionSystems/MonteCarloExample_kjl/TS_[3, 3]_12_37.yaml","../OutputFiles/MonteCarloExample_kjl/Solution_(True, False, 0.5, True)_[3, 3]_12_37",3,3,"F[0, 20] T(1, green {(IR, 2), (Vis, 2)}) &&  G[20,40] F[0,10] T(1, blue, {(UV, 1), (Mo, 2)}) && F[5,25] T(2,yellow,{(UV,2),(Vis,2)}) && F[3,18] T(2,orange,{(Vis,2)}) && F[20,30] T(2,orange,{(Vis,2)})",12,0.9969921112060547,8038,11592,-1.0,1.0,0.21977124183006536
False,True,0.5,False,37,"../TransitionSystems/MonteCarloExample_kjl/TS_[3, 3]_12_37.yaml","../OutputFiles/MonteCarloExample_kjl/Solution_(False, True, 0.5, False)_[3, 3]_12_37",3,3,"F[0, 20] T(1, green {(IR, 2), (Vis, 2)}) &&  G[20,40] F[0,10] T(1, blue, {(UV, 1), (Mo, 2)}) && F[5,25] T(2,yellow,{(UV,2),(Vis,2)}) && F[3,18] T(2,orange,{(Vis,2)}) && F[20,30] T(2,orange,{(Vis,2)})",12,64.28929996490479,8038,11592,0.0,0.0,0.018790849673202617
True,True,0.5,True,37,"../TransitionSystems/MonteCarloExample_kjl/TS_[3, 3]_12_37.yaml","../OutputFiles/MonteCarloExample_kjl/Solution_(True, True, 0.5, True)_[3, 3]_12_37",3,3,"F[0, 20] T(1, green {(IR, 2), (Vis, 2)}) &&  G[20,40] F[0,10] T(1, blue, {(UV, 1), (Mo, 2)}) && F[5,25] T(2,yellow,{(UV,2),(Vis,2)}) && F[3,18] T(2,orange,{(Vis,2)}) && F[20,30] T(2,orange,{(Vis,2)})",12,89.9005069732666,8038,11592,-1.0,1.0,0.0392156862745098
True,True,0.5,False,37,"../TransitionSystems/MonteCarloExample_kjl/TS_[3, 3]_12_37.yaml","../OutputFiles/MonteCarloExample_kjl/Solution_(True, True, 0.5, False)_[3, 3]_12_37",3,3,"F[0, 20] T(1, green {(IR, 2), (Vis, 2)}) &&  G[20,40] F[0,10] T(1, blue, {(UV, 1), (Mo, 2)}) && F[5,25] T(2,yellow,{(UV,2),(Vis,2)}) && F[3,18] T(2,orange,{(Vis,2)}) && F[20,30] T(2,orange,{(Vis,2)})",12,120.33800411224365,8038,11592,-1.0,1.0,0.0392156862745098
False,False,0.5,False,38,"../TransitionSystems/MonteCarloExample_kjl/TS_[3, 3]_12_38.yaml","../OutputFiles/MonteCarloExample_kjl/Solution_(False, False, 0.5, False)_[3, 3]_12_38",3,3,"F[0, 20] T(1, green {(IR, 2), (Vis, 2)}) &&  G[20,40] F[0,10] T(1, blue, {(UV, 1), (Mo, 2)}) && F[5,25] T(2,yellow,{(UV,2),(Vis,2)}) && F[3,18] T(2,orange,{(Vis,2)}) && F[20,30] T(2,orange,{(Vis,2)})",12,0.6339371204376221,6877,9311,0.0,-0.0,0.10375816993464053
True,False,0.5,False,38,"../TransitionSystems/MonteCarloExample_kjl/TS_[3, 3]_12_38.yaml","../OutputFiles/MonteCarloExample_kjl/Solution_(True, False, 0.5, False)_[3, 3]_12_38",3,3,"F[0, 20] T(1, green {(IR, 2), (Vis, 2)}) &&  G[20,40] F[0,10] T(1, blue, {(UV, 1), (Mo, 2)}) && F[5,25] T(2,yellow,{(UV,2),(Vis,2)}) && F[3,18] T(2,orange,{(Vis,2)}) && F[20,30] T(2,orange,{(Vis,2)})",12,0.8747711181640625,6877,9311,-1.0,1.0,0.16748366013071897
True,False,0.5,True,38,"../TransitionSystems/MonteCarloExample_kjl/TS_[3, 3]_12_38.yaml","../OutputFiles/MonteCarloExample_kjl/Solution_(True, False, 0.5, True)_[3, 3]_12_38",3,3,"F[0, 20] T(1, green {(IR, 2), (Vis, 2)}) &&  G[20,40] F[0,10] T(1, blue, {(UV, 1), (Mo, 2)}) && F[5,25] T(2,yellow,{(UV,2),(Vis,2)}) && F[3,18] T(2,orange,{(Vis,2)}) && F[20,30] T(2,orange,{(Vis,2)})",12,0.6082339286804199,6877,9311,-1.0,1.0,0.10947712418300654
False,True,0.5,False,38,"../TransitionSystems/MonteCarloExample_kjl/TS_[3, 3]_12_38.yaml","../OutputFiles/MonteCarloExample_kjl/Solution_(False, True, 0.5, False)_[3, 3]_12_38",3,3,"F[0, 20] T(1, green {(IR, 2), (Vis, 2)}) &&  G[20,40] F[0,10] T(1, blue, {(UV, 1), (Mo, 2)}) && F[5,25] T(2,yellow,{(UV,2),(Vis,2)}) && F[3,18] T(2,orange,{(Vis,2)}) && F[20,30] T(2,orange,{(Vis,2)})",12,31.179457902908325,6877,9311,0.0,0.0,0.015522875816993466
True,True,0.5,True,38,"../TransitionSystems/MonteCarloExample_kjl/TS_[3, 3]_12_38.yaml","../OutputFiles/MonteCarloExample_kjl/Solution_(True, True, 0.5, True)_[3, 3]_12_38",3,3,"F[0, 20] T(1, green {(IR, 2), (Vis, 2)}) &&  G[20,40] F[0,10] T(1, blue, {(UV, 1), (Mo, 2)}) && F[5,25] T(2,yellow,{(UV,2),(Vis,2)}) && F[3,18] T(2,orange,{(Vis,2)}) && F[20,30] T(2,orange,{(Vis,2)})",12,22.955705881118774,6877,9311,-1.0,1.0,0.027777777777777776
True,True,0.5,False,38,"../TransitionSystems/MonteCarloExample_kjl/TS_[3, 3]_12_38.yaml","../OutputFiles/MonteCarloExample_kjl/Solution_(True, True, 0.5, False)_[3, 3]_12_38",3,3,"F[0, 20] T(1, green {(IR, 2), (Vis, 2)}) &&  G[20,40] F[0,10] T(1, blue, {(UV, 1), (Mo, 2)}) && F[5,25] T(2,yellow,{(UV,2),(Vis,2)}) && F[3,18] T(2,orange,{(Vis,2)}) && F[20,30] T(2,orange,{(Vis,2)})",12,601.4144978523254,6877,9311,-1.0,1.0,0.027777777777777776
False,False,0.5,False,39,"../TransitionSystems/MonteCarloExample_kjl/TS_[3, 3]_12_39.yaml","../OutputFiles/MonteCarloExample_kjl/Solution_(False, False, 0.5, False)_[3, 3]_12_39",3,3,"F[0, 20] T(1, green {(IR, 2), (Vis, 2)}) &&  G[20,40] F[0,10] T(1, blue, {(UV, 1), (Mo, 2)}) && F[5,25] T(2,yellow,{(UV,2),(Vis,2)}) && F[3,18] T(2,orange,{(Vis,2)}) && F[20,30] T(2,orange,{(Vis,2)})",12,0.8753740787506104,7936,11558,0.0,-0.0,0.07679738562091504
True,False,0.5,False,39,"../TransitionSystems/MonteCarloExample_kjl/TS_[3, 3]_12_39.yaml","../OutputFiles/MonteCarloExample_kjl/Solution_(True, False, 0.5, False)_[3, 3]_12_39",3,3,"F[0, 20] T(1, green {(IR, 2), (Vis, 2)}) &&  G[20,40] F[0,10] T(1, blue, {(UV, 1), (Mo, 2)}) && F[5,25] T(2,yellow,{(UV,2),(Vis,2)}) && F[3,18] T(2,orange,{(Vis,2)}) && F[20,30] T(2,orange,{(Vis,2)})",12,4.4859700202941895,7936,11558,-1.0,1.0,0.1985294117647059
True,False,0.5,True,39,"../TransitionSystems/MonteCarloExample_kjl/TS_[3, 3]_12_39.yaml","../OutputFiles/MonteCarloExample_kjl/Solution_(True, False, 0.5, True)_[3, 3]_12_39",3,3,"F[0, 20] T(1, green {(IR, 2), (Vis, 2)}) &&  G[20,40] F[0,10] T(1, blue, {(UV, 1), (Mo, 2)}) && F[5,25] T(2,yellow,{(UV,2),(Vis,2)}) && F[3,18] T(2,orange,{(Vis,2)}) && F[20,30] T(2,orange,{(Vis,2)})",12,2.187887191772461,7936,11558,-1.0,1.0,0.17810457516339867
False,True,0.5,False,39,"../TransitionSystems/MonteCarloExample_kjl/TS_[3, 3]_12_39.yaml","../OutputFiles/MonteCarloExample_kjl/Solution_(False, True, 0.5, False)_[3, 3]_12_39",3,3,"F[0, 20] T(1, green {(IR, 2), (Vis, 2)}) &&  G[20,40] F[0,10] T(1, blue, {(UV, 1), (Mo, 2)}) && F[5,25] T(2,yellow,{(UV,2),(Vis,2)}) && F[3,18] T(2,orange,{(Vis,2)}) && F[20,30] T(2,orange,{(Vis,2)})",12,6.018239974975586,7936,11558,0.0,-0.0,0.010620915032679739
True,True,0.5,True,39,"../TransitionSystems/MonteCarloExample_kjl/TS_[3, 3]_12_39.yaml","../OutputFiles/MonteCarloExample_kjl/Solution_(True, True, 0.5, True)_[3, 3]_12_39",3,3,"F[0, 20] T(1, green {(IR, 2), (Vis, 2)}) &&  G[20,40] F[0,10] T(1, blue, {(UV, 1), (Mo, 2)}) && F[5,25] T(2,yellow,{(UV,2),(Vis,2)}) && F[3,18] T(2,orange,{(Vis,2)}) && F[20,30] T(2,orange,{(Vis,2)})",12,482.6911358833313,7936,11558,-1.0,1.0,0.022875816993464058
True,True,0.5,False,39,"../TransitionSystems/MonteCarloExample_kjl/TS_[3, 3]_12_39.yaml","../OutputFiles/MonteCarloExample_kjl/Solution_(True, True, 0.5, False)_[3, 3]_12_39",3,3,"F[0, 20] T(1, green {(IR, 2), (Vis, 2)}) &&  G[20,40] F[0,10] T(1, blue, {(UV, 1), (Mo, 2)}) && F[5,25] T(2,yellow,{(UV,2),(Vis,2)}) && F[3,18] T(2,orange,{(Vis,2)}) && F[20,30] T(2,orange,{(Vis,2)})",12,600.5498540401459,7936,11558,-1.0,1.0,0.022875816993464054
False,False,0.5,False,40,"../TransitionSystems/MonteCarloExample_kjl/TS_[3, 3]_12_40.yaml","../OutputFiles/MonteCarloExample_kjl/Solution_(False, False, 0.5, False)_[3, 3]_12_40",3,3,"F[0, 20] T(1, green {(IR, 2), (Vis, 2)}) &&  G[20,40] F[0,10] T(1, blue, {(UV, 1), (Mo, 2)}) && F[5,25] T(2,yellow,{(UV,2),(Vis,2)}) && F[3,18] T(2,orange,{(Vis,2)}) && F[20,30] T(2,orange,{(Vis,2)})",12,0.9774231910705566,7984,11574,0.0,-0.0,0.13643790849673204
True,False,0.5,False,40,"../TransitionSystems/MonteCarloExample_kjl/TS_[3, 3]_12_40.yaml","../OutputFiles/MonteCarloExample_kjl/Solution_(True, False, 0.5, False)_[3, 3]_12_40",3,3,"F[0, 20] T(1, green {(IR, 2), (Vis, 2)}) &&  G[20,40] F[0,10] T(1, blue, {(UV, 1), (Mo, 2)}) && F[5,25] T(2,yellow,{(UV,2),(Vis,2)}) && F[3,18] T(2,orange,{(Vis,2)}) && F[20,30] T(2,orange,{(Vis,2)})",12,3.1745009422302246,7984,11574,-1.0,1.0,0.24183006535947713
True,False,0.5,True,40,"../TransitionSystems/MonteCarloExample_kjl/TS_[3, 3]_12_40.yaml","../OutputFiles/MonteCarloExample_kjl/Solution_(True, False, 0.5, True)_[3, 3]_12_40",3,3,"F[0, 20] T(1, green {(IR, 2), (Vis, 2)}) &&  G[20,40] F[0,10] T(1, blue, {(UV, 1), (Mo, 2)}) && F[5,25] T(2,yellow,{(UV,2),(Vis,2)}) && F[3,18] T(2,orange,{(Vis,2)}) && F[20,30] T(2,orange,{(Vis,2)})",12,0.9023120403289795,7984,11574,-1.0,1.0,0.2687908496732026
False,True,0.5,False,40,"../TransitionSystems/MonteCarloExample_kjl/TS_[3, 3]_12_40.yaml","../OutputFiles/MonteCarloExample_kjl/Solution_(False, True, 0.5, False)_[3, 3]_12_40",3,3,"F[0, 20] T(1, green {(IR, 2), (Vis, 2)}) &&  G[20,40] F[0,10] T(1, blue, {(UV, 1), (Mo, 2)}) && F[5,25] T(2,yellow,{(UV,2),(Vis,2)}) && F[3,18] T(2,orange,{(Vis,2)}) && F[20,30] T(2,orange,{(Vis,2)})",12,601.7053730487823,7984,11574,0.0,0.0,0.013888888888888888
True,True,0.5,True,40,"../TransitionSystems/MonteCarloExample_kjl/TS_[3, 3]_12_40.yaml","../OutputFiles/MonteCarloExample_kjl/Solution_(True, True, 0.5, True)_[3, 3]_12_40",3,3,"F[0, 20] T(1, green {(IR, 2), (Vis, 2)}) &&  G[20,40] F[0,10] T(1, blue, {(UV, 1), (Mo, 2)}) && F[5,25] T(2,yellow,{(UV,2),(Vis,2)}) && F[3,18] T(2,orange,{(Vis,2)}) && F[20,30] T(2,orange,{(Vis,2)})",12,601.1838231086731,7984,11574,-1.0,1.0,0.0326797385620915
True,True,0.5,False,40,"../TransitionSystems/MonteCarloExample_kjl/TS_[3, 3]_12_40.yaml","../OutputFiles/MonteCarloExample_kjl/Solution_(True, True, 0.5, False)_[3, 3]_12_40",3,3,"F[0, 20] T(1, green {(IR, 2), (Vis, 2)}) &&  G[20,40] F[0,10] T(1, blue, {(UV, 1), (Mo, 2)}) && F[5,25] T(2,yellow,{(UV,2),(Vis,2)}) && F[3,18] T(2,orange,{(Vis,2)}) && F[20,30] T(2,orange,{(Vis,2)})",12,259.38864302635193,7984,11574,-1.0,1.0,0.0326797385620915
False,False,0.5,False,42,"../TransitionSystems/MonteCarloExample_kjl/TS_[3, 3]_12_42.yaml","../OutputFiles/MonteCarloExample_kjl/Solution_(False, False, 0.5, False)_[3, 3]_12_42",3,3,"F[0, 20] T(1, green {(IR, 2), (Vis, 2)}) &&  G[20,40] F[0,10] T(1, blue, {(UV, 1), (Mo, 2)}) && F[5,25] T(2,yellow,{(UV,2),(Vis,2)}) && F[3,18] T(2,orange,{(Vis,2)}) && F[20,30] T(2,orange,{(Vis,2)})",12,1.277712106704712,7846,11528,0.0,-0.0,0.09967320261437909
True,False,0.5,False,42,"../TransitionSystems/MonteCarloExample_kjl/TS_[3, 3]_12_42.yaml","../OutputFiles/MonteCarloExample_kjl/Solution_(True, False, 0.5, False)_[3, 3]_12_42",3,3,"F[0, 20] T(1, green {(IR, 2), (Vis, 2)}) &&  G[20,40] F[0,10] T(1, blue, {(UV, 1), (Mo, 2)}) && F[5,25] T(2,yellow,{(UV,2),(Vis,2)}) && F[3,18] T(2,orange,{(Vis,2)}) && F[20,30] T(2,orange,{(Vis,2)})",12,3.46753191947937,7846,11528,-1.0,1.0,0.24019607843137256
True,False,0.5,True,42,"../TransitionSystems/MonteCarloExample_kjl/TS_[3, 3]_12_42.yaml","../OutputFiles/MonteCarloExample_kjl/Solution_(True, False, 0.5, True)_[3, 3]_12_42",3,3,"F[0, 20] T(1, green {(IR, 2), (Vis, 2)}) &&  G[20,40] F[0,10] T(1, blue, {(UV, 1), (Mo, 2)}) && F[5,25] T(2,yellow,{(UV,2),(Vis,2)}) && F[3,18] T(2,orange,{(Vis,2)}) && F[20,30] T(2,orange,{(Vis,2)})",12,0.8560690879821777,7846,11528,-1.0,1.0,0.15522875816993464
False,True,0.5,False,42,"../TransitionSystems/MonteCarloExample_kjl/TS_[3, 3]_12_42.yaml","../OutputFiles/MonteCarloExample_kjl/Solution_(False, True, 0.5, False)_[3, 3]_12_42",3,3,"F[0, 20] T(1, green {(IR, 2), (Vis, 2)}) &&  G[20,40] F[0,10] T(1, blue, {(UV, 1), (Mo, 2)}) && F[5,25] T(2,yellow,{(UV,2),(Vis,2)}) && F[3,18] T(2,orange,{(Vis,2)}) && F[20,30] T(2,orange,{(Vis,2)})",12,31.320441007614136,7846,11528,0.0,0.0,0.0196078431372549
True,True,0.5,True,42,"../TransitionSystems/MonteCarloExample_kjl/TS_[3, 3]_12_42.yaml","../OutputFiles/MonteCarloExample_kjl/Solution_(True, True, 0.5, True)_[3, 3]_12_42",3,3,"F[0, 20] T(1, green {(IR, 2), (Vis, 2)}) &&  G[20,40] F[0,10] T(1, blue, {(UV, 1), (Mo, 2)}) && F[5,25] T(2,yellow,{(UV,2),(Vis,2)}) && F[3,18] T(2,orange,{(Vis,2)}) && F[20,30] T(2,orange,{(Vis,2)})",12,19.39678692817688,7846,11528,-1.0,1.0,0.03676470588235294
True,True,0.5,False,42,"../TransitionSystems/MonteCarloExample_kjl/TS_[3, 3]_12_42.yaml","../OutputFiles/MonteCarloExample_kjl/Solution_(True, True, 0.5, False)_[3, 3]_12_42",3,3,"F[0, 20] T(1, green {(IR, 2), (Vis, 2)}) &&  G[20,40] F[0,10] T(1, blue, {(UV, 1), (Mo, 2)}) && F[5,25] T(2,yellow,{(UV,2),(Vis,2)}) && F[3,18] T(2,orange,{(Vis,2)}) && F[20,30] T(2,orange,{(Vis,2)})",12,6.558578014373779,7846,11528,-1.0,1.0,0.03676470588235294
False,False,0.5,False,43,"../TransitionSystems/MonteCarloExample_kjl/TS_[3, 3]_12_43.yaml","../OutputFiles/MonteCarloExample_kjl/Solution_(False, False, 0.5, False)_[3, 3]_12_43",3,3,"F[0, 20] T(1, green {(IR, 2), (Vis, 2)}) &&  G[20,40] F[0,10] T(1, blue, {(UV, 1), (Mo, 2)}) && F[5,25] T(2,yellow,{(UV,2),(Vis,2)}) && F[3,18] T(2,orange,{(Vis,2)}) && F[20,30] T(2,orange,{(Vis,2)})",12,0.6138119697570801,7057,9371,0.0,-0.0,0.09967320261437909
True,False,0.5,False,43,"../TransitionSystems/MonteCarloExample_kjl/TS_[3, 3]_12_43.yaml","../OutputFiles/MonteCarloExample_kjl/Solution_(True, False, 0.5, False)_[3, 3]_12_43",3,3,"F[0, 20] T(1, green {(IR, 2), (Vis, 2)}) &&  G[20,40] F[0,10] T(1, blue, {(UV, 1), (Mo, 2)}) && F[5,25] T(2,yellow,{(UV,2),(Vis,2)}) && F[3,18] T(2,orange,{(Vis,2)}) && F[20,30] T(2,orange,{(Vis,2)})",12,4.292418956756592,7057,9371,-1.0,1.0,0.20833333333333334
True,False,0.5,True,43,"../TransitionSystems/MonteCarloExample_kjl/TS_[3, 3]_12_43.yaml","../OutputFiles/MonteCarloExample_kjl/Solution_(True, False, 0.5, True)_[3, 3]_12_43",3,3,"F[0, 20] T(1, green {(IR, 2), (Vis, 2)}) &&  G[20,40] F[0,10] T(1, blue, {(UV, 1), (Mo, 2)}) && F[5,25] T(2,yellow,{(UV,2),(Vis,2)}) && F[3,18] T(2,orange,{(Vis,2)}) && F[20,30] T(2,orange,{(Vis,2)})",12,0.806941032409668,7057,9371,-1.0,1.0,0.17483660130718953
False,True,0.5,False,43,"../TransitionSystems/MonteCarloExample_kjl/TS_[3, 3]_12_43.yaml","../OutputFiles/MonteCarloExample_kjl/Solution_(False, True, 0.5, False)_[3, 3]_12_43",3,3,"F[0, 20] T(1, green {(IR, 2), (Vis, 2)}) &&  G[20,40] F[0,10] T(1, blue, {(UV, 1), (Mo, 2)}) && F[5,25] T(2,yellow,{(UV,2),(Vis,2)}) && F[3,18] T(2,orange,{(Vis,2)}) && F[20,30] T(2,orange,{(Vis,2)})",12,14.683881998062134,7057,9371,0.0,0.0,0.00980392156862745
True,True,0.5,True,43,"../TransitionSystems/MonteCarloExample_kjl/TS_[3, 3]_12_43.yaml","../OutputFiles/MonteCarloExample_kjl/Solution_(True, True, 0.5, True)_[3, 3]_12_43",3,3,"F[0, 20] T(1, green {(IR, 2), (Vis, 2)}) &&  G[20,40] F[0,10] T(1, blue, {(UV, 1), (Mo, 2)}) && F[5,25] T(2,yellow,{(UV,2),(Vis,2)}) && F[3,18] T(2,orange,{(Vis,2)}) && F[20,30] T(2,orange,{(Vis,2)})",12,23.70513606071472,7057,9371,-1.0,1.0,0.027777777777777783
True,True,0.5,False,43,"../TransitionSystems/MonteCarloExample_kjl/TS_[3, 3]_12_43.yaml","../OutputFiles/MonteCarloExample_kjl/Solution_(True, True, 0.5, False)_[3, 3]_12_43",3,3,"F[0, 20] T(1, green {(IR, 2), (Vis, 2)}) &&  G[20,40] F[0,10] T(1, blue, {(UV, 1), (Mo, 2)}) && F[5,25] T(2,yellow,{(UV,2),(Vis,2)}) && F[3,18] T(2,orange,{(Vis,2)}) && F[20,30] T(2,orange,{(Vis,2)})",12,181.3860731124878,7057,9371,-1.0,1.0,0.027777777777777776
False,False,0.5,False,46,"../TransitionSystems/MonteCarloExample_kjl/TS_[3, 3]_12_46.yaml","../OutputFiles/MonteCarloExample_kjl/Solution_(False, False, 0.5, False)_[3, 3]_12_46",3,3,"F[0, 20] T(1, green {(IR, 2), (Vis, 2)}) &&  G[20,40] F[0,10] T(1, blue, {(UV, 1), (Mo, 2)}) && F[5,25] T(2,yellow,{(UV,2),(Vis,2)}) && F[3,18] T(2,orange,{(Vis,2)}) && F[20,30] T(2,orange,{(Vis,2)})",12,1.1410541534423828,6877,9311,0.0,-0.0,0.16339869281045755
True,False,0.5,False,46,"../TransitionSystems/MonteCarloExample_kjl/TS_[3, 3]_12_46.yaml","../OutputFiles/MonteCarloExample_kjl/Solution_(True, False, 0.5, False)_[3, 3]_12_46",3,3,"F[0, 20] T(1, green {(IR, 2), (Vis, 2)}) &&  G[20,40] F[0,10] T(1, blue, {(UV, 1), (Mo, 2)}) && F[5,25] T(2,yellow,{(UV,2),(Vis,2)}) && F[3,18] T(2,orange,{(Vis,2)}) && F[20,30] T(2,orange,{(Vis,2)})",12,1.6366100311279297,6877,9311,-1.0,1.0,0.16013071895424835
True,False,0.5,True,46,"../TransitionSystems/MonteCarloExample_kjl/TS_[3, 3]_12_46.yaml","../OutputFiles/MonteCarloExample_kjl/Solution_(True, False, 0.5, True)_[3, 3]_12_46",3,3,"F[0, 20] T(1, green {(IR, 2), (Vis, 2)}) &&  G[20,40] F[0,10] T(1, blue, {(UV, 1), (Mo, 2)}) && F[5,25] T(2,yellow,{(UV,2),(Vis,2)}) && F[3,18] T(2,orange,{(Vis,2)}) && F[20,30] T(2,orange,{(Vis,2)})",12,0.6088969707489014,6877,9311,-1.0,1.0,0.12009803921568628
False,True,0.5,False,46,"../TransitionSystems/MonteCarloExample_kjl/TS_[3, 3]_12_46.yaml","../OutputFiles/MonteCarloExample_kjl/Solution_(False, True, 0.5, False)_[3, 3]_12_46",3,3,"F[0, 20] T(1, green {(IR, 2), (Vis, 2)}) &&  G[20,40] F[0,10] T(1, blue, {(UV, 1), (Mo, 2)}) && F[5,25] T(2,yellow,{(UV,2),(Vis,2)}) && F[3,18] T(2,orange,{(Vis,2)}) && F[20,30] T(2,orange,{(Vis,2)})",12,5.0052900314331055,6877,9311,0.0,-0.0,0.014705882352941178
True,True,0.5,True,46,"../TransitionSystems/MonteCarloExample_kjl/TS_[3, 3]_12_46.yaml","../OutputFiles/MonteCarloExample_kjl/Solution_(True, True, 0.5, True)_[3, 3]_12_46",3,3,"F[0, 20] T(1, green {(IR, 2), (Vis, 2)}) &&  G[20,40] F[0,10] T(1, blue, {(UV, 1), (Mo, 2)}) && F[5,25] T(2,yellow,{(UV,2),(Vis,2)}) && F[3,18] T(2,orange,{(Vis,2)}) && F[20,30] T(2,orange,{(Vis,2)})",12,32.900081157684326,6877,9311,-1.0,1.0,0.03104575163398693
True,True,0.5,False,46,"../TransitionSystems/MonteCarloExample_kjl/TS_[3, 3]_12_46.yaml","../OutputFiles/MonteCarloExample_kjl/Solution_(True, True, 0.5, False)_[3, 3]_12_46",3,3,"F[0, 20] T(1, green {(IR, 2), (Vis, 2)}) &&  G[20,40] F[0,10] T(1, blue, {(UV, 1), (Mo, 2)}) && F[5,25] T(2,yellow,{(UV,2),(Vis,2)}) && F[3,18] T(2,orange,{(Vis,2)}) && F[20,30] T(2,orange,{(Vis,2)})",12,10.662693977355957,6877,9311,-1.0,1.0,0.03104575163398693
False,False,0.5,False,48,"../TransitionSystems/MonteCarloExample_kjl/TS_[3, 3]_12_48.yaml","../OutputFiles/MonteCarloExample_kjl/Solution_(False, False, 0.5, False)_[3, 3]_12_48",3,3,"F[0, 20] T(1, green {(IR, 2), (Vis, 2)}) &&  G[20,40] F[0,10] T(1, blue, {(UV, 1), (Mo, 2)}) && F[5,25] T(2,yellow,{(UV,2),(Vis,2)}) && F[3,18] T(2,orange,{(Vis,2)}) && F[20,30] T(2,orange,{(Vis,2)})",12,0.6133449077606201,7009,9355,0.0,-0.0,0.11764705882352941
True,False,0.5,False,48,"../TransitionSystems/MonteCarloExample_kjl/TS_[3, 3]_12_48.yaml","../OutputFiles/MonteCarloExample_kjl/Solution_(True, False, 0.5, False)_[3, 3]_12_48",3,3,"F[0, 20] T(1, green {(IR, 2), (Vis, 2)}) &&  G[20,40] F[0,10] T(1, blue, {(UV, 1), (Mo, 2)}) && F[5,25] T(2,yellow,{(UV,2),(Vis,2)}) && F[3,18] T(2,orange,{(Vis,2)}) && F[20,30] T(2,orange,{(Vis,2)})",12,2.5512571334838867,7009,9355,-1.0,1.0,0.20016339869281047
True,False,0.5,True,48,"../TransitionSystems/MonteCarloExample_kjl/TS_[3, 3]_12_48.yaml","../OutputFiles/MonteCarloExample_kjl/Solution_(True, False, 0.5, True)_[3, 3]_12_48",3,3,"F[0, 20] T(1, green {(IR, 2), (Vis, 2)}) &&  G[20,40] F[0,10] T(1, blue, {(UV, 1), (Mo, 2)}) && F[5,25] T(2,yellow,{(UV,2),(Vis,2)}) && F[3,18] T(2,orange,{(Vis,2)}) && F[20,30] T(2,orange,{(Vis,2)})",12,0.7486209869384766,7009,9355,-1.0,1.0,0.16503267973856206
False,True,0.5,False,48,"../TransitionSystems/MonteCarloExample_kjl/TS_[3, 3]_12_48.yaml","../OutputFiles/MonteCarloExample_kjl/Solution_(False, True, 0.5, False)_[3, 3]_12_48",3,3,"F[0, 20] T(1, green {(IR, 2), (Vis, 2)}) &&  G[20,40] F[0,10] T(1, blue, {(UV, 1), (Mo, 2)}) && F[5,25] T(2,yellow,{(UV,2),(Vis,2)}) && F[3,18] T(2,orange,{(Vis,2)}) && F[20,30] T(2,orange,{(Vis,2)})",12,600.9267838001251,7009,9355,0.0,0.0,0.025326797385620915
True,True,0.5,True,48,"../TransitionSystems/MonteCarloExample_kjl/TS_[3, 3]_12_48.yaml","../OutputFiles/MonteCarloExample_kjl/Solution_(True, True, 0.5, True)_[3, 3]_12_48",3,3,"F[0, 20] T(1, green {(IR, 2), (Vis, 2)}) &&  G[20,40] F[0,10] T(1, blue, {(UV, 1), (Mo, 2)}) && F[5,25] T(2,yellow,{(UV,2),(Vis,2)}) && F[3,18] T(2,orange,{(Vis,2)}) && F[20,30] T(2,orange,{(Vis,2)})",12,37.978086948394775,7009,9355,-1.0,1.0,0.0522875816993464
True,True,0.5,False,48,"../TransitionSystems/MonteCarloExample_kjl/TS_[3, 3]_12_48.yaml","../OutputFiles/MonteCarloExample_kjl/Solution_(True, True, 0.5, False)_[3, 3]_12_48",3,3,"F[0, 20] T(1, green {(IR, 2), (Vis, 2)}) &&  G[20,40] F[0,10] T(1, blue, {(UV, 1), (Mo, 2)}) && F[5,25] T(2,yellow,{(UV,2),(Vis,2)}) && F[3,18] T(2,orange,{(Vis,2)}) && F[20,30] T(2,orange,{(Vis,2)})",12,194.3666319847107,7009,9355,-1.0,1.0,0.0522875816993464
False,False,0.5,False,49,"../TransitionSystems/MonteCarloExample_kjl/TS_[3, 3]_12_49.yaml","../OutputFiles/MonteCarloExample_kjl/Solution_(False, False, 0.5, False)_[3, 3]_12_49",3,3,"F[0, 20] T(1, green {(IR, 2), (Vis, 2)}) &&  G[20,40] F[0,10] T(1, blue, {(UV, 1), (Mo, 2)}) && F[5,25] T(2,yellow,{(UV,2),(Vis,2)}) && F[3,18] T(2,orange,{(Vis,2)}) && F[20,30] T(2,orange,{(Vis,2)})",12,0.5343549251556396,6877,9311,0.0,-0.0,0.10130718954248366
True,False,0.5,False,49,"../TransitionSystems/MonteCarloExample_kjl/TS_[3, 3]_12_49.yaml","../OutputFiles/MonteCarloExample_kjl/Solution_(True, False, 0.5, False)_[3, 3]_12_49",3,3,"F[0, 20] T(1, green {(IR, 2), (Vis, 2)}) &&  G[20,40] F[0,10] T(1, blue, {(UV, 1), (Mo, 2)}) && F[5,25] T(2,yellow,{(UV,2),(Vis,2)}) && F[3,18] T(2,orange,{(Vis,2)}) && F[20,30] T(2,orange,{(Vis,2)})",12,1.0009450912475586,6877,9311,-1.0,1.0,0.190359477124183
True,False,0.5,True,49,"../TransitionSystems/MonteCarloExample_kjl/TS_[3, 3]_12_49.yaml","../OutputFiles/MonteCarloExample_kjl/Solution_(True, False, 0.5, True)_[3, 3]_12_49",3,3,"F[0, 20] T(1, green {(IR, 2), (Vis, 2)}) &&  G[20,40] F[0,10] T(1, blue, {(UV, 1), (Mo, 2)}) && F[5,25] T(2,yellow,{(UV,2),(Vis,2)}) && F[3,18] T(2,orange,{(Vis,2)}) && F[20,30] T(2,orange,{(Vis,2)})",12,0.5280969142913818,6877,9311,-1.0,1.0,0.17565359477124187
False,True,0.5,False,49,"../TransitionSystems/MonteCarloExample_kjl/TS_[3, 3]_12_49.yaml","../OutputFiles/MonteCarloExample_kjl/Solution_(False, True, 0.5, False)_[3, 3]_12_49",3,3,"F[0, 20] T(1, green {(IR, 2), (Vis, 2)}) &&  G[20,40] F[0,10] T(1, blue, {(UV, 1), (Mo, 2)}) && F[5,25] T(2,yellow,{(UV,2),(Vis,2)}) && F[3,18] T(2,orange,{(Vis,2)}) && F[20,30] T(2,orange,{(Vis,2)})",12,77.24452805519104,6877,9311,0.0,0.0,0.015522875816993464
True,True,0.5,True,49,"../TransitionSystems/MonteCarloExample_kjl/TS_[3, 3]_12_49.yaml","../OutputFiles/MonteCarloExample_kjl/Solution_(True, True, 0.5, True)_[3, 3]_12_49",3,3,"F[0, 20] T(1, green {(IR, 2), (Vis, 2)}) &&  G[20,40] F[0,10] T(1, blue, {(UV, 1), (Mo, 2)}) && F[5,25] T(2,yellow,{(UV,2),(Vis,2)}) && F[3,18] T(2,orange,{(Vis,2)}) && F[20,30] T(2,orange,{(Vis,2)})",12,92.397864818573,6877,9311,-1.0,1.0,0.03186274509803923
True,True,0.5,False,49,"../TransitionSystems/MonteCarloExample_kjl/TS_[3, 3]_12_49.yaml","../OutputFiles/MonteCarloExample_kjl/Solution_(True, True, 0.5, False)_[3, 3]_12_49",3,3,"F[0, 20] T(1, green {(IR, 2), (Vis, 2)}) &&  G[20,40] F[0,10] T(1, blue, {(UV, 1), (Mo, 2)}) && F[5,25] T(2,yellow,{(UV,2),(Vis,2)}) && F[3,18] T(2,orange,{(Vis,2)}) && F[20,30] T(2,orange,{(Vis,2)})",12,9.934571027755737,6877,9311,-1.0,1.0,0.031862745098039214
